#ifndef MODEL_DATA_RNN_H
#define MODEL_DATA_RNN_H

#include <cstdint>

// RNN model data - 42912 bytes
// Generated from TensorFlow Lite model

const unsigned char g_model_data[] = {
    0x1c, 0x00, 0x00, 0x00, 0x54, 0x46, 0x4c, 0x33, 0x14, 0x00, 0x20, 0x00,
    0x1c, 0x00, 0x18, 0x00, 0x14, 0x00, 0x10, 0x00, 0x0c, 0x00, 0x00, 0x00,
    0x08, 0x00, 0x04, 0x00, 0x14, 0x00, 0x00, 0x00, 0x1c, 0x00, 0x00, 0x00,
    0x90, 0x00, 0x00, 0x00, 0x08, 0x01, 0x00, 0x00, 0x60, 0x28, 0x00, 0x00,
    0x70, 0x28, 0x00, 0x00, 0x4c, 0xa5, 0x00, 0x00, 0x03, 0x00, 0x00, 0x00,
    0x01, 0x00, 0x00, 0x00, 0x04, 0x00, 0x00, 0x00, 0x56, 0x82, 0xff, 0xff,
    0x0c, 0x00, 0x00, 0x00, 0x1c, 0x00, 0x00, 0x00, 0x3c, 0x00, 0x00, 0x00,
    0x0f, 0x00, 0x00, 0x00, 0x73, 0x65, 0x72, 0x76, 0x69, 0x6e, 0x67, 0x5f,
    0x64, 0x65, 0x66, 0x61, 0x75, 0x6c, 0x74, 0x00, 0x01, 0x00, 0x00, 0x00,
    0x04, 0x00, 0x00, 0x00, 0xf4, 0x83, 0xff, 0xff, 0x40, 0x00, 0x00, 0x00,
    0x04, 0x00, 0x00, 0x00, 0x08, 0x00, 0x00, 0x00, 0x6f, 0x75, 0x74, 0x70,
    0x75, 0x74, 0x5f, 0x30, 0x00, 0x00, 0x00, 0x00, 0x01, 0x00, 0x00, 0x00,
    0x04, 0x00, 0x00, 0x00, 0x5e, 0x82, 0xff, 0xff, 0x04, 0x00, 0x00, 0x00,
    0x10, 0x00, 0x00, 0x00, 0x6b, 0x65, 0x72, 0x61, 0x73, 0x5f, 0x74, 0x65,
    0x6e, 0x73, 0x6f, 0x72, 0x5f, 0x31, 0x33, 0x38, 0x00, 0x00, 0x00, 0x00,
    0x03, 0x00, 0x00, 0x00, 0x54, 0x00, 0x00, 0x00, 0x2c, 0x00, 0x00, 0x00,
    0x04, 0x00, 0x00, 0x00, 0x48, 0x84, 0xff, 0xff, 0xa1, 0x00, 0x00, 0x00,
    0x04, 0x00, 0x00, 0x00, 0x13, 0x00, 0x00, 0x00, 0x43, 0x4f, 0x4e, 0x56,
    0x45, 0x52, 0x53, 0x49, 0x4f, 0x4e, 0x5f, 0x4d, 0x45, 0x54, 0x41, 0x44,
    0x41, 0x54, 0x41, 0x00, 0x6c, 0x84, 0xff, 0xff, 0xa0, 0x00, 0x00, 0x00,
    0x04, 0x00, 0x00, 0x00, 0x13, 0x00, 0x00, 0x00, 0x6d, 0x69, 0x6e, 0x5f,
    0x72, 0x75, 0x6e, 0x74, 0x69, 0x6d, 0x65, 0x5f, 0x76, 0x65, 0x72, 0x73,
    0x69, 0x6f, 0x6e, 0x00, 0x90, 0x84, 0xff, 0xff, 0x9f, 0x00, 0x00, 0x00,
    0x04, 0x00, 0x00, 0x00, 0x13, 0x00, 0x00, 0x00, 0x6d, 0x69, 0x6e, 0x5f,
    0x72, 0x75, 0x6e, 0x74, 0x69, 0x6d, 0x65, 0x5f, 0x76, 0x65, 0x72, 0x73,
    0x69, 0x6f, 0x6e, 0x00, 0xa2, 0x00, 0x00, 0x00, 0x54, 0x27, 0x00, 0x00,
    0x4c, 0x27, 0x00, 0x00, 0x34, 0x27, 0x00, 0x00, 0x20, 0x27, 0x00, 0x00,
    0x08, 0x27, 0x00, 0x00, 0xf4, 0x26, 0x00, 0x00, 0xe0, 0x26, 0x00, 0x00,
    0xd8, 0x26, 0x00, 0x00, 0xc4, 0x26, 0x00, 0x00, 0xa8, 0x26, 0x00, 0x00,
    0xa0, 0x26, 0x00, 0x00, 0x8c, 0x26, 0x00, 0x00, 0x70, 0x26, 0x00, 0x00,
    0x54, 0x26, 0x00, 0x00, 0x38, 0x26, 0x00, 0x00, 0x18, 0x26, 0x00, 0x00,
    0x88, 0x25, 0x00, 0x00, 0xf8, 0x24, 0x00, 0x00, 0xe8, 0x22, 0x00, 0x00,
    0xb8, 0x22, 0x00, 0x00, 0x88, 0x22, 0x00, 0x00, 0x74, 0x22, 0x00, 0x00,
    0x6c, 0x22, 0x00, 0x00, 0x64, 0x22, 0x00, 0x00, 0x5c, 0x22, 0x00, 0x00,
    0x54, 0x22, 0x00, 0x00, 0x4c, 0x22, 0x00, 0x00, 0x44, 0x22, 0x00, 0x00,
    0x3c, 0x22, 0x00, 0x00, 0x34, 0x22, 0x00, 0x00, 0x2c, 0x22, 0x00, 0x00,
    0x24, 0x22, 0x00, 0x00, 0x1c, 0x22, 0x00, 0x00, 0x14, 0x22, 0x00, 0x00,
    0x0c, 0x22, 0x00, 0x00, 0x04, 0x22, 0x00, 0x00, 0xfc, 0x21, 0x00, 0x00,
    0xf4, 0x21, 0x00, 0x00, 0xec, 0x21, 0x00, 0x00, 0xe4, 0x21, 0x00, 0x00,
    0xdc, 0x21, 0x00, 0x00, 0xd4, 0x21, 0x00, 0x00, 0xcc, 0x21, 0x00, 0x00,
    0xc4, 0x21, 0x00, 0x00, 0xbc, 0x21, 0x00, 0x00, 0xb4, 0x21, 0x00, 0x00,
    0xac, 0x21, 0x00, 0x00, 0xa4, 0x21, 0x00, 0x00, 0x9c, 0x21, 0x00, 0x00,
    0x94, 0x21, 0x00, 0x00, 0x8c, 0x21, 0x00, 0x00, 0x84, 0x21, 0x00, 0x00,
    0x7c, 0x21, 0x00, 0x00, 0x74, 0x21, 0x00, 0x00, 0x6c, 0x21, 0x00, 0x00,
    0x64, 0x21, 0x00, 0x00, 0x5c, 0x21, 0x00, 0x00, 0x54, 0x21, 0x00, 0x00,
    0x4c, 0x21, 0x00, 0x00, 0x44, 0x21, 0x00, 0x00, 0x3c, 0x21, 0x00, 0x00,
    0x34, 0x21, 0x00, 0x00, 0x2c, 0x21, 0x00, 0x00, 0x24, 0x21, 0x00, 0x00,
    0x1c, 0x21, 0x00, 0x00, 0x14, 0x21, 0x00, 0x00, 0x0c, 0x21, 0x00, 0x00,
    0x04, 0x21, 0x00, 0x00, 0xfc, 0x20, 0x00, 0x00, 0xf4, 0x20, 0x00, 0x00,
    0xec, 0x20, 0x00, 0x00, 0xe4, 0x20, 0x00, 0x00, 0xdc, 0x20, 0x00, 0x00,
    0xd4, 0x20, 0x00, 0x00, 0xcc, 0x20, 0x00, 0x00, 0xc4, 0x20, 0x00, 0x00,
    0xbc, 0x20, 0x00, 0x00, 0xb4, 0x20, 0x00, 0x00, 0xac, 0x20, 0x00, 0x00,
    0xa4, 0x20, 0x00, 0x00, 0x9c, 0x20, 0x00, 0x00, 0x94, 0x20, 0x00, 0x00,
    0x8c, 0x20, 0x00, 0x00, 0xfc, 0x1f, 0x00, 0x00, 0x6c, 0x1f, 0x00, 0x00,
    0x5c, 0x0f, 0x00, 0x00, 0x54, 0x0f, 0x00, 0x00, 0x4c, 0x0f, 0x00, 0x00,
    0x44, 0x0f, 0x00, 0x00, 0x3c, 0x0f, 0x00, 0x00, 0x34, 0x0f, 0x00, 0x00,
    0x2c, 0x0f, 0x00, 0x00, 0x24, 0x0f, 0x00, 0x00, 0x1c, 0x0f, 0x00, 0x00,
    0x14, 0x0f, 0x00, 0x00, 0x0c, 0x0f, 0x00, 0x00, 0x04, 0x0f, 0x00, 0x00,
    0xfc, 0x0e, 0x00, 0x00, 0xf4, 0x0e, 0x00, 0x00, 0xec, 0x0e, 0x00, 0x00,
    0xe4, 0x0e, 0x00, 0x00, 0xdc, 0x0e, 0x00, 0x00, 0xd4, 0x0e, 0x00, 0x00,
    0xcc, 0x0e, 0x00, 0x00, 0xc4, 0x0e, 0x00, 0x00, 0xbc, 0x0e, 0x00, 0x00,
    0xb4, 0x0e, 0x00, 0x00, 0xac, 0x0e, 0x00, 0x00, 0xa4, 0x0e, 0x00, 0x00,
    0x9c, 0x0e, 0x00, 0x00, 0x94, 0x0e, 0x00, 0x00, 0x8c, 0x0e, 0x00, 0x00,
    0x84, 0x0e, 0x00, 0x00, 0x7c, 0x0e, 0x00, 0x00, 0x74, 0x0e, 0x00, 0x00,
    0x6c, 0x0e, 0x00, 0x00, 0x64, 0x0e, 0x00, 0x00, 0x5c, 0x0e, 0x00, 0x00,
    0x54, 0x0e, 0x00, 0x00, 0x4c, 0x0e, 0x00, 0x00, 0x44, 0x0e, 0x00, 0x00,
    0x3c, 0x0e, 0x00, 0x00, 0x34, 0x0e, 0x00, 0x00, 0x2c, 0x0e, 0x00, 0x00,
    0x24, 0x0e, 0x00, 0x00, 0x1c, 0x0e, 0x00, 0x00, 0x14, 0x0e, 0x00, 0x00,
    0x0c, 0x0e, 0x00, 0x00, 0x04, 0x0e, 0x00, 0x00, 0xfc, 0x0d, 0x00, 0x00,
    0xac, 0x0d, 0x00, 0x00, 0x9c, 0x05, 0x00, 0x00, 0x8c, 0x01, 0x00, 0x00,
    0x84, 0x01, 0x00, 0x00, 0x7c, 0x01, 0x00, 0x00, 0x74, 0x01, 0x00, 0x00,
    0x6c, 0x01, 0x00, 0x00, 0x64, 0x01, 0x00, 0x00, 0x5c, 0x01, 0x00, 0x00,
    0x54, 0x01, 0x00, 0x00, 0x4c, 0x01, 0x00, 0x00, 0x44, 0x01, 0x00, 0x00,
    0x3c, 0x01, 0x00, 0x00, 0x34, 0x01, 0x00, 0x00, 0x2c, 0x01, 0x00, 0x00,
    0x24, 0x01, 0x00, 0x00, 0x1c, 0x01, 0x00, 0x00, 0x14, 0x01, 0x00, 0x00,
    0x0c, 0x01, 0x00, 0x00, 0x04, 0x01, 0x00, 0x00, 0xfc, 0x00, 0x00, 0x00,
    0xf4, 0x00, 0x00, 0x00, 0xec, 0x00, 0x00, 0x00, 0xe4, 0x00, 0x00, 0x00,
    0xdc, 0x00, 0x00, 0x00, 0xd4, 0x00, 0x00, 0x00, 0xcc, 0x00, 0x00, 0x00,
    0xc4, 0x00, 0x00, 0x00, 0xbc, 0x00, 0x00, 0x00, 0x9c, 0x00, 0x00, 0x00,
    0x7c, 0x00, 0x00, 0x00, 0x04, 0x00, 0x00, 0x00, 0x86, 0x85, 0xff, 0xff,
    0x04, 0x00, 0x00, 0x00, 0x68, 0x00, 0x00, 0x00, 0x0c, 0x00, 0x00, 0x00,
    0x08, 0x00, 0x0e, 0x00, 0x08, 0x00, 0x04, 0x00, 0x08, 0x00, 0x00, 0x00,
    0x14, 0x00, 0x00, 0x00, 0x30, 0x00, 0x00, 0x00, 0x00, 0x00, 0x0a, 0x00,
    0x0c, 0x00, 0x08, 0x00, 0x00, 0x00, 0x07, 0x00, 0x0a, 0x00, 0x00, 0x00,
    0x00, 0x00, 0x00, 0x01, 0x04, 0x00, 0x00, 0x00, 0x01, 0x00, 0x00, 0x00,
    0xeb, 0x03, 0x00, 0x00, 0x0c, 0x00, 0x18, 0x00, 0x14, 0x00, 0x10, 0x00,
    0x0c, 0x00, 0x04, 0x00, 0x0c, 0x00, 0x00, 0x00, 0x40, 0x84, 0x79, 0xa9,
    0x4c, 0xc4, 0x74, 0xdd, 0x02, 0x00, 0x00, 0x00, 0x02, 0x00, 0x00, 0x00,
    0x04, 0x00, 0x00, 0x00, 0x06, 0x00, 0x00, 0x00, 0x32, 0x2e, 0x31, 0x39,
    0x2e, 0x30, 0x00, 0x00, 0xfa, 0x85, 0xff, 0xff, 0x04, 0x00, 0x00, 0x00,
    0x10, 0x00, 0x00, 0x00, 0x00, 0x00, 0x00, 0x00, 0x00, 0x00, 0x00, 0x00,
    0x00, 0x00, 0x00, 0x00, 0x00, 0x00, 0x00, 0x00, 0x16, 0x86, 0xff, 0xff,
    0x04, 0x00, 0x00, 0x00, 0x10, 0x00, 0x00, 0x00, 0x32, 0x2e, 0x35, 0x2e,
    0x30, 0x00, 0x00, 0x00, 0x00, 0x00, 0x00, 0x00, 0x00, 0x00, 0x00, 0x00,
    0xb4, 0x5f, 0xff, 0xff, 0xb8, 0x5f, 0xff, 0xff, 0xbc, 0x5f, 0xff, 0xff,
    0xc0, 0x5f, 0xff, 0xff, 0xc4, 0x5f, 0xff, 0xff, 0xc8, 0x5f, 0xff, 0xff,
    0xcc, 0x5f, 0xff, 0xff, 0xd0, 0x5f, 0xff, 0xff, 0xd4, 0x5f, 0xff, 0xff,
    0xd8, 0x5f, 0xff, 0xff, 0xdc, 0x5f, 0xff, 0xff, 0xe0, 0x5f, 0xff, 0xff,
    0xe4, 0x5f, 0xff, 0xff, 0xe8, 0x5f, 0xff, 0xff, 0xec, 0x5f, 0xff, 0xff,
    0xf0, 0x5f, 0xff, 0xff, 0xf4, 0x5f, 0xff, 0xff, 0xf8, 0x5f, 0xff, 0xff,
    0xfc, 0x5f, 0xff, 0xff, 0x00, 0x60, 0xff, 0xff, 0x04, 0x60, 0xff, 0xff,
    0x08, 0x60, 0xff, 0xff, 0x0c, 0x60, 0xff, 0xff, 0x10, 0x60, 0xff, 0xff,
    0x14, 0x60, 0xff, 0xff, 0x18, 0x60, 0xff, 0xff, 0x9a, 0x86, 0xff, 0xff,
    0x04, 0x00, 0x00, 0x00, 0x00, 0x04, 0x00, 0x00, 0xf9, 0x84, 0x61, 0xab,
    0x6d, 0xe4, 0xec, 0xce, 0x53, 0xf9, 0x7f, 0xa2, 0xfc, 0x17, 0x55, 0xc5,
    0xdd, 0x89, 0xa2, 0x73, 0x7f, 0x15, 0x4e, 0xc2, 0x92, 0x7e, 0x4a, 0xbc,
    0x52, 0x07, 0x12, 0xfb, 0x20, 0xe7, 0x47, 0x3e, 0x12, 0x5d, 0x2e, 0x1c,
    0xed, 0xc2, 0xe8, 0x43, 0xfc, 0x81, 0xb6, 0x03, 0xb1, 0xc4, 0xdc, 0x20,
    0xce, 0x07, 0x0c, 0x02, 0xc4, 0x04, 0xbb, 0x26, 0x66, 0xbe, 0xde, 0x7f,
    0xc9, 0x90, 0xf0, 0x32, 0xf3, 0xd1, 0x2c, 0x70, 0x7f, 0x75, 0xea, 0xd0,
    0x29, 0xb1, 0xd0, 0xf4, 0x17, 0xf3, 0xd5, 0xef, 0xc5, 0xbf, 0x1a, 0xd2,
    0xdf, 0x7a, 0x7f, 0xb8, 0x39, 0xb6, 0x6a, 0x17, 0x86, 0x05, 0x68, 0xc0,
    0xdf, 0x03, 0x23, 0x9d, 0xd0, 0x7f, 0x4d, 0x42, 0xaf, 0xd6, 0xd7, 0x2f,
    0xac, 0x9e, 0x9a, 0xc9, 0x00, 0xe1, 0x29, 0x34, 0xb7, 0x0e, 0xee, 0x7f,
    0x00, 0x45, 0x02, 0xe0, 0xec, 0xd7, 0xa3, 0x42, 0xd7, 0x53, 0xfd, 0x48,
    0xe1, 0xd2, 0x3d, 0xf2, 0x1e, 0xee, 0x02, 0x81, 0x2f, 0x20, 0x1f, 0x81,
    0xb1, 0x59, 0x63, 0x5b, 0x2f, 0x3b, 0x3f, 0xf2, 0x65, 0x3a, 0xd8, 0x0f,
    0x36, 0x9a, 0xc7, 0x99, 0x93, 0xcc, 0xc2, 0xd4, 0x9a, 0x90, 0x85, 0x9a,
    0xea, 0x81, 0x1a, 0x92, 0x3d, 0xe0, 0x27, 0xdc, 0xdf, 0xf1, 0x81, 0xf0,
    0xc3, 0xde, 0xbb, 0xd5, 0x0d, 0x40, 0x02, 0x3d, 0xdb, 0xbe, 0xd7, 0x2c,
    0x9c, 0xf8, 0xe0, 0x00, 0xf5, 0xd8, 0x24, 0xe3, 0x35, 0x81, 0xfa, 0xb6,
    0x98, 0xe7, 0x0c, 0xc6, 0x08, 0x7f, 0xeb, 0x0f, 0xec, 0xe1, 0xe8, 0xd3,
    0x0a, 0xc3, 0xc4, 0xa6, 0xe4, 0xac, 0x22, 0x36, 0x55, 0x1a, 0xc6, 0x29,
    0x45, 0xe2, 0x3f, 0xd3, 0xdb, 0x3f, 0xd5, 0x7f, 0x81, 0x09, 0x13, 0x85,
    0x2e, 0x00, 0x07, 0x3f, 0x2b, 0xb7, 0xb1, 0xf2, 0x34, 0x31, 0xe9, 0xfc,
    0x2c, 0xc1, 0x45, 0xe2, 0x86, 0x5d, 0x36, 0x8d, 0xae, 0x97, 0x6f, 0xb7,
    0x7f, 0x1c, 0xc3, 0xee, 0x05, 0x18, 0x3c, 0x10, 0x34, 0xe1, 0x81, 0x10,
    0xc3, 0x22, 0xde, 0xdf, 0x0b, 0xf0, 0x1c, 0xd5, 0xd0, 0x47, 0xd7, 0x2b,
    0x2d, 0xee, 0x2f, 0x42, 0xdc, 0x19, 0x2d, 0xb6, 0x69, 0xf6, 0x81, 0xfd,
    0xbd, 0xb1, 0x14, 0xbe, 0x05, 0xb0, 0x6e, 0x3a, 0xbb, 0x04, 0x0f, 0xf1,
    0x7f, 0xe1, 0xda, 0x07, 0x6b, 0xa4, 0xc5, 0x1a, 0x81, 0x5f, 0x45, 0x09,
    0x9b, 0x14, 0xde, 0xb4, 0x05, 0x3e, 0xfc, 0xd6, 0x07, 0xb6, 0xa6, 0xff,
    0xde, 0x7f, 0xcd, 0x14, 0x33, 0x56, 0xa9, 0xb8, 0xda, 0xd4, 0xd7, 0x22,
    0xae, 0xf6, 0x35, 0x7f, 0x1f, 0xc6, 0xfe, 0x43, 0xed, 0x1f, 0xde, 0xf5,
    0xab, 0x2e, 0xb5, 0xd3, 0x9d, 0xd1, 0x59, 0x3c, 0x79, 0x71, 0xe7, 0x0a,
    0x81, 0x52, 0xab, 0xe7, 0x0f, 0x6a, 0x8b, 0x1a, 0x3c, 0xd2, 0xc0, 0xd8,
    0x25, 0xfd, 0xc9, 0xe7, 0xf1, 0xe2, 0x4d, 0x0c, 0x35, 0xf1, 0x81, 0xde,
    0x35, 0x3f, 0x1f, 0x86, 0x19, 0x1f, 0x0e, 0x3f, 0x81, 0x2a, 0xe2, 0xf7,
    0x40, 0x79, 0xde, 0x64, 0x10, 0xee, 0xc7, 0x4f, 0x26, 0x17, 0x00, 0xea,
    0x16, 0x19, 0x09, 0x81, 0x3a, 0xf2, 0xe3, 0xe7, 0xf5, 0x04, 0x1e, 0x05,
    0xe9, 0x4d, 0x03, 0xf5, 0xef, 0x0f, 0xf9, 0xdd, 0x3a, 0xa9, 0xf4, 0x7f,
    0x47, 0x41, 0x81, 0x34, 0xff, 0xd2, 0x1f, 0x09, 0x45, 0x38, 0x60, 0x4f,
    0xb6, 0x1f, 0xb2, 0x0d, 0xcf, 0x1a, 0xdb, 0x12, 0x7f, 0xb0, 0x4b, 0x55,
    0x04, 0xd4, 0xb3, 0xf6, 0x42, 0xd9, 0xc9, 0xde, 0xfd, 0xe1, 0x31, 0x57,
    0x81, 0x3f, 0x25, 0x1a, 0xc8, 0xc2, 0x8e, 0xea, 0x11, 0x53, 0x9f, 0x61,
    0xc8, 0x35, 0x46, 0x57, 0xe9, 0x2e, 0xd3, 0x7f, 0x29, 0xe8, 0x03, 0x02,
    0x58, 0x6c, 0x59, 0x36, 0x2d, 0x7f, 0x51, 0x36, 0xd7, 0xbf, 0xcc, 0x18,
    0x39, 0xf2, 0xc8, 0xd8, 0x37, 0x01, 0xf3, 0xd1, 0xd5, 0x0e, 0xcc, 0xd2,
    0xf5, 0x00, 0xac, 0x4f, 0xb1, 0x11, 0x26, 0xbd, 0x2e, 0x22, 0xcc, 0x7f,
    0xcb, 0x7f, 0x28, 0xd4, 0x57, 0x9c, 0x53, 0xc0, 0xcc, 0xf5, 0xd7, 0xd9,
    0xf3, 0x1d, 0x1c, 0x01, 0x56, 0x64, 0x4c, 0x68, 0xd4, 0xef, 0x77, 0xfc,
    0x51, 0xee, 0xd3, 0x63, 0x6d, 0x47, 0x5b, 0x81, 0x26, 0x7f, 0xe8, 0x45,
    0xe3, 0x00, 0xb4, 0x41, 0x9c, 0xaa, 0x24, 0x30, 0xf3, 0xce, 0xf1, 0x31,
    0x9c, 0x04, 0x76, 0x7f, 0x15, 0x51, 0x1e, 0xe2, 0x42, 0x67, 0xb8, 0x57,
    0xf3, 0x63, 0xc4, 0x5e, 0x75, 0xaf, 0xf8, 0xe7, 0x73, 0x2e, 0xfd, 0x19,
    0xa0, 0x81, 0x69, 0x0d, 0xf5, 0xf8, 0xf6, 0x20, 0xe8, 0x22, 0x27, 0x3a,
    0xf8, 0xd9, 0xfc, 0x02, 0xf7, 0xd7, 0xef, 0x81, 0xaa, 0x0f, 0x2f, 0xff,
    0x79, 0xd6, 0xdd, 0xf2, 0x10, 0x05, 0x99, 0x92, 0x7f, 0x36, 0x9b, 0xe8,
    0xdf, 0x08, 0x08, 0xee, 0x81, 0x1a, 0xc3, 0xd6, 0x0d, 0x1a, 0xd4, 0x03,
    0x0a, 0xaf, 0x51, 0x0c, 0x33, 0xf7, 0x4f, 0xf5, 0xaf, 0xcb, 0xe9, 0xbd,
    0x45, 0xdc, 0x1e, 0xf3, 0x11, 0xdd, 0x4f, 0xb5, 0x2c, 0x62, 0x81, 0xed,
    0x98, 0x51, 0xc2, 0xe1, 0xf2, 0x2a, 0x08, 0xda, 0xe6, 0x09, 0x74, 0x81,
    0xa4, 0xd4, 0xb1, 0xd1, 0xfe, 0xfc, 0x81, 0xca, 0xc7, 0xcb, 0x09, 0x22,
    0x26, 0x06, 0xe7, 0x27, 0xe7, 0xfb, 0xd2, 0x1c, 0x44, 0x0f, 0x81, 0xfb,
    0x11, 0x86, 0x33, 0x02, 0x96, 0x54, 0xfc, 0xba, 0xc7, 0xb8, 0xa8, 0x00,
    0x18, 0x34, 0x16, 0x9e, 0x81, 0xf2, 0xf2, 0x52, 0xff, 0x35, 0x03, 0xd9,
    0xdb, 0x13, 0xb7, 0xc3, 0xab, 0x2b, 0x81, 0x0c, 0xee, 0x34, 0x0e, 0xc1,
    0x1b, 0x31, 0xdc, 0x29, 0x45, 0x6f, 0x24, 0xed, 0xeb, 0xd3, 0xe3, 0xef,
    0xe5, 0xed, 0x5e, 0x89, 0x81, 0xf9, 0x32, 0xba, 0x43, 0x5a, 0x2c, 0xf3,
    0xea, 0x81, 0xa5, 0x43, 0x14, 0x99, 0x22, 0x5a, 0xdc, 0xb7, 0x22, 0xd8,
    0x5f, 0xf6, 0x9c, 0xe7, 0xbd, 0xdb, 0xd2, 0x0b, 0x16, 0x15, 0x1e, 0x2c,
    0xd6, 0x5c, 0x03, 0xb6, 0x2f, 0x7f, 0x02, 0x15, 0xed, 0x9d, 0xb5, 0x3c,
    0xc6, 0xac, 0x1d, 0x81, 0xf8, 0xbb, 0x18, 0xe8, 0xfe, 0xbe, 0xa5, 0x1d,
    0x1d, 0xff, 0x81, 0xf6, 0x37, 0xc9, 0xe7, 0x2d, 0x15, 0x3c, 0x58, 0xcb,
    0x56, 0xda, 0x29, 0x25, 0xa9, 0x3c, 0x81, 0x16, 0xe2, 0x2f, 0x09, 0xfa,
    0xe0, 0xd2, 0x17, 0x06, 0xcd, 0x2a, 0xa3, 0x6b, 0x18, 0x4a, 0x2b, 0x3f,
    0x9b, 0xaf, 0xf7, 0x81, 0xbf, 0xf4, 0x0a, 0x0c, 0x08, 0x2f, 0xec, 0x32,
    0xa5, 0x2f, 0xfa, 0x49, 0x23, 0x18, 0x1c, 0x0a, 0xea, 0x24, 0x1e, 0xdc,
    0x7f, 0x1b, 0xd8, 0x20, 0xd1, 0x9a, 0x1b, 0x21, 0xb5, 0xdd, 0xcd, 0x20,
    0xf9, 0xef, 0x7f, 0x5c, 0x1a, 0xf6, 0x9e, 0xd9, 0x03, 0xef, 0x5c, 0xea,
    0x1d, 0x08, 0x7f, 0x09, 0x2c, 0xfa, 0xce, 0xbb, 0x02, 0x31, 0xe3, 0x43,
    0xe8, 0x13, 0xde, 0x7f, 0x45, 0x31, 0x5a, 0xe1, 0xe4, 0x1a, 0x27, 0x12,
    0x27, 0x39, 0x3b, 0x02, 0x4c, 0x39, 0xea, 0x03, 0x3b, 0x0d, 0xf8, 0x03,
    0xad, 0x7f, 0xed, 0x58, 0x28, 0x91, 0xcd, 0xee, 0x00, 0x0d, 0xcb, 0x60,
    0x3a, 0xff, 0x51, 0x18, 0xcc, 0xbd, 0x65, 0xeb, 0x20, 0x44, 0x81, 0xd4,
    0xc0, 0xe5, 0xc0, 0x06, 0x35, 0xe5, 0xeb, 0xbe, 0x10, 0xee, 0xe7, 0x15,
    0x7f, 0x13, 0xa5, 0x00, 0xd7, 0x81, 0x6d, 0x14, 0xcc, 0xe0, 0xbe, 0xba,
    0x0a, 0x0d, 0x0e, 0x15, 0x25, 0xcf, 0xdc, 0xf0, 0x01, 0xfe, 0xae, 0x3e,
    0x31, 0x48, 0x6e, 0xf1, 0x7f, 0xb9, 0xa6, 0x00, 0xb8, 0x23, 0x1a, 0x2c,
    0xa6, 0x8a, 0xff, 0xff, 0x04, 0x00, 0x00, 0x00, 0x00, 0x08, 0x00, 0x00,
    0xd4, 0xbd, 0xad, 0x6f, 0x5a, 0xfd, 0x07, 0xe3, 0x54, 0x6e, 0xe4, 0x89,
    0x99, 0x99, 0x1c, 0x16, 0x12, 0xf8, 0xb8, 0xa4, 0x74, 0xbd, 0xe5, 0x03,
    0xd1, 0x70, 0x45, 0x5a, 0x7f, 0x4d, 0x61, 0x4d, 0x2e, 0x96, 0x10, 0x07,
    0xc8, 0xaa, 0xb2, 0xd6, 0x00, 0x4d, 0x93, 0x69, 0xaa, 0xa4, 0x18, 0x47,
    0x24, 0x4c, 0x81, 0x1f, 0x14, 0x8e, 0x2a, 0xe6, 0xca, 0x45, 0x9d, 0x57,
    0x08, 0x51, 0xcb, 0x03, 0x36, 0xce, 0x91, 0x63, 0x31, 0x64, 0x41, 0x86,
    0xa6, 0xf3, 0xab, 0x93, 0x99, 0x61, 0xd5, 0x10, 0xd4, 0x28, 0x79, 0x19,
    0x75, 0x0a, 0x70, 0x49, 0xf7, 0x72, 0x7f, 0x5b, 0xba, 0x0c, 0x9d, 0x60,
    0x81, 0xd5, 0x8b, 0xc5, 0xc9, 0x45, 0x91, 0xcd, 0xef, 0x6f, 0x44, 0xf1,
    0xb5, 0x32, 0xe5, 0xac, 0xc9, 0xe2, 0xf0, 0x3f, 0x78, 0xef, 0x8e, 0xfa,
    0x35, 0xac, 0xd3, 0xae, 0xed, 0x68, 0x71, 0x21, 0x5b, 0x60, 0xc5, 0x01,
    0xa4, 0xa4, 0x2b, 0x1a, 0xf5, 0x8f, 0xfb, 0xe4, 0x47, 0xee, 0xe2, 0xcd,
    0x46, 0x57, 0xfb, 0x0e, 0x23, 0x33, 0x7c, 0xa7, 0xe0, 0xdc, 0xed, 0x53,
    0xd9, 0x7f, 0x49, 0x75, 0xfb, 0xfc, 0x5e, 0xe0, 0xed, 0x4e, 0x3a, 0xe1,
    0x2c, 0xb7, 0x23, 0xfd, 0xfd, 0x5c, 0x12, 0xb4, 0xb8, 0xdb, 0x59, 0xc2,
    0x4d, 0x16, 0xf8, 0x2a, 0x7f, 0x57, 0x85, 0xe2, 0xfd, 0xa8, 0x42, 0x05,
    0x47, 0x8a, 0x88, 0x22, 0x08, 0x97, 0x99, 0x8c, 0xbd, 0xad, 0x63, 0x97,
    0x21, 0xc2, 0xe2, 0x7f, 0xa9, 0x4d, 0x7a, 0xfe, 0x77, 0x9c, 0xba, 0x68,
    0x60, 0xe1, 0xa6, 0x6a, 0xbf, 0x5d, 0xa1, 0x47, 0xd9, 0x6d, 0xaf, 0x1b,
    0x51, 0x2d, 0xee, 0xdc, 0xbb, 0x29, 0x2a, 0x81, 0xf6, 0x92, 0xeb, 0x8a,
    0x47, 0x74, 0xb8, 0x5d, 0x11, 0x3a, 0xf3, 0xab, 0x0c, 0x1f, 0x89, 0x5f,
    0x8a, 0xdd, 0xc9, 0x9d, 0x45, 0x35, 0x48, 0xa9, 0x23, 0x14, 0xca, 0xd4,
    0x43, 0xe3, 0x39, 0x3d, 0x19, 0x9c, 0xf0, 0xad, 0x81, 0x09, 0x44, 0x55,
    0xb0, 0x2b, 0x54, 0x9d, 0x07, 0x78, 0xf9, 0xeb, 0xe3, 0xb7, 0x2a, 0xf3,
    0x93, 0xa7, 0xe0, 0x5c, 0x22, 0x44, 0x48, 0xef, 0x23, 0xb6, 0xe7, 0x47,
    0x2a, 0x95, 0x26, 0xc0, 0x81, 0x94, 0x0a, 0x7b, 0x0f, 0xbd, 0x57, 0xef,
    0x64, 0xdc, 0xe8, 0xe6, 0xe6, 0xe5, 0x57, 0xda, 0x8f, 0xd2, 0x63, 0xd7,
    0x65, 0x16, 0x83, 0xf5, 0x15, 0x7c, 0x21, 0xe2, 0x9d, 0x10, 0xc2, 0xf1,
    0x1a, 0x2e, 0xf8, 0x1e, 0x09, 0x81, 0x00, 0x4f, 0xb8, 0x95, 0x6e, 0x48,
    0x2b, 0x8b, 0xf1, 0x31, 0x27, 0xd2, 0xd9, 0xc5, 0x4b, 0xbc, 0xd2, 0xb7,
    0xa6, 0x51, 0xca, 0x6c, 0xe4, 0x7c, 0xda, 0x27, 0xbb, 0xb2, 0x98, 0xc1,
    0xa8, 0x0e, 0x97, 0x46, 0x23, 0x7f, 0x5b, 0x56, 0x40, 0x68, 0x98, 0x97,
    0x15, 0xda, 0xd4, 0x3f, 0xf4, 0xec, 0xc3, 0x20, 0xd0, 0xc1, 0x35, 0xc1,
    0xf6, 0xca, 0xff, 0xca, 0xa0, 0x38, 0xed, 0xc7, 0x5a, 0xb8, 0x40, 0xf6,
    0x4d, 0x37, 0x0a, 0xd6, 0x81, 0x54, 0x0a, 0xcb, 0x55, 0xcd, 0xdb, 0x18,
    0xc9, 0xfa, 0xea, 0x50, 0xc1, 0x5c, 0x18, 0x0a, 0x94, 0x24, 0x7c, 0x34,
    0xae, 0xd1, 0xc5, 0x65, 0xe9, 0x48, 0x14, 0x3c, 0xff, 0xde, 0xdb, 0x7f,
    0xcb, 0x4a, 0xac, 0x5b, 0x8b, 0x19, 0xcc, 0x67, 0xee, 0x09, 0x4a, 0xa7,
    0x7f, 0x6f, 0x3d, 0xcd, 0x0b, 0x56, 0x18, 0x03, 0x55, 0x08, 0x9f, 0x1a,
    0xe9, 0xb4, 0xe2, 0xdd, 0x9e, 0x3a, 0x48, 0xe2, 0x98, 0xe3, 0x15, 0x11,
    0x57, 0x03, 0x23, 0x08, 0x53, 0xd9, 0x6c, 0x27, 0x81, 0x91, 0xcc, 0xf2,
    0xc5, 0x35, 0x2c, 0x49, 0x32, 0x17, 0xf3, 0xb7, 0xf8, 0xcf, 0x1d, 0x49,
    0xb3, 0xa3, 0x5e, 0x0e, 0xbd, 0x8c, 0x11, 0xcb, 0x67, 0xb7, 0x62, 0xf9,
    0xc8, 0xa4, 0xcc, 0x58, 0x02, 0x01, 0x23, 0x86, 0x03, 0xc1, 0x81, 0x5b,
    0xc3, 0x71, 0xde, 0xbe, 0x31, 0xa3, 0xa8, 0xae, 0xf4, 0xc6, 0xda, 0x30,
    0xef, 0xf0, 0x5a, 0xc3, 0x0c, 0x10, 0xd0, 0xcb, 0xcc, 0x31, 0x9e, 0xcc,
    0x57, 0x59, 0x0a, 0xc6, 0x3e, 0xfe, 0x04, 0x13, 0x11, 0x3b, 0xdf, 0x03,
    0xf2, 0x13, 0x3e, 0xfb, 0x3f, 0x7f, 0xe2, 0x1f, 0xfa, 0x41, 0xea, 0xd1,
    0xeb, 0xe6, 0x13, 0x8e, 0x06, 0xdb, 0xbb, 0x08, 0xfb, 0xec, 0x4c, 0x8c,
    0x81, 0xcf, 0x76, 0xc1, 0x4d, 0xd7, 0xcc, 0x12, 0x52, 0x53, 0x98, 0x2a,
    0x6d, 0x8b, 0x8e, 0x07, 0xce, 0x1c, 0x01, 0x66, 0x81, 0xc6, 0xa2, 0xd1,
    0x58, 0x35, 0x49, 0x0d, 0xfd, 0xbf, 0xf6, 0x41, 0xf5, 0xbc, 0x55, 0x93,
    0xed, 0x02, 0x81, 0x37, 0xdf, 0xbd, 0xcd, 0x31, 0x1c, 0xb4, 0xbc, 0x32,
    0x4e, 0xcf, 0xd6, 0xc9, 0x9f, 0x81, 0xa4, 0xf2, 0x72, 0xa3, 0x13, 0x9e,
    0x01, 0xe9, 0xdf, 0x6a, 0xbf, 0xa5, 0xba, 0x9e, 0x5b, 0xf0, 0x8b, 0xe6,
    0x31, 0x40, 0x58, 0x1d, 0xa3, 0xa0, 0x63, 0xed, 0xfb, 0x46, 0x93, 0x59,
    0xd8, 0x2f, 0xa8, 0xb1, 0x1c, 0x94, 0x1f, 0x2c, 0x32, 0xa1, 0x0b, 0x7f,
    0x0a, 0x94, 0xf2, 0x86, 0x13, 0x49, 0x4d, 0xa3, 0x8e, 0xe7, 0xc7, 0x3d,
    0x97, 0x43, 0x8b, 0x98, 0x5e, 0x2a, 0x39, 0x13, 0xc0, 0xa3, 0xc4, 0xe9,
    0xdf, 0xba, 0x07, 0xe9, 0xe6, 0xd5, 0x85, 0x02, 0x9e, 0x88, 0xab, 0x87,
    0x10, 0x24, 0x91, 0x2b, 0xae, 0x63, 0x06, 0x51, 0xb5, 0x81, 0xae, 0x96,
    0x98, 0xcc, 0x2c, 0x48, 0x99, 0xde, 0x44, 0xe8, 0xf8, 0xb7, 0xc6, 0x60,
    0x1a, 0x43, 0xa2, 0xfb, 0x30, 0x52, 0x09, 0x27, 0x19, 0x1f, 0x26, 0x64,
    0x63, 0xb2, 0xe6, 0x4d, 0xb0, 0xf9, 0xf3, 0x7f, 0x9c, 0x24, 0x41, 0xe0,
    0x5a, 0x01, 0xfd, 0xf0, 0xf0, 0x67, 0x04, 0xa8, 0xc5, 0xd7, 0x04, 0x61,
    0x0e, 0xfb, 0xc3, 0x7f, 0xa2, 0x19, 0x0d, 0xf5, 0xb2, 0xec, 0x0a, 0x29,
    0x26, 0x32, 0x95, 0x75, 0x85, 0x2e, 0x20, 0x15, 0xfd, 0x13, 0x1d, 0xd7,
    0x2f, 0x02, 0xec, 0x20, 0x27, 0x1f, 0xba, 0x76, 0x36, 0xa9, 0xf3, 0x81,
    0x4d, 0xef, 0xa1, 0xed, 0x65, 0x39, 0xfa, 0xea, 0x74, 0x06, 0x52, 0xed,
    0x49, 0x67, 0x49, 0x42, 0xc0, 0xae, 0x9c, 0x22, 0x23, 0xe6, 0xda, 0xeb,
    0x7b, 0xc9, 0xff, 0x4b, 0x12, 0x33, 0xaa, 0x96, 0x5e, 0x02, 0xa1, 0x78,
    0x49, 0x46, 0xc0, 0xfc, 0x67, 0x2e, 0xfb, 0x1b, 0xca, 0x52, 0x14, 0x7f,
    0x86, 0xa7, 0x4b, 0x22, 0xc4, 0xe0, 0x64, 0x30, 0xda, 0xa8, 0xa2, 0xb8,
    0xfc, 0x41, 0xad, 0x2c, 0x24, 0x35, 0x3a, 0x18, 0xde, 0x30, 0x00, 0xf2,
    0x1b, 0x4e, 0xaf, 0x61, 0x3d, 0xbe, 0x55, 0x7f, 0xde, 0xe0, 0x35, 0x15,
    0x5a, 0x81, 0xdd, 0x44, 0x12, 0x58, 0xe6, 0xf1, 0xb4, 0x3e, 0xeb, 0xf3,
    0x04, 0x49, 0xf5, 0xcf, 0x2a, 0x35, 0x10, 0xb6, 0xeb, 0x39, 0xa6, 0xea,
    0xe1, 0x0d, 0xad, 0x12, 0x09, 0x4e, 0x0d, 0x4c, 0x0d, 0x95, 0xb4, 0xb5,
    0x71, 0x61, 0x55, 0x35, 0x7f, 0x8c, 0x4f, 0xb1, 0x11, 0xac, 0xcc, 0x9c,
    0x11, 0x4d, 0x9c, 0x11, 0x41, 0xa4, 0x96, 0x70, 0x5d, 0x93, 0x68, 0x67,
    0x99, 0xf6, 0x9e, 0x47, 0x34, 0xa8, 0xeb, 0xa6, 0x09, 0x6c, 0xe4, 0xcc,
    0x17, 0x2e, 0x57, 0x1c, 0xb7, 0xf9, 0x42, 0x4c, 0x48, 0x1b, 0xa6, 0xa2,
    0xf7, 0x81, 0x40, 0x21, 0x72, 0xe1, 0x0c, 0xb6, 0x3b, 0x7f, 0x41, 0xa5,
    0x8d, 0x3c, 0xb5, 0xed, 0xac, 0xf3, 0xc3, 0xdc, 0x9d, 0xb6, 0x45, 0x06,
    0x15, 0x1d, 0x67, 0x3b, 0xc1, 0xf5, 0x6e, 0x10, 0x2a, 0xe6, 0xc7, 0x4b,
    0xee, 0x51, 0x38, 0x40, 0xe6, 0x16, 0xb2, 0xf9, 0x38, 0x2f, 0x7f, 0x5e,
    0x5f, 0x9b, 0x1b, 0xf3, 0x1a, 0x02, 0x33, 0x54, 0x49, 0x5b, 0xda, 0x03,
    0xa0, 0x0c, 0xdb, 0x3b, 0x97, 0xea, 0x66, 0x9c, 0x26, 0x6c, 0xdc, 0x21,
    0x54, 0x43, 0x4c, 0xe9, 0x25, 0x64, 0xa2, 0xbe, 0x96, 0xb3, 0x31, 0xad,
    0xc7, 0x29, 0xc1, 0x81, 0x17, 0xb1, 0x83, 0x85, 0x48, 0x3f, 0xcc, 0xe3,
    0x7b, 0xa6, 0xa7, 0xc5, 0x71, 0x1b, 0xf8, 0xb8, 0x5f, 0x5a, 0xc8, 0x0e,
    0x2c, 0xd9, 0x42, 0xaf, 0xc7, 0x68, 0x85, 0xbb, 0x9e, 0xf3, 0x1d, 0xd9,
    0x0a, 0xc4, 0xcb, 0xc9, 0xbc, 0x7f, 0x4d, 0x0d, 0x30, 0xc8, 0x72, 0xd9,
    0xf2, 0x32, 0x55, 0x95, 0x92, 0x63, 0x23, 0xb5, 0x0d, 0xfb, 0x24, 0xab,
    0x12, 0x71, 0xf7, 0x51, 0x39, 0x68, 0xf6, 0x08, 0x01, 0xe2, 0xb4, 0x28,
    0xb9, 0xf1, 0xa7, 0xc3, 0x81, 0xe8, 0xe4, 0x57, 0xb2, 0x0e, 0xd0, 0x55,
    0x87, 0x7c, 0xb1, 0xbd, 0x0e, 0x44, 0xb0, 0x61, 0xdb, 0x81, 0x3c, 0xf1,
    0xf4, 0x08, 0x72, 0x94, 0x21, 0xd2, 0x1c, 0x5a, 0x65, 0x4a, 0xad, 0x16,
    0xd5, 0x2a, 0xee, 0x0b, 0x2d, 0xd5, 0xf7, 0xd8, 0xde, 0xbf, 0x81, 0x1e,
    0x9d, 0x5f, 0x13, 0x54, 0xf2, 0x8a, 0x0f, 0xd9, 0xa5, 0x32, 0xab, 0x6e,
    0x03, 0xae, 0xf5, 0x0d, 0xb3, 0x58, 0x29, 0xd4, 0xf5, 0x2a, 0xb1, 0xff,
    0x08, 0x8d, 0x57, 0xe6, 0xc0, 0x1c, 0x81, 0x8c, 0x6a, 0xf9, 0x70, 0xf7,
    0x1f, 0x48, 0x81, 0x4e, 0xeb, 0x02, 0x9f, 0xeb, 0xd0, 0xfd, 0xfc, 0x32,
    0x9e, 0x4b, 0x2e, 0x0c, 0x31, 0xe0, 0x71, 0xb6, 0xa9, 0x07, 0x2c, 0x6e,
    0xe9, 0xd0, 0x64, 0xd3, 0x07, 0xab, 0x81, 0xbe, 0x3f, 0x07, 0x11, 0xeb,
    0x98, 0xbe, 0x89, 0x68, 0x35, 0xc3, 0x0d, 0x55, 0x47, 0x87, 0x22, 0x97,
    0x7b, 0xe0, 0xa7, 0xd5, 0xc1, 0x6b, 0xcc, 0x79, 0x22, 0x4d, 0x11, 0xca,
    0xf7, 0x7c, 0xff, 0xa8, 0xd3, 0x53, 0x27, 0x01, 0xe0, 0x7b, 0x81, 0x06,
    0x9e, 0x11, 0x11, 0x61, 0xcc, 0xbb, 0x00, 0x5f, 0xc3, 0x36, 0x22, 0x86,
    0x1d, 0x68, 0x66, 0x66, 0xc2, 0x0f, 0x81, 0xbe, 0xf2, 0xc3, 0x2a, 0xfa,
    0x32, 0x15, 0xdd, 0x1a, 0xe8, 0x0c, 0x63, 0x4f, 0x54, 0x09, 0x5f, 0xcf,
    0x7a, 0x41, 0xbd, 0x00, 0xbf, 0xce, 0xd1, 0x59, 0x69, 0x2b, 0x52, 0xe1,
    0x42, 0x89, 0x29, 0x99, 0xd6, 0x27, 0x02, 0xad, 0x1b, 0x00, 0xd6, 0x35,
    0x7f, 0x0a, 0x9d, 0x5f, 0xb1, 0x73, 0xb6, 0x09, 0xfd, 0x8e, 0xaa, 0x9c,
    0x6a, 0x3b, 0xdf, 0x07, 0xd9, 0x11, 0x47, 0xc3, 0x00, 0xef, 0x92, 0x7f,
    0x90, 0x50, 0x49, 0xff, 0xcd, 0x14, 0x1f, 0x20, 0xe5, 0x69, 0x51, 0x50,
    0x70, 0x3d, 0xb3, 0xc7, 0x44, 0xe8, 0x1b, 0x89, 0x5a, 0x59, 0x46, 0xdd,
    0x4c, 0xa5, 0x82, 0xa9, 0xab, 0xdb, 0xc9, 0x23, 0x4f, 0x8b, 0x47, 0x82,
    0xe6, 0x21, 0x9f, 0xf5, 0x2d, 0x9e, 0xdb, 0xe6, 0xff, 0x11, 0xaf, 0x0b,
    0x57, 0x3f, 0x2f, 0xb8, 0xc4, 0x16, 0xbc, 0x45, 0x17, 0xe7, 0x9e, 0x7f,
    0xe2, 0x0d, 0xbc, 0xe0, 0x21, 0x7f, 0x44, 0xca, 0x2f, 0x89, 0x2d, 0x64,
    0xe4, 0x39, 0x43, 0x1a, 0xf8, 0xf4, 0x1c, 0x6f, 0x66, 0xe3, 0x53, 0x63,
    0x7e, 0xa2, 0x97, 0x3c, 0x1c, 0x0e, 0x02, 0xca, 0x31, 0xbb, 0xcc, 0x7f,
    0xa9, 0x33, 0x2d, 0x05, 0xcb, 0x5f, 0xf6, 0x3f, 0x41, 0x73, 0x8b, 0x1e,
    0x4f, 0x94, 0x5f, 0xb6, 0x13, 0x3e, 0x5c, 0xb3, 0xea, 0xfe, 0xcd, 0x58,
    0x28, 0x59, 0x59, 0x05, 0xeb, 0x07, 0x18, 0xd2, 0x93, 0xcd, 0xfc, 0xca,
    0x1f, 0x04, 0xbd, 0x06, 0xd5, 0x3d, 0x92, 0x02, 0xb6, 0xaf, 0x92, 0xd4,
    0xee, 0x58, 0x0e, 0xa5, 0xec, 0x81, 0x0e, 0x6b, 0xa5, 0xfa, 0x40, 0x41,
    0xc0, 0xfb, 0x00, 0xfc, 0xe8, 0x4f, 0xcc, 0x06, 0xae, 0x31, 0x09, 0xb2,
    0xe7, 0x0e, 0xed, 0x9f, 0xa8, 0xd8, 0xd2, 0x10, 0x4b, 0x9b, 0x11, 0xfa,
    0xdf, 0x34, 0xbb, 0xb2, 0x81, 0xaa, 0x77, 0xde, 0xd9, 0xbc, 0x42, 0xbe,
    0x3f, 0x84, 0xb0, 0x9c, 0x7f, 0xd0, 0xcb, 0x16, 0xb5, 0x05, 0x1b, 0x09,
    0xab, 0x4e, 0x83, 0x25, 0xca, 0xec, 0xd2, 0x31, 0x10, 0x22, 0x1b, 0xe7,
    0x29, 0xae, 0xfc, 0xee, 0xfc, 0x5a, 0xa5, 0x06, 0xc2, 0xaf, 0x60, 0x74,
    0x85, 0xa4, 0xe5, 0xd8, 0x8b, 0xb5, 0x2c, 0xb4, 0xb1, 0xe2, 0x01, 0x7f,
    0xdf, 0x06, 0xce, 0xe7, 0x2e, 0x39, 0xa2, 0x22, 0x45, 0xf9, 0xda, 0xc6,
    0x35, 0xa4, 0xd5, 0x18, 0xb3, 0x8d, 0xff, 0xd1, 0x5c, 0x20, 0xf0, 0x43,
    0xd8, 0x34, 0xf3, 0x52, 0xb3, 0x1c, 0x2b, 0xb6, 0xbb, 0x0c, 0x9d, 0x41,
    0xe5, 0xee, 0xf0, 0x47, 0xe0, 0xdb, 0x81, 0xe8, 0x0c, 0xec, 0x23, 0xf6,
    0x10, 0xc1, 0x2d, 0x44, 0xd9, 0x47, 0xef, 0xd1, 0x17, 0xc8, 0x14, 0xc7,
    0x81, 0xfb, 0xed, 0xd1, 0x2e, 0x2b, 0x43, 0x93, 0xad, 0x35, 0xde, 0x59,
    0xed, 0x24, 0xf6, 0x26, 0xb7, 0x29, 0x2b, 0xe0, 0xee, 0xfe, 0xc6, 0x0d,
    0x1d, 0x4c, 0x84, 0x47, 0xe5, 0xa0, 0x62, 0x99, 0x25, 0xe8, 0xe3, 0x02,
    0x21, 0xf5, 0xf4, 0xb9, 0x0c, 0xb9, 0x0c, 0x56, 0x91, 0x32, 0x7f, 0x1a,
    0xcc, 0x2f, 0x2b, 0x67, 0xcb, 0xf5, 0x73, 0x30, 0x43, 0x64, 0x18, 0x5d,
    0x02, 0x00, 0x04, 0x23, 0x5b, 0x81, 0xc0, 0x66, 0x5d, 0xe1, 0x3d, 0xd9,
    0xa2, 0xb2, 0xa4, 0x66, 0x0d, 0xa4, 0x9a, 0xcb, 0x37, 0x51, 0xab, 0xef,
    0x4d, 0x13, 0x0c, 0x44, 0xdb, 0x36, 0xdd, 0xfa, 0x0c, 0x28, 0xb0, 0x07,
    0x4f, 0xd2, 0x81, 0xbd, 0xc3, 0x09, 0x11, 0x24, 0xfb, 0x42, 0xe6, 0xdd,
    0x64, 0x20, 0x7f, 0xd2, 0x37, 0xe5, 0x24, 0xab, 0xe7, 0xdd, 0xba, 0xb1,
    0x6c, 0x2f, 0x3d, 0xb3, 0xaf, 0xf2, 0x18, 0xff, 0x81, 0x17, 0x00, 0xce,
    0xc1, 0x28, 0xb6, 0xea, 0xf8, 0x59, 0x00, 0xcb, 0xc9, 0x3d, 0xbd, 0x14,
    0x94, 0xe1, 0xf4, 0x24, 0xf0, 0xe6, 0xfc, 0xba, 0x23, 0xc6, 0x9c, 0x75,
    0xda, 0x2c, 0xc1, 0xfa, 0x70, 0xb2, 0x03, 0x18, 0x10, 0xb5, 0xf7, 0x45,
    0xf0, 0x1a, 0x81, 0xc2, 0x4b, 0xe5, 0x79, 0x30, 0xec, 0xca, 0x33, 0xfb,
    0xda, 0x02, 0xdb, 0xe0, 0x3f, 0x5c, 0x81, 0x73, 0xb4, 0xff, 0xc5, 0xd3,
    0x72, 0xf1, 0x9b, 0x04, 0x68, 0x4a, 0x03, 0x4e, 0xde, 0xb2, 0x3d, 0xcb,
    0x1b, 0x07, 0xce, 0xe6, 0x5d, 0xcd, 0x9f, 0xf7, 0x7f, 0x29, 0x1e, 0xa5,
    0x69, 0xfc, 0xaf, 0x3a, 0x4e, 0xbd, 0x13, 0x43, 0x86, 0xa4, 0xb7, 0xe3,
    0x62, 0xab, 0xa9, 0xdf, 0xf4, 0xf6, 0x46, 0xbe, 0x34, 0x4b, 0x93, 0x2d,
    0xdf, 0x41, 0xab, 0xce, 0x3b, 0xfe, 0x90, 0x06, 0xf5, 0x12, 0x81, 0xe2,
    0xb4, 0xc2, 0x5f, 0x10, 0xce, 0xd3, 0xc7, 0x57, 0x19, 0x29, 0xa5, 0xe0,
    0x68, 0x67, 0xfe, 0xc4, 0xee, 0x4d, 0xb5, 0x55, 0xa2, 0x0e, 0xee, 0xf2,
    0xe6, 0x82, 0xdc, 0x3e, 0x01, 0xca, 0x89, 0x3c, 0x93, 0xcf, 0x6c, 0x26,
    0xf2, 0x8a, 0x3e, 0x55, 0x5c, 0x19, 0x96, 0x03, 0xd1, 0xea, 0x81, 0x48,
    0xf8, 0xbe, 0xc4, 0xf0, 0x1e, 0x65, 0x19, 0xc3, 0xf2, 0xd8, 0x4b, 0x63,
    0x16, 0xd8, 0x5b, 0x39, 0x0d, 0x38, 0x6c, 0xb4, 0xc2, 0x51, 0xd6, 0x2b,
    0xa9, 0xf2, 0x0f, 0xaf, 0x73, 0x81, 0xd8, 0xd6, 0xd1, 0xe5, 0xcf, 0xac,
    0xb8, 0x14, 0xd1, 0x81, 0x15, 0xf8, 0x22, 0xc6, 0xee, 0xee, 0xa1, 0x65,
    0x15, 0xad, 0xc7, 0x04, 0x0b, 0x35, 0x33, 0xdb, 0x21, 0xa8, 0x42, 0x13,
    0x45, 0x20, 0xde, 0x1e, 0xbe, 0x22, 0x37, 0x30, 0xb2, 0x92, 0xff, 0xff,
    0x04, 0x00, 0x00, 0x00, 0x40, 0x00, 0x00, 0x00, 0x8d, 0xa2, 0x8c, 0x93,
    0x8b, 0x8e, 0x8c, 0x90, 0x93, 0x95, 0x88, 0x8d, 0x91, 0x9a, 0x89, 0x85,
    0x73, 0x7e, 0x7a, 0x7a, 0x76, 0x7c, 0x77, 0x7e, 0x74, 0x77, 0x7a, 0x78,
    0x7f, 0x7d, 0x72, 0x72, 0x83, 0x88, 0x8a, 0x88, 0x8c, 0x8a, 0x8e, 0x91,
    0x81, 0x8b, 0x8e, 0x88, 0x96, 0x8e, 0x80, 0x8a, 0x94, 0xa9, 0x94, 0x87,
    0x8a, 0x9f, 0x8a, 0x95, 0x91, 0x9d, 0x9e, 0x96, 0x9a, 0xa1, 0x94, 0x96,
    0x80, 0x6c, 0xff, 0xff, 0x84, 0x6c, 0xff, 0xff, 0x88, 0x6c, 0xff, 0xff,
    0x8c, 0x6c, 0xff, 0xff, 0x90, 0x6c, 0xff, 0xff, 0x94, 0x6c, 0xff, 0xff,
    0x98, 0x6c, 0xff, 0xff, 0x9c, 0x6c, 0xff, 0xff, 0xa0, 0x6c, 0xff, 0xff,
    0xa4, 0x6c, 0xff, 0xff, 0xa8, 0x6c, 0xff, 0xff, 0xac, 0x6c, 0xff, 0xff,
    0xb0, 0x6c, 0xff, 0xff, 0xb4, 0x6c, 0xff, 0xff, 0xb8, 0x6c, 0xff, 0xff,
    0xbc, 0x6c, 0xff, 0xff, 0xc0, 0x6c, 0xff, 0xff, 0xc4, 0x6c, 0xff, 0xff,
    0xc8, 0x6c, 0xff, 0xff, 0xcc, 0x6c, 0xff, 0xff, 0xd0, 0x6c, 0xff, 0xff,
    0xd4, 0x6c, 0xff, 0xff, 0xd8, 0x6c, 0xff, 0xff, 0xdc, 0x6c, 0xff, 0xff,
    0xe0, 0x6c, 0xff, 0xff, 0xe4, 0x6c, 0xff, 0xff, 0xe8, 0x6c, 0xff, 0xff,
    0xec, 0x6c, 0xff, 0xff, 0xf0, 0x6c, 0xff, 0xff, 0xf4, 0x6c, 0xff, 0xff,
    0xf8, 0x6c, 0xff, 0xff, 0xfc, 0x6c, 0xff, 0xff, 0x00, 0x6d, 0xff, 0xff,
    0x04, 0x6d, 0xff, 0xff, 0x08, 0x6d, 0xff, 0xff, 0x0c, 0x6d, 0xff, 0xff,
    0x10, 0x6d, 0xff, 0xff, 0x14, 0x6d, 0xff, 0xff, 0x18, 0x6d, 0xff, 0xff,
    0x1c, 0x6d, 0xff, 0xff, 0x20, 0x6d, 0xff, 0xff, 0x24, 0x6d, 0xff, 0xff,
    0x28, 0x6d, 0xff, 0xff, 0x2c, 0x6d, 0xff, 0xff, 0xae, 0x93, 0xff, 0xff,
    0x04, 0x00, 0x00, 0x00, 0x00, 0x10, 0x00, 0x00, 0x86, 0xc4, 0xfd, 0x19,
    0x0d, 0x12, 0x51, 0x32, 0x5e, 0x3c, 0x16, 0xab, 0xf5, 0xe6, 0x15, 0x95,
    0x33, 0x19, 0x81, 0x6f, 0x02, 0xf3, 0x86, 0xd7, 0xf9, 0x20, 0x3b, 0x29,
    0x8f, 0xb6, 0xed, 0xea, 0xce, 0xfa, 0x9d, 0xfd, 0xeb, 0x7a, 0xe4, 0x02,
    0x8e, 0x23, 0x66, 0x43, 0x2b, 0x18, 0xca, 0xd5, 0x50, 0xde, 0xda, 0xff,
    0x0b, 0xcc, 0x39, 0x29, 0xa9, 0xdd, 0x3b, 0x26, 0xc1, 0x0f, 0x7f, 0x0b,
    0x35, 0xe5, 0x26, 0xae, 0xb0, 0x68, 0x4b, 0x50, 0x0f, 0xe0, 0x42, 0x98,
    0x81, 0x9f, 0xfc, 0x0c, 0x01, 0x18, 0xe0, 0x1e, 0x32, 0x28, 0xcb, 0x37,
    0x56, 0x91, 0x17, 0x18, 0x02, 0x0a, 0x1d, 0xe9, 0xb8, 0xd8, 0x9e, 0xab,
    0x68, 0xc7, 0x3e, 0xd9, 0x11, 0xc8, 0x32, 0x4e, 0x9c, 0xfa, 0x15, 0xbc,
    0xc2, 0x1b, 0xef, 0x2e, 0x4b, 0x0b, 0xfe, 0x35, 0xbf, 0x9d, 0x31, 0x58,
    0x81, 0x14, 0x57, 0xf8, 0x7a, 0xdc, 0x04, 0xfb, 0x81, 0x0f, 0x60, 0x0e,
    0x4a, 0x1b, 0x94, 0x0b, 0xe1, 0xb8, 0x25, 0xd8, 0xcc, 0x58, 0x57, 0xb5,
    0x97, 0x36, 0x6e, 0xe9, 0x1c, 0xd1, 0x17, 0xd3, 0xf9, 0xd6, 0xb3, 0xda,
    0x0b, 0xe5, 0x40, 0xee, 0xec, 0x0c, 0xa5, 0x19, 0xf3, 0xd3, 0x03, 0xea,
    0x38, 0xbd, 0x0c, 0x3a, 0x03, 0xfd, 0xed, 0xd5, 0xb6, 0x3b, 0x2e, 0xfd,
    0x7f, 0x21, 0x49, 0xd0, 0x23, 0x3a, 0x45, 0xc9, 0xf2, 0xf4, 0xdd, 0x41,
    0x4b, 0x29, 0xec, 0xd2, 0x43, 0xf7, 0xab, 0xeb, 0x04, 0xde, 0xf5, 0x00,
    0xe8, 0xf7, 0x2e, 0x49, 0x92, 0xff, 0xb5, 0xb8, 0xec, 0x1c, 0x1a, 0x20,
    0x02, 0x37, 0x7f, 0xff, 0xff, 0xdb, 0xae, 0xd3, 0x81, 0x15, 0xdc, 0x6f,
    0xf5, 0xa7, 0xc2, 0xe9, 0xde, 0xf3, 0xc7, 0xfd, 0x1e, 0x17, 0xec, 0x01,
    0x27, 0x43, 0x48, 0x57, 0xab, 0xe3, 0x29, 0xaf, 0xef, 0x58, 0xab, 0xea,
    0x2c, 0xd4, 0x0b, 0x44, 0x4a, 0x70, 0x9f, 0xe6, 0x9b, 0x21, 0x00, 0x87,
    0x04, 0x6a, 0xd5, 0xc7, 0x15, 0x47, 0x71, 0xc5, 0x92, 0x7f, 0x40, 0x3c,
    0xe6, 0xe4, 0xfb, 0x17, 0x65, 0xc5, 0xe6, 0x3d, 0x3a, 0xd6, 0x25, 0x5e,
    0xaf, 0x47, 0xd8, 0x81, 0x18, 0x2c, 0xfb, 0xbc, 0x0f, 0xc8, 0xfb, 0x09,
    0xcc, 0x1b, 0x35, 0xc8, 0xdb, 0xc6, 0x02, 0xa0, 0x16, 0xfd, 0x33, 0xf3,
    0xe1, 0x13, 0xcf, 0xf1, 0x81, 0xcc, 0xf9, 0xf0, 0x3e, 0xce, 0xeb, 0x6f,
    0x0f, 0xf2, 0x18, 0xaf, 0x0c, 0xad, 0xf6, 0xe3, 0x8a, 0xde, 0xde, 0x95,
    0x5d, 0x26, 0xe8, 0x4c, 0x1c, 0xe4, 0xe3, 0x9f, 0xed, 0xea, 0x0d, 0x3f,
    0xc4, 0x37, 0xbf, 0x25, 0xcf, 0xcc, 0x3d, 0xcf, 0xe7, 0xd3, 0x19, 0x60,
    0x56, 0x43, 0xbc, 0x5c, 0xeb, 0x95, 0x2f, 0xc9, 0xc0, 0x62, 0x56, 0x55,
    0x57, 0x04, 0xf1, 0xda, 0xe6, 0x15, 0x81, 0x81, 0xf9, 0xda, 0x15, 0xfa,
    0x18, 0xe6, 0xda, 0xff, 0xfd, 0x07, 0x20, 0xf1, 0xd0, 0x3a, 0x1f, 0x2e,
    0x6e, 0xfa, 0xe3, 0x17, 0x39, 0x20, 0x0a, 0x81, 0xc8, 0x1b, 0xeb, 0xc2,
    0xe0, 0x49, 0xf3, 0x21, 0xc9, 0x23, 0x0e, 0xa3, 0x20, 0x09, 0xdf, 0xf8,
    0x56, 0xab, 0xe9, 0xff, 0x7f, 0x84, 0x0e, 0x56, 0x17, 0xba, 0x5f, 0x06,
    0xc3, 0xe3, 0xe3, 0xee, 0x86, 0x34, 0x4b, 0x2f, 0x02, 0xff, 0x8e, 0xde,
    0x28, 0xb7, 0xf0, 0xc7, 0x15, 0x81, 0x0e, 0x78, 0x07, 0xd8, 0xf5, 0x27,
    0x0e, 0xaa, 0x12, 0xc9, 0x0d, 0xd4, 0xc9, 0x27, 0xf6, 0xc2, 0xd6, 0xf6,
    0x65, 0xe1, 0x00, 0x14, 0xca, 0xa9, 0x1f, 0x40, 0xcf, 0x0d, 0xce, 0x8f,
    0x15, 0x19, 0x01, 0x3f, 0xbb, 0x08, 0x42, 0xe5, 0xe6, 0xce, 0xc2, 0xfc,
    0x81, 0xa3, 0xf9, 0x7b, 0xc8, 0x54, 0x17, 0xa4, 0x56, 0xcd, 0xd2, 0xea,
    0xdb, 0xea, 0xce, 0x31, 0x15, 0x7f, 0xc8, 0x34, 0x2d, 0x45, 0x48, 0xf3,
    0xa9, 0x17, 0x11, 0xd4, 0x03, 0x00, 0xf2, 0x0f, 0x57, 0xb2, 0xd9, 0xba,
    0xf6, 0xab, 0xf2, 0xd2, 0xe1, 0xdb, 0xe2, 0x48, 0xf8, 0x07, 0x5b, 0x5d,
    0xa7, 0xef, 0x04, 0x07, 0xd5, 0xad, 0x4d, 0xb7, 0x3e, 0xfa, 0xc5, 0xe4,
    0x9f, 0x8d, 0xae, 0x74, 0x99, 0x36, 0x28, 0x1e, 0x4c, 0x5c, 0xdd, 0xf5,
    0x1c, 0xd1, 0xbe, 0x00, 0x1b, 0x81, 0xc8, 0x3c, 0xb2, 0xd6, 0x07, 0xf9,
    0x42, 0x1d, 0xee, 0x3b, 0x45, 0x20, 0xf4, 0x1e, 0x34, 0xe5, 0xa1, 0x81,
    0xbe, 0xb8, 0x63, 0x16, 0x1b, 0xc7, 0x2e, 0xb6, 0x3c, 0x93, 0xf7, 0x48,
    0xc6, 0xce, 0xdc, 0x3f, 0xdd, 0x30, 0xc3, 0xff, 0x6a, 0xff, 0xe8, 0xe2,
    0xe7, 0x00, 0x06, 0x18, 0x09, 0xdb, 0xbf, 0x7f, 0x66, 0x0a, 0x29, 0x46,
    0xdb, 0xc1, 0xbc, 0xfd, 0x40, 0x4e, 0xf6, 0xde, 0xae, 0x11, 0x20, 0xe0,
    0xe9, 0xe0, 0x3b, 0xd8, 0x0a, 0xde, 0x49, 0xb1, 0x1f, 0x3d, 0xc1, 0x42,
    0x4c, 0xd5, 0x1e, 0x1f, 0x2e, 0xc2, 0x81, 0x43, 0x70, 0xfe, 0x28, 0xbc,
    0x13, 0xcd, 0xc3, 0x2f, 0xe5, 0xad, 0xe8, 0xc9, 0x0e, 0xa1, 0xe9, 0x00,
    0x10, 0x6f, 0x8f, 0xda, 0x2b, 0xe4, 0x13, 0xd2, 0x7f, 0xda, 0x2b, 0xd8,
    0x14, 0x02, 0x28, 0x26, 0xeb, 0x19, 0xc9, 0x5a, 0xbe, 0xda, 0xcc, 0x0f,
    0xa3, 0x34, 0x51, 0x7a, 0xae, 0x1a, 0x38, 0xfa, 0xd8, 0x81, 0xac, 0x0e,
    0x06, 0x24, 0x02, 0xcb, 0x24, 0x8c, 0x4d, 0xe1, 0xa2, 0xec, 0xef, 0x02,
    0x1f, 0x33, 0xfb, 0xb5, 0xc8, 0xfc, 0x30, 0x1c, 0xe8, 0x3a, 0xe2, 0x28,
    0x03, 0xae, 0xfa, 0x7f, 0xde, 0xd6, 0xd5, 0x03, 0x5c, 0x02, 0xe3, 0xeb,
    0x16, 0xcd, 0x0a, 0x0e, 0x94, 0x31, 0x10, 0x15, 0xd5, 0xfe, 0x54, 0xd5,
    0x1a, 0x63, 0x37, 0x15, 0xb4, 0x2b, 0xc5, 0xd5, 0x3b, 0xfe, 0xa0, 0xc9,
    0xce, 0x22, 0x0f, 0xf2, 0xdf, 0x1b, 0x05, 0x33, 0x18, 0xcd, 0xe8, 0xc2,
    0x7f, 0xda, 0x0b, 0x0b, 0x48, 0x2a, 0x8e, 0xe0, 0x0b, 0x00, 0xe3, 0xfd,
    0xdb, 0x2a, 0xef, 0x0b, 0xfe, 0x1e, 0x43, 0xcd, 0x10, 0xf9, 0xec, 0xd3,
    0xc9, 0xe4, 0xc6, 0xb1, 0x9b, 0xe1, 0xe2, 0xd9, 0x43, 0xf6, 0xfc, 0x35,
    0xce, 0x06, 0xd5, 0x28, 0x28, 0x9f, 0xe2, 0x2c, 0xeb, 0x9a, 0x7f, 0xee,
    0xfb, 0xf3, 0x4c, 0xcb, 0xe0, 0xe7, 0x04, 0xf7, 0x46, 0xed, 0xe1, 0xaf,
    0x62, 0xf3, 0xde, 0xc2, 0x06, 0xfb, 0xd1, 0x32, 0xab, 0xd4, 0x7f, 0x69,
    0x42, 0x67, 0xe1, 0xfe, 0x04, 0x19, 0x95, 0xed, 0x81, 0x36, 0xb6, 0xcb,
    0x25, 0x2d, 0x44, 0xd7, 0x98, 0xcd, 0x0b, 0x02, 0xf2, 0x21, 0x41, 0xf0,
    0xd8, 0xd9, 0x14, 0x02, 0xf9, 0x0e, 0x1a, 0x01, 0x18, 0xcb, 0x38, 0xc8,
    0xa8, 0x97, 0x08, 0xe0, 0xcc, 0xfb, 0xb7, 0x81, 0x33, 0xb8, 0x10, 0x32,
    0xe5, 0x02, 0xfe, 0xfe, 0x13, 0x04, 0x30, 0xba, 0x83, 0x70, 0xec, 0xd7,
    0xce, 0xbf, 0xd5, 0x16, 0x30, 0xc8, 0x97, 0xf1, 0xf8, 0xf4, 0xda, 0xf4,
    0x07, 0x44, 0xb5, 0x0b, 0x0b, 0x69, 0x27, 0xfb, 0x81, 0xf1, 0x0c, 0xf1,
    0x3a, 0x30, 0xdd, 0x08, 0x16, 0x24, 0xb9, 0x2b, 0x05, 0xfd, 0x4d, 0x54,
    0xdf, 0xcb, 0xe2, 0xf1, 0x1f, 0x1d, 0x1a, 0x15, 0x8c, 0x53, 0xb1, 0x30,
    0x81, 0x34, 0x1e, 0x28, 0xe0, 0xde, 0xdc, 0x13, 0xcc, 0xc4, 0x76, 0xd8,
    0x29, 0x19, 0xdf, 0x22, 0x1e, 0x2f, 0xed, 0x6c, 0x69, 0xb3, 0x49, 0x94,
    0x26, 0x16, 0x0d, 0x57, 0xe3, 0x8e, 0x20, 0x0e, 0x63, 0x07, 0x49, 0x81,
    0x90, 0x1a, 0xb4, 0x34, 0x14, 0xc1, 0xf2, 0x98, 0x2b, 0x2c, 0xf0, 0x04,
    0x6c, 0xab, 0xc1, 0x4c, 0x4b, 0x04, 0xe7, 0x21, 0xdd, 0xe7, 0xcd, 0x7a,
    0xba, 0x32, 0xfb, 0xb0, 0x4c, 0xa2, 0x81, 0xf2, 0x12, 0x36, 0xa1, 0x7d,
    0xd3, 0xf0, 0x17, 0x1e, 0xd8, 0xcc, 0xbe, 0x7a, 0x3c, 0xeb, 0x15, 0x31,
    0x4c, 0x93, 0xf2, 0x13, 0x4f, 0x8c, 0x54, 0x78, 0xf8, 0xb6, 0xf7, 0x1b,
    0x3c, 0x0c, 0x00, 0xde, 0xd3, 0xd8, 0x1f, 0x1e, 0x3d, 0x7f, 0x3d, 0x21,
    0x2c, 0x03, 0x2d, 0x5a, 0xf9, 0x05, 0xeb, 0xec, 0xb3, 0xda, 0xf2, 0xa8,
    0x0e, 0x34, 0x55, 0xd3, 0xe0, 0xda, 0xeb, 0xe1, 0xec, 0xd2, 0x14, 0x02,
    0x3b, 0xd4, 0x08, 0xc5, 0xf3, 0x39, 0x10, 0x0a, 0x4b, 0xe2, 0xdc, 0x24,
    0x23, 0xb9, 0x21, 0xee, 0x6a, 0x81, 0x0c, 0xe9, 0xd9, 0xec, 0x4f, 0xb6,
    0x81, 0xac, 0xd8, 0xdf, 0xed, 0xb8, 0xf8, 0xe3, 0xb5, 0x11, 0xfb, 0xde,
    0xca, 0x18, 0x40, 0xee, 0x0a, 0xed, 0xf1, 0x23, 0x05, 0xbc, 0x2e, 0xec,
    0xed, 0x10, 0x09, 0x29, 0x0e, 0x0b, 0x33, 0x2f, 0xea, 0xf2, 0x21, 0x0f,
    0x22, 0xe8, 0x04, 0x0b, 0xb2, 0x49, 0x15, 0xbf, 0xf2, 0xcc, 0x5b, 0xc9,
    0x12, 0xd5, 0x01, 0x05, 0x06, 0x19, 0xf2, 0xf8, 0x7f, 0xd1, 0xb9, 0x4a,
    0x01, 0xf1, 0x0c, 0xab, 0x09, 0xbf, 0xf5, 0x1a, 0x09, 0xc5, 0x40, 0xfb,
    0xe0, 0x49, 0x1c, 0x1a, 0x2e, 0xdf, 0x50, 0x1f, 0xe9, 0x7f, 0x11, 0x24,
    0xe7, 0x0b, 0x25, 0x16, 0xdf, 0x1b, 0xf0, 0xf7, 0xd8, 0x0e, 0x5f, 0x25,
    0xe1, 0xeb, 0x03, 0xf0, 0x0b, 0x00, 0xbe, 0xdd, 0x7f, 0x3a, 0xea, 0xf8,
    0x07, 0x11, 0x3d, 0xf8, 0x22, 0xf0, 0xb1, 0x07, 0xcc, 0xc8, 0xeb, 0xda,
    0xaf, 0x0a, 0xcf, 0xfe, 0xdf, 0x01, 0xe8, 0xec, 0x26, 0xc4, 0x24, 0xdc,
    0x1a, 0xf8, 0x35, 0x22, 0xde, 0xd4, 0xe6, 0x38, 0x2d, 0x39, 0xb8, 0x28,
    0x02, 0xfa, 0x30, 0xfc, 0xd0, 0x56, 0x34, 0xce, 0xf1, 0xbb, 0x4d, 0xbe,
    0x7f, 0xed, 0x3f, 0x23, 0x2d, 0x0b, 0x14, 0xf9, 0x25, 0x01, 0x17, 0x12,
    0xe9, 0x9c, 0xff, 0xf3, 0xf5, 0xf1, 0x01, 0x22, 0xd0, 0x1e, 0x06, 0xef,
    0x08, 0xa6, 0x25, 0xd4, 0xe7, 0xee, 0x1f, 0x81, 0x03, 0x27, 0xf0, 0x1d,
    0x95, 0xd9, 0xda, 0x7b, 0xd3, 0x03, 0x43, 0xb1, 0xf9, 0xa9, 0xf3, 0xbf,
    0x71, 0x24, 0xb2, 0x06, 0xe9, 0x3d, 0xe6, 0xb6, 0x32, 0xec, 0xb8, 0xf4,
    0xeb, 0x7f, 0x0c, 0xf6, 0x45, 0x28, 0xcc, 0x12, 0xc8, 0x1b, 0xd1, 0xfb,
    0x2c, 0x4d, 0xa6, 0x7a, 0xdc, 0x5b, 0xf7, 0xec, 0x81, 0xf5, 0x25, 0xa8,
    0x48, 0xb7, 0x10, 0x47, 0x39, 0xc4, 0x2d, 0xf9, 0x61, 0xd6, 0xfd, 0xe3,
    0x3c, 0xd3, 0x02, 0xb8, 0xf7, 0x23, 0x13, 0xfb, 0xe1, 0x04, 0x2b, 0xe0,
    0x0c, 0xee, 0x27, 0x24, 0xd8, 0x81, 0xe0, 0xf5, 0x1f, 0xf6, 0xc0, 0xbc,
    0xb1, 0xfb, 0x00, 0xb3, 0x1e, 0xe0, 0xdd, 0xce, 0x11, 0x64, 0x11, 0xd1,
    0xfb, 0xb9, 0xd8, 0xd3, 0x0d, 0xef, 0xda, 0xce, 0x1d, 0x45, 0x03, 0xd0,
    0x1c, 0x1a, 0x33, 0xa9, 0x3b, 0x0d, 0xf7, 0x47, 0xe2, 0xbd, 0xf0, 0xec,
    0xdb, 0xf0, 0xed, 0xed, 0xf2, 0x1a, 0x36, 0x7f, 0x0b, 0x21, 0x1f, 0x65,
    0xff, 0x56, 0xe8, 0x36, 0xe7, 0x94, 0x0a, 0xd4, 0x1b, 0xae, 0xdb, 0x2b,
    0x0a, 0xe8, 0x7f, 0x0e, 0xff, 0x41, 0xf6, 0xed, 0xae, 0x22, 0xc3, 0xbc,
    0x5b, 0xc4, 0xf3, 0x06, 0xe5, 0xb8, 0x20, 0x91, 0xcd, 0x01, 0xf0, 0xe0,
    0xda, 0xed, 0xb5, 0x50, 0xb5, 0xf5, 0x22, 0xd6, 0x07, 0xbf, 0x44, 0x25,
    0x7f, 0x9c, 0xe6, 0x1e, 0x36, 0xcd, 0xf2, 0x1b, 0xcd, 0xae, 0x3f, 0xde,
    0xf9, 0x03, 0xd5, 0x11, 0x0a, 0xff, 0xd6, 0xe7, 0xd5, 0x25, 0x0d, 0xc5,
    0xe9, 0xef, 0x13, 0x15, 0xc4, 0x81, 0xf5, 0xcb, 0x61, 0xbc, 0xa7, 0x25,
    0x2e, 0xf5, 0xe7, 0xc8, 0x0f, 0xc7, 0x1d, 0xea, 0xc1, 0x1f, 0xf0, 0xfd,
    0x7f, 0x76, 0xfd, 0xac, 0x05, 0x16, 0x51, 0x41, 0xcd, 0xd1, 0xeb, 0xd4,
    0xd3, 0x03, 0xfd, 0x2a, 0xd5, 0x95, 0xc5, 0x22, 0x05, 0x0e, 0xfc, 0x4a,
    0x04, 0x0e, 0x55, 0xfa, 0xb7, 0xe7, 0x99, 0xd1, 0xc5, 0x19, 0xb9, 0x81,
    0x0a, 0x1a, 0xea, 0xab, 0x0e, 0xda, 0xa4, 0xde, 0x34, 0xb0, 0xe5, 0xe4,
    0x5a, 0xf1, 0xfd, 0xdb, 0xfb, 0xa7, 0xfc, 0x60, 0xf4, 0x1a, 0x5f, 0xc9,
    0x3a, 0x42, 0x81, 0x96, 0x2d, 0x19, 0x2d, 0xd4, 0xf0, 0xe5, 0x90, 0xed,
    0x9c, 0xfb, 0x7a, 0xba, 0xf0, 0xea, 0x56, 0x49, 0x3c, 0x04, 0xea, 0x26,
    0x3e, 0xf1, 0x92, 0x1a, 0xc8, 0xfe, 0xe3, 0xf9, 0x24, 0x33, 0x1a, 0xc7,
    0x08, 0x1b, 0xa7, 0xd9, 0xfd, 0xd5, 0xfd, 0x59, 0x38, 0x49, 0x2e, 0xdd,
    0x3d, 0xed, 0x81, 0x35, 0xaa, 0x03, 0xb5, 0xba, 0x4c, 0xfe, 0xd5, 0x56,
    0x1a, 0xfd, 0x5e, 0x4d, 0xbc, 0xcc, 0x17, 0xc1, 0x46, 0xcf, 0x1e, 0xc7,
    0xf2, 0x4d, 0x9d, 0xeb, 0x47, 0xd3, 0xb4, 0xe5, 0x18, 0x2d, 0x05, 0x21,
    0x7f, 0x09, 0xfb, 0x0b, 0x75, 0x3e, 0xf8, 0x63, 0xe7, 0x21, 0x16, 0x1e,
    0x07, 0x07, 0xfe, 0x5a, 0xba, 0xde, 0x1a, 0x7f, 0x1a, 0xd9, 0xf1, 0xf1,
    0x6b, 0x34, 0xb2, 0x1b, 0x74, 0x0a, 0x41, 0xeb, 0x87, 0xd6, 0xfe, 0xcc,
    0xbc, 0x04, 0xaa, 0x05, 0xd3, 0xe2, 0x3e, 0xfb, 0xe5, 0x21, 0x32, 0x05,
    0xa5, 0xfd, 0xd9, 0xf8, 0x00, 0x44, 0x59, 0xb7, 0xff, 0x02, 0xdf, 0x66,
    0x81, 0xad, 0xd0, 0x0f, 0xfb, 0xbe, 0x0a, 0x03, 0x5f, 0x95, 0xb4, 0xf3,
    0x9c, 0xbe, 0xd6, 0x70, 0xf7, 0xed, 0xef, 0x2e, 0xa9, 0x32, 0xfe, 0x00,
    0xf6, 0xae, 0xf9, 0x0a, 0xdb, 0x45, 0xab, 0x11, 0xe1, 0xfa, 0x27, 0xe6,
    0xba, 0xfa, 0x29, 0xeb, 0xf2, 0x7f, 0x44, 0xe1, 0x33, 0x46, 0x08, 0xc7,
    0x02, 0xd8, 0x0d, 0x1d, 0x43, 0x3a, 0xb1, 0xda, 0x93, 0x30, 0xa3, 0xe1,
    0x7f, 0xdd, 0x1c, 0x07, 0x56, 0x2c, 0x0d, 0x72, 0x5f, 0xcd, 0xc5, 0xf7,
    0x93, 0x15, 0xe2, 0x40, 0xe5, 0x2e, 0x27, 0x01, 0x2e, 0xcf, 0xc1, 0x4c,
    0x04, 0x10, 0x0e, 0x15, 0xbf, 0xbc, 0x12, 0xee, 0xc3, 0xad, 0x2e, 0x3e,
    0x0b, 0x81, 0xca, 0x19, 0x0c, 0x0c, 0xeb, 0x3f, 0xde, 0xda, 0x0e, 0x2f,
    0xd6, 0xa4, 0x79, 0xe7, 0x08, 0xd8, 0x1d, 0x2d, 0x3e, 0x5a, 0x0d, 0x09,
    0x11, 0xf2, 0x1c, 0xe4, 0xf9, 0x26, 0x02, 0x0a, 0x1f, 0x08, 0x46, 0x9b,
    0x7f, 0x48, 0xd6, 0xda, 0x33, 0x43, 0x32, 0xe6, 0xc7, 0xd2, 0x1a, 0x2b,
    0x07, 0x0c, 0xa8, 0xcf, 0xc8, 0xbf, 0xd7, 0xd4, 0x06, 0x30, 0xf6, 0x1c,
    0x1f, 0xa9, 0x13, 0x46, 0x7f, 0x69, 0x0a, 0x05, 0x02, 0xdb, 0xb7, 0xee,
    0x66, 0xa8, 0xcc, 0x58, 0x1d, 0x02, 0x3b, 0x2f, 0xe8, 0xdf, 0x19, 0x05,
    0x10, 0x15, 0xd2, 0x32, 0xd3, 0xd6, 0x19, 0x3c, 0xe1, 0xc4, 0x7f, 0x03,
    0x15, 0x40, 0x0d, 0xdd, 0x07, 0xe0, 0x0a, 0x02, 0xd8, 0x2c, 0x0d, 0x6f,
    0xe8, 0xc5, 0xf4, 0xd6, 0xe4, 0x58, 0x0b, 0xe4, 0xff, 0x02, 0xed, 0xfa,
    0xb1, 0x81, 0xe0, 0xcc, 0xf3, 0xc7, 0xe2, 0xbc, 0x4e, 0x0f, 0xf8, 0x2e,
    0x20, 0x4c, 0x18, 0x06, 0xd0, 0xd3, 0xcc, 0xe6, 0x2c, 0xc6, 0xee, 0xd6,
    0x7f, 0x30, 0xe0, 0x28, 0xc5, 0xfb, 0x2b, 0x45, 0xcc, 0xef, 0x16, 0xb5,
    0xdc, 0x24, 0xe9, 0xac, 0x96, 0x14, 0xdb, 0x96, 0x02, 0xec, 0x10, 0x12,
    0x18, 0xbc, 0xfb, 0x0a, 0x29, 0xdc, 0x4c, 0x92, 0xae, 0x9f, 0xb4, 0xaf,
    0x5e, 0x4b, 0x95, 0x09, 0x01, 0x0d, 0xf3, 0x48, 0x25, 0xdc, 0x6e, 0x21,
    0x2b, 0x08, 0xc8, 0xea, 0x2c, 0xd8, 0xfa, 0x86, 0x1f, 0xe4, 0x04, 0x3f,
    0x81, 0xd5, 0xe9, 0x0b, 0x21, 0x13, 0xff, 0x7f, 0xbc, 0x23, 0xf8, 0x14,
    0x32, 0x11, 0xe6, 0x1d, 0x0f, 0x11, 0xe1, 0xf7, 0xeb, 0x37, 0x3f, 0x01,
    0xe0, 0x06, 0xef, 0x07, 0xe1, 0xcf, 0xf0, 0xda, 0x07, 0xf4, 0x0e, 0xdb,
    0x3c, 0x37, 0xbe, 0xea, 0xb8, 0x46, 0x7f, 0x3b, 0xb1, 0xd9, 0x22, 0xc6,
    0xd5, 0x01, 0xf4, 0x3e, 0x0b, 0x9f, 0xc1, 0x27, 0x1f, 0x69, 0x2a, 0x59,
    0xd6, 0xa2, 0xc1, 0xdd, 0x43, 0xdf, 0xde, 0xdb, 0x1e, 0xb8, 0x21, 0x25,
    0x40, 0x1b, 0xdc, 0xcb, 0x15, 0xed, 0x30, 0xd8, 0xd3, 0x6c, 0xf8, 0x21,
    0xe1, 0x49, 0xba, 0x50, 0x90, 0xe9, 0xb3, 0x02, 0xe9, 0x03, 0x23, 0xce,
    0xe4, 0xec, 0x81, 0xee, 0x7f, 0xde, 0x11, 0x50, 0xc9, 0x43, 0x84, 0x10,
    0xa7, 0x11, 0x1e, 0x17, 0x3d, 0x1d, 0xd8, 0x6a, 0x32, 0x2c, 0x6f, 0xfb,
    0xf9, 0xcd, 0xf4, 0xfb, 0xdc, 0xbe, 0x34, 0xae, 0x51, 0x10, 0x63, 0xac,
    0x86, 0xac, 0xf8, 0x21, 0xb2, 0x29, 0x33, 0xe3, 0xc6, 0xed, 0x1f, 0xce,
    0x14, 0x6b, 0x77, 0x1e, 0xb5, 0x2c, 0x10, 0x10, 0x28, 0x1d, 0x81, 0x4a,
    0xf6, 0x3d, 0xdf, 0x7c, 0x69, 0x97, 0x03, 0xd1, 0x01, 0x5a, 0x2c, 0x17,
    0x01, 0x09, 0x68, 0x21, 0x2c, 0x81, 0x4f, 0xf1, 0xd5, 0xf9, 0xe6, 0x0b,
    0x41, 0x2e, 0x22, 0x0e, 0x59, 0xf4, 0x6c, 0x09, 0xe5, 0xbc, 0x30, 0x09,
    0x1f, 0xcd, 0xe9, 0x07, 0xdc, 0x6a, 0x7f, 0x4f, 0x25, 0xe9, 0x4f, 0x5a,
    0xaf, 0xd5, 0xad, 0x41, 0xcd, 0x0a, 0x4e, 0x97, 0x02, 0xe6, 0x12, 0x8f,
    0x02, 0x25, 0x1f, 0x07, 0x37, 0xba, 0x33, 0x0f, 0x55, 0xc9, 0xe7, 0x74,
    0xe3, 0x12, 0xfb, 0x38, 0xfe, 0xd6, 0xd1, 0xef, 0x08, 0x1f, 0xa4, 0xcd,
    0xe0, 0xcd, 0xea, 0xfb, 0xcd, 0xb1, 0xe6, 0x34, 0x37, 0xa1, 0x7f, 0x12,
    0xe7, 0x10, 0xdb, 0xc7, 0xdd, 0xe0, 0x31, 0x28, 0xba, 0xf2, 0xef, 0xed,
    0x18, 0xf3, 0xd4, 0xf2, 0x3b, 0x26, 0xef, 0xdc, 0x7f, 0x57, 0x0f, 0x07,
    0xf4, 0x42, 0x44, 0x4a, 0xdc, 0xd5, 0xba, 0xf0, 0xfa, 0xfa, 0x3e, 0x0b,
    0x85, 0xee, 0x29, 0x0b, 0x01, 0xf1, 0xd2, 0xde, 0xe5, 0xe8, 0xec, 0xe6,
    0x37, 0xf4, 0x10, 0x24, 0x7f, 0x15, 0x17, 0xce, 0xfe, 0xec, 0x26, 0x15,
    0xd4, 0xc3, 0xf0, 0x20, 0xdd, 0x55, 0xf4, 0x01, 0x26, 0xc2, 0xd1, 0xf1,
    0x70, 0x2f, 0x0f, 0x08, 0xe3, 0x07, 0x28, 0x29, 0x37, 0x3b, 0xd9, 0xf2,
    0x24, 0x15, 0x81, 0x35, 0x0f, 0xdb, 0x4a, 0x1c, 0x0e, 0x24, 0x1f, 0x22,
    0xd5, 0xf7, 0x35, 0x00, 0x14, 0x2e, 0x0c, 0x26, 0x0c, 0x0f, 0xeb, 0x01,
    0x0d, 0x00, 0x08, 0x00, 0x17, 0xfb, 0x81, 0xc3, 0x19, 0x52, 0xd7, 0x07,
    0x26, 0xe5, 0x90, 0xd9, 0xf6, 0x64, 0xef, 0x50, 0x2d, 0x02, 0x2a, 0xff,
    0xc2, 0x09, 0x97, 0x16, 0x16, 0x48, 0xc1, 0x4d, 0x5b, 0x51, 0x54, 0xcc,
    0x07, 0x35, 0x20, 0xc9, 0x57, 0x6b, 0x16, 0xf7, 0x6c, 0x60, 0x28, 0xde,
    0x81, 0x25, 0x72, 0xa4, 0xd3, 0x1b, 0x61, 0xe6, 0x2f, 0x27, 0x4c, 0xee,
    0xb8, 0x4e, 0x30, 0x08, 0x81, 0x15, 0x3d, 0xfa, 0xae, 0xaa, 0x13, 0x47,
    0x16, 0xd3, 0x0c, 0xb9, 0xeb, 0xe6, 0xfc, 0xcf, 0xd3, 0x1e, 0x9f, 0xd4,
    0x89, 0xdf, 0xd7, 0xad, 0x2c, 0xf9, 0x6d, 0xdc, 0x8b, 0x09, 0x32, 0x81,
    0xce, 0x45, 0x2a, 0x3c, 0xf7, 0xea, 0xb8, 0x19, 0x15, 0x3a, 0x65, 0x07,
    0x10, 0x1f, 0x1c, 0xe7, 0x11, 0x19, 0xeb, 0xba, 0x2d, 0x0c, 0xd0, 0x38,
    0xd6, 0x1f, 0xf4, 0x22, 0xd7, 0x2f, 0x23, 0x37, 0x23, 0xf6, 0xbe, 0xa4,
    0xf5, 0x41, 0x2c, 0x05, 0x2b, 0xec, 0x09, 0xcd, 0xfe, 0x31, 0x46, 0xe5,
    0xdc, 0x65, 0x31, 0x1c, 0xc4, 0xec, 0xc8, 0xab, 0x81, 0x14, 0x38, 0xca,
    0x0a, 0x7f, 0xa9, 0xb8, 0x09, 0x29, 0xf3, 0x2a, 0xd0, 0x13, 0x2a, 0x15,
    0x32, 0x16, 0xef, 0x10, 0xff, 0x0c, 0x0e, 0xdd, 0x27, 0x14, 0xc1, 0x4d,
    0x37, 0xb7, 0x14, 0xe4, 0x21, 0xf6, 0xf8, 0xcf, 0x6a, 0x0f, 0x0d, 0x14,
    0xe9, 0xf0, 0xdf, 0xe1, 0x8b, 0x38, 0x20, 0x7f, 0x19, 0xd9, 0x08, 0xfa,
    0x0b, 0x28, 0xe7, 0xba, 0x02, 0xf7, 0xea, 0x07, 0xcb, 0x24, 0x27, 0xb4,
    0x0e, 0xf8, 0xf1, 0xdd, 0x58, 0x07, 0x32, 0xd3, 0xc2, 0x74, 0xe0, 0x1d,
    0x35, 0xe2, 0x06, 0xee, 0xc6, 0x49, 0xb4, 0xe8, 0xe8, 0x38, 0xd9, 0x07,
    0xf1, 0x45, 0x1b, 0x22, 0xee, 0x7f, 0x20, 0xe4, 0x03, 0xb8, 0x56, 0xc9,
    0x12, 0xc9, 0xca, 0xeb, 0xd2, 0xc9, 0xd0, 0xf0, 0xcf, 0x92, 0xc1, 0xf9,
    0x25, 0x1f, 0x36, 0x81, 0x0e, 0xb2, 0xdb, 0x2f, 0x4c, 0xf9, 0xdb, 0xe4,
    0x2f, 0xc5, 0xf7, 0xc9, 0x06, 0xb3, 0x4d, 0x0d, 0xda, 0x3e, 0xe7, 0xe7,
    0xed, 0xe3, 0x0b, 0x15, 0xc4, 0xe1, 0x33, 0x2e, 0xbc, 0xb0, 0x14, 0x9e,
    0xe6, 0xbb, 0xec, 0x72, 0x15, 0xdc, 0xbd, 0x0f, 0x7f, 0xef, 0x60, 0x1c,
    0x1a, 0x5f, 0xff, 0x39, 0xd8, 0xe3, 0x63, 0xcb, 0xa9, 0xea, 0x48, 0xc9,
    0xbb, 0x45, 0x60, 0xd4, 0xac, 0x3f, 0xfe, 0xf5, 0xef, 0x92, 0x7f, 0xe0,
    0xcb, 0x64, 0xfb, 0xed, 0x2f, 0xd7, 0x57, 0xef, 0x20, 0xb0, 0xe1, 0x37,
    0x25, 0x5a, 0x23, 0x5b, 0xe5, 0xad, 0x50, 0xf8, 0xeb, 0x1d, 0xd6, 0x7f,
    0xd1, 0x53, 0xe6, 0x00, 0xf5, 0x83, 0xe2, 0x2c, 0x1d, 0x2c, 0x15, 0xfe,
    0x4f, 0x49, 0xf6, 0x87, 0xdf, 0xf3, 0x3d, 0x9b, 0xe8, 0xef, 0x1e, 0x26,
    0x2b, 0x90, 0xcb, 0x53, 0x0a, 0xfa, 0xef, 0xfc, 0xde, 0x0e, 0xfe, 0xbe,
    0xf9, 0x85, 0x0d, 0xb3, 0x11, 0x62, 0xf3, 0x7f, 0x23, 0xb3, 0x74, 0xf8,
    0x20, 0x0b, 0xe5, 0xc3, 0xf2, 0x81, 0xaf, 0x4a, 0x03, 0xd1, 0xff, 0xcc,
    0x24, 0x2b, 0x08, 0x4c, 0xe3, 0x06, 0x45, 0x22, 0xce, 0xea, 0xcd, 0x19,
    0x10, 0xfb, 0xfe, 0xd7, 0x79, 0xc0, 0xbc, 0x5a, 0xdb, 0xfd, 0xda, 0x5c,
    0x04, 0xeb, 0x49, 0x1a, 0xd1, 0x15, 0x0f, 0xad, 0x41, 0xe5, 0x05, 0x1b,
    0x4f, 0x0b, 0x14, 0x27, 0xf1, 0x1a, 0x19, 0xaa, 0x98, 0xcd, 0xf0, 0x3d,
    0xf0, 0x71, 0x81, 0x1a, 0xc0, 0x02, 0xeb, 0x73, 0x24, 0xf2, 0x19, 0xe2,
    0xc9, 0x54, 0xf9, 0xdf, 0x42, 0x14, 0x2a, 0xd1, 0x78, 0xae, 0x40, 0x63,
    0xd3, 0xcc, 0xac, 0xe6, 0xde, 0x25, 0x7f, 0x4c, 0x27, 0x4d, 0xdc, 0x8a,
    0x58, 0x0a, 0x5f, 0x1f, 0xb4, 0xa3, 0x0d, 0x81, 0x34, 0x12, 0xd8, 0x24,
    0x4b, 0x63, 0xa5, 0x55, 0xf7, 0xfb, 0x4e, 0x42, 0x1e, 0x11, 0x2c, 0x13,
    0x34, 0xc5, 0x88, 0x1a, 0x1a, 0x3a, 0x10, 0xf1, 0xd5, 0xb1, 0x4d, 0xff,
    0xe2, 0xc6, 0x00, 0x1d, 0xa1, 0x0b, 0x04, 0x7b, 0xe6, 0x1f, 0xcf, 0xf1,
    0xd1, 0xac, 0xa9, 0xce, 0x34, 0x8e, 0x10, 0x0f, 0xfa, 0xeb, 0x19, 0x7f,
    0x49, 0xde, 0xfa, 0xa1, 0xdb, 0xe3, 0x1a, 0x11, 0x07, 0xd3, 0x55, 0xd2,
    0x55, 0xdc, 0xfd, 0xaa, 0x21, 0xf6, 0xe0, 0xef, 0xc0, 0x08, 0x0a, 0xf8,
    0xf5, 0xc9, 0xf4, 0x9e, 0x81, 0x36, 0x53, 0x45, 0xe3, 0x45, 0xf9, 0xfd,
    0xe9, 0xb9, 0x15, 0xd4, 0x03, 0xf3, 0x93, 0xef, 0xfd, 0xe2, 0x38, 0x7f,
    0xe0, 0xf7, 0x5e, 0x08, 0x9d, 0xe3, 0xd3, 0xd3, 0x2f, 0xdb, 0x1f, 0xc6,
    0xf8, 0x06, 0x59, 0x4e, 0xe8, 0xdf, 0xc8, 0xe1, 0x41, 0x9d, 0x14, 0x05,
    0xe1, 0x98, 0x25, 0x81, 0x36, 0x09, 0x29, 0xe6, 0x31, 0x70, 0xb4, 0x3e,
    0xe4, 0xa8, 0x03, 0xa0, 0xb5, 0x57, 0xb4, 0xeb, 0x10, 0xfb, 0xa5, 0xec,
    0x2a, 0x60, 0x36, 0xaa, 0xc9, 0xb3, 0xfa, 0x32, 0xa8, 0xb1, 0xa6, 0x9d,
    0x45, 0x0c, 0xb5, 0xf1, 0xd2, 0x3f, 0x81, 0x03, 0xa2, 0xb9, 0x1f, 0x72,
    0xfe, 0x9b, 0x9e, 0xea, 0x0a, 0x2e, 0xce, 0xd1, 0x0f, 0xd3, 0x07, 0x3e,
    0x8d, 0xe8, 0x71, 0x66, 0x1a, 0x44, 0xed, 0x14, 0x39, 0x07, 0x14, 0x36,
    0xd7, 0x1a, 0x9b, 0x81, 0xfb, 0xf0, 0x52, 0xde, 0x25, 0xe5, 0x16, 0x26,
    0xd9, 0x05, 0xeb, 0x9a, 0x11, 0x3b, 0xbf, 0xdd, 0x1b, 0x20, 0x61, 0xf4,
    0xfd, 0x76, 0x10, 0xc9, 0x03, 0xbe, 0x81, 0xc4, 0x89, 0x24, 0x11, 0x16,
    0x9f, 0x30, 0xdc, 0xbd, 0x2c, 0xfd, 0xf2, 0xcf, 0xeb, 0x06, 0xfb, 0xfb,
    0xb2, 0x1a, 0xfe, 0x25, 0x8f, 0xcb, 0x12, 0x4f, 0xe0, 0xc7, 0xfb, 0x0a,
    0x4c, 0xf8, 0xd8, 0xed, 0x23, 0x37, 0x8d, 0x3c, 0xe0, 0xe7, 0x62, 0xbc,
    0xce, 0x8c, 0xf5, 0x45, 0x2f, 0x0a, 0xda, 0xef, 0xe7, 0xe9, 0x81, 0x67,
    0xfd, 0x3c, 0x16, 0x0f, 0x6b, 0xe8, 0x03, 0xb2, 0xc2, 0x14, 0x10, 0xe8,
    0xc7, 0x13, 0x29, 0xde, 0x0f, 0xfc, 0x42, 0x0e, 0xd8, 0xc4, 0x3c, 0xf0,
    0x1b, 0x0f, 0x18, 0xe4, 0xcf, 0x3f, 0x27, 0xff, 0x81, 0x27, 0xe9, 0x01,
    0xa8, 0xdd, 0x0c, 0x56, 0xd4, 0xee, 0xb8, 0xa7, 0xf7, 0x30, 0xf9, 0x5c,
    0xd3, 0xe4, 0x11, 0xc1, 0x7f, 0x24, 0x29, 0x3f, 0x26, 0xc2, 0xf4, 0xfc,
    0x22, 0x65, 0xbc, 0x2a, 0xf2, 0x27, 0xba, 0x4d, 0xc8, 0xd9, 0x11, 0xe4,
    0x06, 0x7f, 0xfa, 0xe7, 0x64, 0x71, 0x00, 0x58, 0x07, 0x01, 0x27, 0xc5,
    0x2d, 0xdc, 0xba, 0x02, 0x28, 0xb2, 0xff, 0xc5, 0x00, 0x13, 0xb6, 0xcf,
    0x15, 0x0d, 0x1e, 0x23, 0xe3, 0x99, 0x40, 0x0b, 0x10, 0x44, 0xf9, 0x4b,
    0xe7, 0xbb, 0xf1, 0xea, 0x3a, 0x1b, 0x24, 0x3a, 0xce, 0xfe, 0x42, 0x81,
    0x0f, 0xbe, 0x38, 0xe3, 0x40, 0x07, 0x45, 0x0d, 0x68, 0x30, 0x91, 0x0b,
    0xe3, 0x0f, 0xea, 0x33, 0xcc, 0x19, 0xeb, 0x05, 0x81, 0x01, 0x1e, 0x16,
    0x50, 0xd3, 0xbd, 0xf4, 0x42, 0x47, 0x4e, 0xfe, 0x89, 0x47, 0x59, 0x25,
    0x21, 0x03, 0x30, 0x98, 0x00, 0xeb, 0xcb, 0x83, 0x16, 0xcd, 0x55, 0x34,
    0xce, 0x3b, 0xc9, 0x2a, 0xf2, 0xfa, 0x2f, 0x24, 0x7e, 0xe5, 0x1e, 0x22,
    0x12, 0x7b, 0xdf, 0xf8, 0xa5, 0x0d, 0xbc, 0x07, 0xcd, 0xa9, 0xb3, 0x7f,
    0x15, 0x4e, 0xe9, 0x9c, 0x1a, 0xea, 0xb9, 0xd3, 0xbd, 0x39, 0x24, 0xc5,
    0xfd, 0x06, 0xee, 0x18, 0x0c, 0xb6, 0x6e, 0xba, 0xc5, 0x81, 0xec, 0x28,
    0xe5, 0x74, 0xf9, 0xe0, 0x14, 0xfb, 0x6a, 0x0d, 0x78, 0xef, 0x15, 0x1f,
    0x46, 0x0e, 0x4c, 0xea, 0xf4, 0x3e, 0xf2, 0x35, 0xb6, 0xf2, 0x08, 0xef,
    0x39, 0x31, 0x2b, 0x46, 0xb5, 0x09, 0x35, 0x7f, 0xe9, 0x05, 0x41, 0xf2,
    0xfa, 0x4e, 0xec, 0x26, 0x2a, 0xeb, 0xd3, 0xc5, 0xcc, 0xd4, 0xe6, 0xdc,
    0x13, 0xc8, 0x05, 0x15, 0xdd, 0x20, 0xa3, 0xe3, 0xd5, 0x22, 0xe8, 0x15,
    0xe4, 0xf2, 0xe3, 0xde, 0xd1, 0xd1, 0x81, 0xec, 0xf8, 0xf0, 0xc1, 0xf2,
    0xf4, 0x14, 0xc2, 0x08, 0x30, 0xd4, 0x00, 0xf9, 0xd6, 0xd4, 0xb6, 0x11,
    0xdd, 0xf5, 0xe8, 0xc3, 0xef, 0x0e, 0x9d, 0x0e, 0xe9, 0x7f, 0xe1, 0xf4,
    0x09, 0x14, 0x16, 0xc5, 0xfb, 0x1c, 0xea, 0xe9, 0x39, 0x1b, 0xfb, 0xee,
    0x1e, 0x2d, 0x93, 0xde, 0xf5, 0x24, 0x96, 0x68, 0x5f, 0x0f, 0xe9, 0x15,
    0xe5, 0x2d, 0x07, 0xe6, 0x11, 0xff, 0xfb, 0xda, 0x4b, 0x69, 0xe7, 0x03,
    0x49, 0x17, 0xfe, 0x40, 0xf5, 0x1c, 0x2b, 0x7f, 0x06, 0xa4, 0x33, 0xee,
    0xf6, 0x38, 0x42, 0x1b, 0x81, 0x22, 0x86, 0xda, 0xfd, 0xd9, 0xed, 0xf2,
    0x10, 0xd6, 0xb0, 0x1e, 0x08, 0xd5, 0x0b, 0x31, 0x0f, 0xbc, 0x20, 0x1b,
    0xf4, 0xed, 0x31, 0x16, 0x6b, 0x50, 0x65, 0x13, 0x6a, 0xb5, 0xb6, 0x81,
    0x25, 0x26, 0x51, 0xd8, 0x72, 0xe8, 0x03, 0x23, 0x1a, 0x20, 0x15, 0x02,
    0x3a, 0xc2, 0xe9, 0xcb, 0xe5, 0xe7, 0xf9, 0xfd, 0xd3, 0x3e, 0x0a, 0xf1,
    0xf3, 0x9f, 0xe0, 0xaa, 0x28, 0x02, 0xb7, 0xf8, 0x23, 0xd3, 0x35, 0xe8,
    0x81, 0xd1, 0xc6, 0x10, 0xe5, 0x17, 0xf2, 0xc0, 0x06, 0x13, 0x42, 0x0b,
    0x24, 0xe2, 0xd9, 0x12, 0x7c, 0xfc, 0xfb, 0xc2, 0xee, 0xe7, 0x1e, 0xb2,
    0x3a, 0xfc, 0x3b, 0x03, 0xea, 0xb3, 0xe7, 0x0d, 0xf0, 0xd0, 0xfc, 0xdd,
    0xe3, 0x96, 0xfe, 0xba, 0xf0, 0xd5, 0x20, 0x2b, 0x5a, 0xf6, 0xd9, 0x35,
    0xf5, 0x7f, 0x0a, 0x07, 0xcd, 0x61, 0xf2, 0xf4, 0x25, 0x61, 0xed, 0x4a,
    0xbc, 0x40, 0x96, 0x5e, 0x2d, 0xfe, 0xfb, 0xe3, 0x0f, 0x02, 0x84, 0xe1,
    0xf7, 0xa9, 0x15, 0xeb, 0x81, 0x94, 0x0d, 0x56, 0xe7, 0xe1, 0x3c, 0xe1,
    0xd7, 0x07, 0x9b, 0xef, 0x01, 0x9f, 0xfc, 0xfe, 0xfb, 0x08, 0xd0, 0x25,
    0x1e, 0x63, 0x14, 0xe2, 0xcc, 0xe3, 0xf9, 0xed, 0x1b, 0x0a, 0x15, 0xa2,
    0x08, 0x01, 0xd3, 0x5e, 0xdd, 0x18, 0x7f, 0x1a, 0xf1, 0xd1, 0x20, 0xd3,
    0xe4, 0x52, 0x0c, 0x0e, 0x23, 0x29, 0x25, 0x36, 0x3a, 0x0f, 0xba, 0xd2,
    0x81, 0x09, 0xbb, 0x3d, 0x1b, 0x33, 0xda, 0xb2, 0xe2, 0x13, 0x4f, 0x16,
    0x07, 0xd4, 0xd6, 0xef, 0xc6, 0xd3, 0xfc, 0xbd, 0x4e, 0xca, 0x0c, 0x81,
    0x6a, 0xee, 0xa4, 0xc3, 0x7a, 0xf1, 0x4d, 0xf4, 0xa5, 0x18, 0xdf, 0x1e,
    0x14, 0xdd, 0x9e, 0xbf, 0x15, 0x9b, 0x2b, 0xc9, 0xef, 0x00, 0x32, 0xf2,
    0x21, 0x08, 0xfb, 0xf3, 0xfd, 0x12, 0x24, 0x03, 0x31, 0x46, 0xab, 0x05,
    0xec, 0x0a, 0x22, 0x16, 0xb4, 0x1c, 0x4e, 0xfc, 0xd4, 0x85, 0xfb, 0x34,
    0x9f, 0xe4, 0x7f, 0xfd, 0x24, 0x7f, 0xa4, 0xdd, 0x54, 0xae, 0x11, 0xc9,
    0xd8, 0xcf, 0xed, 0xac, 0xeb, 0x93, 0x58, 0xff, 0x01, 0x33, 0xcf, 0x81,
    0xf7, 0xe0, 0x27, 0xfd, 0x3f, 0xd8, 0xc1, 0x03, 0x0c, 0xd9, 0xb4, 0x1c,
    0xf1, 0xf6, 0x26, 0x13, 0xd9, 0x52, 0x11, 0xfe, 0x83, 0xf9, 0xb0, 0xfc,
    0x9b, 0x12, 0xe7, 0xbb, 0xcd, 0x12, 0xd6, 0x28, 0xce, 0xe8, 0x07, 0x16,
    0x0a, 0x81, 0xe8, 0xf7, 0x1c, 0xc7, 0x07, 0x0e, 0xdf, 0xa4, 0x40, 0x26,
    0x24, 0xfd, 0xf8, 0x37, 0x09, 0x33, 0xcd, 0xca, 0x0f, 0x81, 0xd9, 0x19,
    0xff, 0xe4, 0x14, 0x0b, 0xf3, 0x02, 0xea, 0xe1, 0xda, 0xfb, 0xfe, 0x00,
    0x1c, 0xe3, 0x28, 0xd5, 0xc7, 0xd1, 0xbb, 0x46, 0xf1, 0x4c, 0x9a, 0xe2,
    0x1a, 0xd3, 0xe1, 0xa4, 0x02, 0x37, 0xeb, 0xb3, 0x16, 0xcd, 0x7a, 0x0d,
    0x06, 0x22, 0xdb, 0xf4, 0x36, 0xc6, 0xe6, 0xf6, 0x19, 0x21, 0x27, 0x2e,
    0x7f, 0xa8, 0xf2, 0x44, 0x02, 0xe0, 0x73, 0x79, 0x5f, 0x2b, 0x1a, 0xdc,
    0xc0, 0x2a, 0x36, 0xb3, 0x44, 0x28, 0x2f, 0xee, 0x34, 0x00, 0xbb, 0x2e,
    0x28, 0x0d, 0x81, 0x00, 0x1c, 0xe7, 0xe8, 0xeb, 0x13, 0x4c, 0x00, 0xfc,
    0x31, 0x6e, 0x81, 0x14, 0x46, 0x7d, 0x3f, 0x19, 0xcb, 0xf3, 0xfb, 0xd2,
    0x33, 0x34, 0xf3, 0x96, 0x27, 0xed, 0xd3, 0xc0, 0x65, 0x0f, 0x3a, 0xbf,
    0x1d, 0x3c, 0xdf, 0xae, 0x11, 0x8c, 0x50, 0xb2, 0xc0, 0x7f, 0x2f, 0x32,
    0xd7, 0x7d, 0xd6, 0x0d, 0xf1, 0xba, 0xfb, 0x48, 0xcc, 0x79, 0x37, 0xfc,
    0xe4, 0x42, 0xf8, 0x0c, 0x56, 0x15, 0x3a, 0x5d, 0x63, 0xfc, 0xcc, 0xcb,
    0xe2, 0x4e, 0x54, 0xce, 0xaa, 0xd9, 0x2c, 0xcc, 0x15, 0xf0, 0x18, 0xde,
    0x2e, 0x7f, 0x20, 0xfb, 0x14, 0xda, 0x12, 0x02, 0x10, 0xff, 0x45, 0xea,
    0xe5, 0xd1, 0xc4, 0x01, 0xdd, 0x05, 0x86, 0xa4, 0x28, 0x4d, 0x40, 0x23,
    0xba, 0xa3, 0xff, 0xff, 0x04, 0x00, 0x00, 0x00, 0x80, 0x00, 0x00, 0x00,
    0x7f, 0x81, 0x81, 0x81, 0x81, 0x7f, 0x81, 0x7f, 0x7f, 0x7f, 0x81, 0x7f,
    0x7f, 0x81, 0x7f, 0x81, 0x81, 0x7f, 0x7f, 0x7f, 0x81, 0x7f, 0x7f, 0x81,
    0x7f, 0x7f, 0x7f, 0x7f, 0x81, 0x81, 0x81, 0x7f, 0x7f, 0x7f, 0x81, 0x81,
    0x7f, 0x81, 0x81, 0x81, 0x7f, 0x7f, 0x81, 0x7f, 0x81, 0x81, 0x81, 0x7f,
    0x7f, 0x81, 0x7f, 0x81, 0x81, 0x81, 0x81, 0x7f, 0x7f, 0x81, 0x7f, 0x81,
    0x7f, 0x81, 0x7f, 0x7f, 0x81, 0x7f, 0x81, 0x81, 0x7f, 0x7f, 0x81, 0x81,
    0x81, 0x7f, 0x81, 0x7f, 0x7f, 0x7f, 0x7f, 0x81, 0x7f, 0x7f, 0x81, 0x7f,
    0x81, 0x81, 0x81, 0x81, 0x81, 0x7f, 0x81, 0x7f, 0x81, 0x7f, 0x7f, 0x7f,
    0x81, 0x7f, 0x7f, 0x7f, 0x7f, 0x81, 0x7f, 0x81, 0x7f, 0x81, 0x7f, 0x7f,
    0x81, 0x81, 0x7f, 0x81, 0x81, 0x7f, 0x81, 0x81, 0x81, 0x7f, 0x81, 0x7f,
    0x7f, 0x7f, 0x81, 0x81, 0x7f, 0x7f, 0x81, 0x7f, 0x46, 0xa4, 0xff, 0xff,
    0x04, 0x00, 0x00, 0x00, 0x80, 0x00, 0x00, 0x00, 0x98, 0x99, 0x8a, 0x97,
    0x90, 0x90, 0x9a, 0x8e, 0x8e, 0x93, 0x8e, 0x85, 0x99, 0x8c, 0x95, 0x8a,
    0x99, 0x94, 0x91, 0x8e, 0x94, 0x95, 0x93, 0x8f, 0x94, 0x96, 0x8c, 0x95,
    0x96, 0x8a, 0x8e, 0x95, 0x7e, 0x73, 0x6e, 0x7c, 0x6f, 0x71, 0x7b, 0x74,
    0x6e, 0x73, 0x70, 0x64, 0x7f, 0x6b, 0x7a, 0x6e, 0x74, 0x77, 0x75, 0x72,
    0x77, 0x75, 0x74, 0x6f, 0x78, 0x79, 0x6a, 0x75, 0x77, 0x6a, 0x70, 0x78,
    0x98, 0x90, 0x8d, 0x9b, 0x89, 0x91, 0x8c, 0x92, 0x8d, 0x8e, 0x95, 0x89,
    0x89, 0x91, 0x84, 0x96, 0x8f, 0x80, 0x92, 0x8c, 0x8d, 0x91, 0x9b, 0x92,
    0x90, 0x88, 0x93, 0x88, 0x91, 0x8c, 0x93, 0x8b, 0x9b, 0x9a, 0x8c, 0x97,
    0x8f, 0x91, 0x9d, 0x90, 0x8c, 0x94, 0x8f, 0x85, 0x99, 0x8c, 0x97, 0x8c,
    0x9a, 0x95, 0x93, 0x93, 0x95, 0x95, 0x95, 0x90, 0x96, 0x98, 0x8c, 0x96,
    0x96, 0x8a, 0x92, 0x97, 0x54, 0x7e, 0xff, 0xff, 0x58, 0x7e, 0xff, 0xff,
    0x5c, 0x7e, 0xff, 0xff, 0x60, 0x7e, 0xff, 0xff, 0x64, 0x7e, 0xff, 0xff,
    0x68, 0x7e, 0xff, 0xff, 0x6c, 0x7e, 0xff, 0xff, 0x70, 0x7e, 0xff, 0xff,
    0x74, 0x7e, 0xff, 0xff, 0x78, 0x7e, 0xff, 0xff, 0x7c, 0x7e, 0xff, 0xff,
    0x80, 0x7e, 0xff, 0xff, 0x84, 0x7e, 0xff, 0xff, 0x88, 0x7e, 0xff, 0xff,
    0x8c, 0x7e, 0xff, 0xff, 0x90, 0x7e, 0xff, 0xff, 0x94, 0x7e, 0xff, 0xff,
    0x98, 0x7e, 0xff, 0xff, 0x9c, 0x7e, 0xff, 0xff, 0xa0, 0x7e, 0xff, 0xff,
    0xa4, 0x7e, 0xff, 0xff, 0xa8, 0x7e, 0xff, 0xff, 0xac, 0x7e, 0xff, 0xff,
    0xb0, 0x7e, 0xff, 0xff, 0xb4, 0x7e, 0xff, 0xff, 0xb8, 0x7e, 0xff, 0xff,
    0xbc, 0x7e, 0xff, 0xff, 0xc0, 0x7e, 0xff, 0xff, 0xc4, 0x7e, 0xff, 0xff,
    0xc8, 0x7e, 0xff, 0xff, 0xcc, 0x7e, 0xff, 0xff, 0xd0, 0x7e, 0xff, 0xff,
    0xd4, 0x7e, 0xff, 0xff, 0xd8, 0x7e, 0xff, 0xff, 0xdc, 0x7e, 0xff, 0xff,
    0xe0, 0x7e, 0xff, 0xff, 0xe4, 0x7e, 0xff, 0xff, 0xe8, 0x7e, 0xff, 0xff,
    0xec, 0x7e, 0xff, 0xff, 0xf0, 0x7e, 0xff, 0xff, 0xf4, 0x7e, 0xff, 0xff,
    0xf8, 0x7e, 0xff, 0xff, 0xfc, 0x7e, 0xff, 0xff, 0x00, 0x7f, 0xff, 0xff,
    0x04, 0x7f, 0xff, 0xff, 0x08, 0x7f, 0xff, 0xff, 0x0c, 0x7f, 0xff, 0xff,
    0x10, 0x7f, 0xff, 0xff, 0x14, 0x7f, 0xff, 0xff, 0x18, 0x7f, 0xff, 0xff,
    0x1c, 0x7f, 0xff, 0xff, 0x20, 0x7f, 0xff, 0xff, 0x24, 0x7f, 0xff, 0xff,
    0x28, 0x7f, 0xff, 0xff, 0x2c, 0x7f, 0xff, 0xff, 0x30, 0x7f, 0xff, 0xff,
    0x34, 0x7f, 0xff, 0xff, 0x38, 0x7f, 0xff, 0xff, 0x3c, 0x7f, 0xff, 0xff,
    0x40, 0x7f, 0xff, 0xff, 0x44, 0x7f, 0xff, 0xff, 0xc6, 0xa5, 0xff, 0xff,
    0x04, 0x00, 0x00, 0x00, 0x01, 0x00, 0x00, 0x00, 0x00, 0x00, 0x00, 0x00,
    0xd6, 0xa5, 0xff, 0xff, 0x04, 0x00, 0x00, 0x00, 0x20, 0x00, 0x00, 0x00,
    0xac, 0xda, 0xe8, 0xaa, 0xe4, 0xfe, 0xe9, 0x5b, 0x65, 0xee, 0xc0, 0x55,
    0xbf, 0x46, 0xae, 0xcf, 0x02, 0xca, 0xcc, 0xc7, 0xb7, 0xed, 0xd9, 0xe4,
    0xb6, 0xe2, 0x0f, 0xb5, 0x2d, 0x7f, 0x55, 0xb3, 0x02, 0xa6, 0xff, 0xff,
    0x04, 0x00, 0x00, 0x00, 0x20, 0x00, 0x00, 0x00, 0x3c, 0x22, 0x23, 0x31,
    0x80, 0x15, 0x6b, 0x2b, 0xe1, 0x83, 0x51, 0xcd, 0x1a, 0x30, 0x95, 0x38,
    0xec, 0x16, 0x46, 0x85, 0xb7, 0x7f, 0x56, 0x6b, 0xc6, 0xee, 0x52, 0x83,
    0x36, 0xe7, 0xbb, 0x87, 0x2e, 0xa6, 0xff, 0xff, 0x04, 0x00, 0x00, 0x00,
    0x00, 0x02, 0x00, 0x00, 0x27, 0xb5, 0xe2, 0x79, 0x3a, 0x08, 0xee, 0x4b,
    0x81, 0x43, 0x1e, 0xb2, 0x7b, 0x8b, 0x0f, 0xd7, 0x35, 0x82, 0xd1, 0x85,
    0xa1, 0x25, 0xc5, 0x0a, 0x84, 0x19, 0xdd, 0x87, 0x9f, 0x5c, 0x7f, 0x23,
    0xb3, 0xa3, 0xe0, 0xdc, 0xbb, 0xbb, 0xb7, 0xf2, 0xa9, 0x0d, 0x49, 0x1f,
    0x24, 0x81, 0xb6, 0xf6, 0xab, 0x81, 0xee, 0x5e, 0x24, 0xe6, 0xcf, 0x2a,
    0x94, 0xe9, 0x45, 0xb4, 0x23, 0x8b, 0xa1, 0x47, 0xa8, 0x3a, 0xd5, 0xaf,
    0x89, 0xc8, 0x97, 0x90, 0x36, 0x4f, 0x9a, 0x1d, 0xa7, 0xb6, 0x92, 0x81,
    0xc2, 0x0a, 0x81, 0x14, 0x51, 0x3d, 0xd9, 0x76, 0x4c, 0x06, 0xd1, 0x0e,
    0x6b, 0x3f, 0xe5, 0x28, 0xe8, 0x7f, 0x92, 0x9f, 0xc1, 0xd7, 0x20, 0x40,
    0xfc, 0xeb, 0xce, 0x92, 0x1b, 0x64, 0xfa, 0xc2, 0xae, 0xdc, 0x0c, 0xb1,
    0xf8, 0x77, 0x33, 0x3a, 0x41, 0x78, 0x8c, 0x5d, 0xda, 0x6e, 0x81, 0x23,
    0x17, 0x38, 0xac, 0xfa, 0x57, 0x00, 0xfd, 0x4c, 0x5a, 0x7f, 0x5f, 0x49,
    0x47, 0xdd, 0x63, 0x6f, 0x04, 0xbe, 0x95, 0x70, 0x35, 0xb3, 0x19, 0xc0,
    0xa6, 0x87, 0xaa, 0xc0, 0x0f, 0x81, 0xf6, 0x32, 0xa0, 0x3a, 0x44, 0x39,
    0x37, 0xdc, 0x27, 0x7f, 0xb0, 0x35, 0xd6, 0x44, 0xdc, 0x12, 0xdd, 0xa0,
    0x28, 0xe6, 0x90, 0x8a, 0xbe, 0x21, 0x95, 0x72, 0x9f, 0xa3, 0xcf, 0xd8,
    0xb6, 0x1c, 0x7f, 0x61, 0xc0, 0x4f, 0x51, 0x6d, 0x81, 0xb7, 0x8d, 0x99,
    0x95, 0xb2, 0x0e, 0xd4, 0x6b, 0x92, 0xd0, 0xdc, 0xba, 0xd9, 0x7f, 0x03,
    0xd6, 0x2d, 0x5f, 0xa9, 0x06, 0x33, 0x8a, 0xe6, 0xdc, 0x25, 0xa8, 0x5b,
    0x81, 0xe7, 0xb1, 0xf0, 0xdc, 0x9b, 0x09, 0x35, 0xa7, 0x4a, 0xea, 0xd9,
    0x7f, 0xc3, 0x2f, 0x12, 0xde, 0x33, 0x21, 0xfa, 0x68, 0x1a, 0xe2, 0x7f,
    0x17, 0x09, 0xe1, 0x36, 0x1e, 0x19, 0xbc, 0x32, 0x82, 0x56, 0xff, 0x10,
    0x14, 0x09, 0xc5, 0x7f, 0xe9, 0xff, 0x6f, 0x77, 0x5b, 0x3e, 0x2c, 0x2b,
    0x9f, 0xaa, 0x27, 0x14, 0xfe, 0x9e, 0x0a, 0x5d, 0x85, 0x81, 0xb1, 0x0b,
    0x69, 0x4f, 0xa3, 0x41, 0x8c, 0xc5, 0x01, 0x70, 0x37, 0xa3, 0xd5, 0x5a,
    0x56, 0xfe, 0xc2, 0x54, 0x81, 0xf4, 0x50, 0xbb, 0x53, 0xe7, 0x14, 0xb4,
    0xe7, 0x0d, 0x4f, 0xe6, 0x43, 0xd5, 0xff, 0xcb, 0x81, 0xc8, 0x06, 0xbd,
    0xc1, 0xbb, 0xb1, 0x51, 0xd1, 0xa3, 0x08, 0x65, 0x81, 0xfd, 0x43, 0x21,
    0x44, 0xdd, 0xba, 0x6a, 0x34, 0x45, 0x5c, 0x00, 0xc4, 0x67, 0x11, 0x4b,
    0x1c, 0x73, 0x81, 0xb0, 0xd9, 0xf6, 0x09, 0xda, 0x32, 0x0a, 0x1d, 0xa9,
    0xb9, 0x4e, 0x74, 0xb9, 0x14, 0x7f, 0xf6, 0x4d, 0x2e, 0x0f, 0x88, 0x31,
    0x7f, 0x69, 0xaa, 0x3c, 0xeb, 0x0d, 0x41, 0xb8, 0x4e, 0xb0, 0xda, 0x6c,
    0xbc, 0x03, 0x0c, 0x20, 0xbd, 0xb9, 0x82, 0x54, 0xe7, 0x86, 0x31, 0xf4,
    0xc8, 0x3b, 0x7f, 0x16, 0xc2, 0xee, 0x24, 0x49, 0xd9, 0xdd, 0x14, 0x3f,
    0x0a, 0xd3, 0xd7, 0xc9, 0xe6, 0xbb, 0x8b, 0x48, 0x81, 0x9d, 0x4d, 0x31,
    0x16, 0x18, 0x2c, 0xf3, 0x2d, 0xc4, 0xb2, 0x3b, 0x0d, 0xe7, 0xd3, 0x00,
    0x37, 0x7f, 0x1e, 0x5c, 0x7f, 0xb4, 0x23, 0x93, 0x30, 0x2a, 0x08, 0xab,
    0xf9, 0x11, 0xe4, 0xf6, 0x28, 0x1a, 0x51, 0x87, 0xfa, 0x7f, 0xcf, 0x64,
    0x94, 0x03, 0xb2, 0xe3, 0x24, 0x66, 0xda, 0x1a, 0xba, 0xf5, 0x2d, 0xdb,
    0x3a, 0x81, 0x36, 0x37, 0x38, 0xbb, 0x23, 0x0c, 0x39, 0xfe, 0xfa, 0x9e,
    0x39, 0x2c, 0xe7, 0xca, 0xd5, 0xf3, 0x46, 0x7f, 0xb5, 0xe7, 0x42, 0x26,
    0x5a, 0x3a, 0xbd, 0xb2, 0xcd, 0xa3, 0xc3, 0x29, 0xed, 0xb3, 0x72, 0x20,
    0x2f, 0x55, 0xce, 0x38, 0xa5, 0x6a, 0xd1, 0xf7, 0x81, 0xce, 0xe5, 0x5a,
    0x3a, 0xa8, 0xff, 0xff, 0x04, 0x00, 0x00, 0x00, 0x80, 0x00, 0x00, 0x00,
    0xae, 0x0a, 0x00, 0x00, 0x83, 0xf4, 0xff, 0xff, 0xf3, 0x03, 0x00, 0x00,
    0xc2, 0x02, 0x00, 0x00, 0xed, 0xfb, 0xff, 0xff, 0x77, 0xfd, 0xff, 0xff,
    0x4e, 0x02, 0x00, 0x00, 0x8d, 0x09, 0x00, 0x00, 0xad, 0xfc, 0xff, 0xff,
    0xf8, 0xfe, 0xff, 0xff, 0x42, 0xfa, 0xff, 0xff, 0xed, 0xfa, 0xff, 0xff,
    0xd6, 0x00, 0x00, 0x00, 0x90, 0x07, 0x00, 0x00, 0x9f, 0x0f, 0x00, 0x00,
    0xbd, 0xff, 0xff, 0xff, 0x1d, 0x02, 0x00, 0x00, 0x46, 0xfc, 0xff, 0xff,
    0x30, 0xf9, 0xff, 0xff, 0x72, 0xfe, 0xff, 0xff, 0xca, 0x07, 0x00, 0x00,
    0x7d, 0x17, 0x00, 0x00, 0xe3, 0x05, 0x00, 0x00, 0x9b, 0xf3, 0xff, 0xff,
    0x27, 0x0a, 0x00, 0x00, 0x3d, 0xf9, 0xff, 0xff, 0x7a, 0xff, 0xff, 0xff,
    0x34, 0xf4, 0xff, 0xff, 0x0a, 0xfb, 0xff, 0xff, 0x37, 0x01, 0x00, 0x00,
    0xa3, 0x03, 0x00, 0x00, 0x98, 0x00, 0x00, 0x00, 0xc6, 0xa8, 0xff, 0xff,
    0x04, 0x00, 0x00, 0x00, 0x80, 0x00, 0x00, 0x00, 0x61, 0x0b, 0x3d, 0x58,
    0xfc, 0xff, 0xd8, 0x81, 0xc5, 0x55, 0x0c, 0xc3, 0x2d, 0xb4, 0x40, 0xe4,
    0xde, 0x38, 0xc6, 0x56, 0x42, 0xd0, 0x97, 0x3d, 0x3b, 0xf2, 0xbb, 0x1c,
    0x07, 0x36, 0xde, 0x8b, 0xe7, 0x18, 0x82, 0xf3, 0xcb, 0x04, 0xab, 0x6f,
    0x99, 0xb7, 0x61, 0xe3, 0xd5, 0x37, 0xc6, 0x28, 0x8d, 0x4b, 0xac, 0xc3,
    0xc9, 0x7f, 0x5b, 0xcb, 0xda, 0xf4, 0x31, 0xcc, 0xeb, 0x49, 0x6a, 0x44,
    0x50, 0x3a, 0xf0, 0x42, 0x45, 0x30, 0x12, 0xf5, 0x17, 0xf7, 0x28, 0xe1,
    0xa9, 0xa9, 0x3a, 0x2d, 0x20, 0x2f, 0x36, 0xff, 0x46, 0xc0, 0xd5, 0x11,
    0x35, 0x24, 0x3f, 0xf4, 0x2e, 0x22, 0x81, 0xb2, 0x18, 0x37, 0x02, 0x0d,
    0xc6, 0xd2, 0xf3, 0x6b, 0xd2, 0xfe, 0xba, 0x1d, 0xcf, 0x2f, 0xdd, 0xc9,
    0x81, 0xd0, 0xe9, 0x21, 0xae, 0x51, 0x51, 0x5e, 0x25, 0x43, 0x15, 0x48,
    0x62, 0x9f, 0xd8, 0xd1, 0x52, 0xa9, 0xff, 0xff, 0x04, 0x00, 0x00, 0x00,
    0x10, 0x00, 0x00, 0x00, 0x1f, 0x02, 0x00, 0x00, 0xfe, 0x01, 0x00, 0x00,
    0xc8, 0x01, 0x00, 0x00, 0x73, 0xfb, 0xff, 0xff, 0x6e, 0xa9, 0xff, 0xff,
    0x04, 0x00, 0x00, 0x00, 0x0c, 0x00, 0x00, 0x00, 0x01, 0x00, 0x00, 0x00,
    0x01, 0x00, 0x00, 0x00, 0x01, 0x00, 0x00, 0x00, 0x86, 0xa9, 0xff, 0xff,
    0x04, 0x00, 0x00, 0x00, 0x0c, 0x00, 0x00, 0x00, 0x00, 0x00, 0x00, 0x00,
    0x00, 0x00, 0x00, 0x00, 0x10, 0x00, 0x00, 0x00, 0x9e, 0xa9, 0xff, 0xff,
    0x04, 0x00, 0x00, 0x00, 0x0c, 0x00, 0x00, 0x00, 0xff, 0xff, 0xff, 0xff,
    0x00, 0x00, 0x00, 0x00, 0x00, 0x00, 0x00, 0x00, 0xb6, 0xa9, 0xff, 0xff,
    0x04, 0x00, 0x00, 0x00, 0x04, 0x00, 0x00, 0x00, 0x10, 0x00, 0x00, 0x00,
    0x48, 0x83, 0xff, 0xff, 0xca, 0xa9, 0xff, 0xff, 0x04, 0x00, 0x00, 0x00,
    0x0c, 0x00, 0x00, 0x00, 0x01, 0x00, 0x00, 0x00, 0x00, 0x00, 0x00, 0x00,
    0x02, 0x00, 0x00, 0x00, 0xe2, 0xa9, 0xff, 0xff, 0x04, 0x00, 0x00, 0x00,
    0x04, 0x00, 0x00, 0x00, 0x20, 0x00, 0x00, 0x00, 0x74, 0x83, 0xff, 0xff,
    0xf6, 0xa9, 0xff, 0xff, 0x04, 0x00, 0x00, 0x00, 0x04, 0x00, 0x00, 0x00,
    0x00, 0x00, 0x00, 0x00, 0x06, 0xaa, 0xff, 0xff, 0x04, 0x00, 0x00, 0x00,
    0x04, 0x00, 0x00, 0x00, 0x01, 0x00, 0x00, 0x00, 0x16, 0xaa, 0xff, 0xff,
    0x04, 0x00, 0x00, 0x00, 0x08, 0x00, 0x00, 0x00, 0xff, 0xff, 0xff, 0xff,
    0x10, 0x00, 0x00, 0x00, 0x2a, 0xaa, 0xff, 0xff, 0x04, 0x00, 0x00, 0x00,
    0x04, 0x00, 0x00, 0x00, 0x40, 0x00, 0x00, 0x00, 0x3a, 0xaa, 0xff, 0xff,
    0x04, 0x00, 0x00, 0x00, 0x08, 0x00, 0x00, 0x00, 0xff, 0xff, 0xff, 0xff,
    0x20, 0x00, 0x00, 0x00, 0xd0, 0x83, 0xff, 0xff, 0xd4, 0x83, 0xff, 0xff,
    0x0f, 0x00, 0x00, 0x00, 0x4d, 0x4c, 0x49, 0x52, 0x20, 0x43, 0x6f, 0x6e,
    0x76, 0x65, 0x72, 0x74, 0x65, 0x64, 0x2e, 0x00, 0x05, 0x00, 0x00, 0x00,
    0xd0, 0x4e, 0x00, 0x00, 0x1c, 0x4a, 0x00, 0x00, 0x88, 0x24, 0x00, 0x00,
    0xe4, 0x1f, 0x00, 0x00, 0x04, 0x00, 0x00, 0x00, 0x52, 0xb1, 0xff, 0xff,
    0x14, 0x00, 0x00, 0x00, 0x3c, 0x00, 0x00, 0x00, 0x48, 0x05, 0x00, 0x00,
    0x60, 0x05, 0x00, 0x00, 0x78, 0x05, 0x00, 0x00, 0x24, 0x00, 0x00, 0x00,
    0x73, 0x65, 0x71, 0x75, 0x65, 0x6e, 0x74, 0x69, 0x61, 0x6c, 0x5f, 0x31,
    0x33, 0x5f, 0x31, 0x2f, 0x6c, 0x73, 0x74, 0x6d, 0x5f, 0x31, 0x31, 0x5f,
    0x31, 0x2f, 0x77, 0x68, 0x69, 0x6c, 0x65, 0x5f, 0x62, 0x6f, 0x64, 0x79,
    0x00, 0x00, 0x00, 0x00, 0x17, 0x00, 0x00, 0x00, 0xec, 0x04, 0x00, 0x00,
    0xc8, 0x04, 0x00, 0x00, 0xa4, 0x04, 0x00, 0x00, 0x70, 0x04, 0x00, 0x00,
    0x38, 0x04, 0x00, 0x00, 0x04, 0x04, 0x00, 0x00, 0xd0, 0x03, 0x00, 0x00,
    0x98, 0x03, 0x00, 0x00, 0x64, 0x03, 0x00, 0x00, 0x30, 0x03, 0x00, 0x00,
    0xec, 0x02, 0x00, 0x00, 0xc8, 0x02, 0x00, 0x00, 0xa4, 0x02, 0x00, 0x00,
    0x70, 0x02, 0x00, 0x00, 0x4c, 0x02, 0x00, 0x00, 0x28, 0x02, 0x00, 0x00,
    0xf4, 0x01, 0x00, 0x00, 0xc0, 0x01, 0x00, 0x00, 0x9c, 0x01, 0x00, 0x00,
    0x78, 0x01, 0x00, 0x00, 0x44, 0x01, 0x00, 0x00, 0x20, 0x01, 0x00, 0x00,
    0x04, 0x00, 0x00, 0x00, 0x18, 0xaa, 0xff, 0xff, 0x10, 0x00, 0x00, 0x00,
    0xf8, 0x00, 0x00, 0x00, 0xfc, 0x00, 0x00, 0x00, 0x15, 0x00, 0x00, 0x00,
    0xe5, 0x00, 0x00, 0x00, 0x11, 0x54, 0x65, 0x6e, 0x73, 0x6f, 0x72, 0x4c,
    0x69, 0x73, 0x74, 0x53, 0x65, 0x74, 0x49, 0x74, 0x65, 0x6d, 0x00, 0xc8,
    0x12, 0x11, 0x54, 0x65, 0x6e, 0x73, 0x6f, 0x72, 0x4c, 0x69, 0x73, 0x74,
    0x53, 0x65, 0x74, 0x49, 0x74, 0x65, 0x6d, 0x1a, 0x00, 0x1a, 0x00, 0x1a,
    0x00, 0x2a, 0x23, 0x0a, 0x1d, 0x72, 0x65, 0x73, 0x69, 0x7a, 0x65, 0x5f,
    0x69, 0x66, 0x5f, 0x69, 0x6e, 0x64, 0x65, 0x78, 0x5f, 0x6f, 0x75, 0x74,
    0x5f, 0x6f, 0x66, 0x5f, 0x62, 0x6f, 0x75, 0x6e, 0x64, 0x73, 0x12, 0x02,
    0x28, 0x00, 0x2a, 0x13, 0x0a, 0x0d, 0x65, 0x6c, 0x65, 0x6d, 0x65, 0x6e,
    0x74, 0x5f, 0x64, 0x74, 0x79, 0x70, 0x65, 0x12, 0x02, 0x30, 0x01, 0x32,
    0x73, 0x0a, 0x44, 0x73, 0x65, 0x71, 0x75, 0x65, 0x6e, 0x74, 0x69, 0x61,
    0x6c, 0x5f, 0x31, 0x33, 0x5f, 0x31, 0x2f, 0x6c, 0x73, 0x74, 0x6d, 0x5f,
    0x31, 0x31, 0x5f, 0x31, 0x2f, 0x77, 0x68, 0x69, 0x6c, 0x65, 0x2f, 0x54,
    0x65, 0x6e, 0x73, 0x6f, 0x72, 0x41, 0x72, 0x72, 0x61, 0x79, 0x56, 0x32,
    0x57, 0x72, 0x69, 0x74, 0x65, 0x2f, 0x54, 0x65, 0x6e, 0x73, 0x6f, 0x72,
    0x4c, 0x69, 0x73, 0x74, 0x53, 0x65, 0x74, 0x49, 0x74, 0x65, 0x6d, 0x12,
    0x2b, 0x73, 0x65, 0x71, 0x75, 0x65, 0x6e, 0x74, 0x69, 0x61, 0x6c, 0x5f,
    0x31, 0x33, 0x5f, 0x31, 0x5f, 0x6c, 0x73, 0x74, 0x6d, 0x5f, 0x31, 0x31,
    0x5f, 0x31, 0x5f, 0x77, 0x68, 0x69, 0x6c, 0x65, 0x5f, 0x62, 0x6f, 0x64,
    0x79, 0x5f, 0x32, 0x31, 0x36, 0x34, 0x30, 0x31, 0x00, 0x02, 0xdd, 0xcb,
    0x14, 0x14, 0x04, 0x28, 0x01, 0x00, 0x00, 0x00, 0x01, 0x00, 0x00, 0x00,
    0x24, 0x00, 0x00, 0x00, 0x03, 0x00, 0x00, 0x00, 0x02, 0x00, 0x00, 0x00,
    0x07, 0x00, 0x00, 0x00, 0x23, 0x00, 0x00, 0x00, 0x86, 0xac, 0xff, 0xff,
    0x0c, 0x00, 0x00, 0x00, 0x10, 0x00, 0x00, 0x00, 0x06, 0x00, 0x00, 0x00,
    0x01, 0x00, 0x00, 0x00, 0x23, 0x00, 0x00, 0x00, 0x01, 0x00, 0x00, 0x00,
    0x22, 0x00, 0x00, 0x00, 0x36, 0xac, 0xff, 0xff, 0x14, 0x00, 0x00, 0x00,
    0x00, 0x00, 0x00, 0x15, 0x10, 0x00, 0x00, 0x00, 0x14, 0x00, 0x00, 0x00,
    0x0b, 0x00, 0x00, 0x00, 0xf8, 0x85, 0xff, 0xff, 0x01, 0x00, 0x00, 0x00,
    0x22, 0x00, 0x00, 0x00, 0x02, 0x00, 0x00, 0x00, 0x1c, 0x00, 0x00, 0x00,
    0x21, 0x00, 0x00, 0x00, 0xd6, 0xac, 0xff, 0xff, 0x0c, 0x00, 0x00, 0x00,
    0x10, 0x00, 0x00, 0x00, 0x14, 0x00, 0x00, 0x00, 0x01, 0x00, 0x00, 0x00,
    0x21, 0x00, 0x00, 0x00, 0x01, 0x00, 0x00, 0x00, 0x1f, 0x00, 0x00, 0x00,
    0xf6, 0xac, 0xff, 0xff, 0x0c, 0x00, 0x00, 0x00, 0x10, 0x00, 0x00, 0x00,
    0x06, 0x00, 0x00, 0x00, 0x01, 0x00, 0x00, 0x00, 0x20, 0x00, 0x00, 0x00,
    0x01, 0x00, 0x00, 0x00, 0x1f, 0x00, 0x00, 0x00, 0xa6, 0xac, 0xff, 0xff,
    0x14, 0x00, 0x00, 0x00, 0x00, 0x00, 0x00, 0x0b, 0x10, 0x00, 0x00, 0x00,
    0x14, 0x00, 0x00, 0x00, 0x0c, 0x00, 0x00, 0x00, 0x68, 0x86, 0xff, 0xff,
    0x01, 0x00, 0x00, 0x00, 0x1f, 0x00, 0x00, 0x00, 0x02, 0x00, 0x00, 0x00,
    0x1b, 0x00, 0x00, 0x00, 0x1e, 0x00, 0x00, 0x00, 0xd6, 0xac, 0xff, 0xff,
    0x14, 0x00, 0x00, 0x00, 0x00, 0x00, 0x00, 0x15, 0x10, 0x00, 0x00, 0x00,
    0x14, 0x00, 0x00, 0x00, 0x0b, 0x00, 0x00, 0x00, 0x98, 0x86, 0xff, 0xff,
    0x01, 0x00, 0x00, 0x00, 0x1e, 0x00, 0x00, 0x00, 0x02, 0x00, 0x00, 0x00,
    0x19, 0x00, 0x00, 0x00, 0x1d, 0x00, 0x00, 0x00, 0x76, 0xad, 0xff, 0xff,
    0x0c, 0x00, 0x00, 0x00, 0x10, 0x00, 0x00, 0x00, 0x14, 0x00, 0x00, 0x00,
    0x01, 0x00, 0x00, 0x00, 0x1d, 0x00, 0x00, 0x00, 0x01, 0x00, 0x00, 0x00,
    0x17, 0x00, 0x00, 0x00, 0x96, 0xad, 0xff, 0xff, 0x0c, 0x00, 0x00, 0x00,
    0x10, 0x00, 0x00, 0x00, 0x13, 0x00, 0x00, 0x00, 0x01, 0x00, 0x00, 0x00,
    0x1c, 0x00, 0x00, 0x00, 0x01, 0x00, 0x00, 0x00, 0x18, 0x00, 0x00, 0x00,
    0x46, 0xad, 0xff, 0xff, 0x14, 0x00, 0x00, 0x00, 0x00, 0x00, 0x00, 0x15,
    0x10, 0x00, 0x00, 0x00, 0x14, 0x00, 0x00, 0x00, 0x0b, 0x00, 0x00, 0x00,
    0x08, 0x87, 0xff, 0xff, 0x01, 0x00, 0x00, 0x00, 0x1b, 0x00, 0x00, 0x00,
    0x02, 0x00, 0x00, 0x00, 0x1a, 0x00, 0x00, 0x00, 0x0c, 0x00, 0x00, 0x00,
    0xe6, 0xad, 0xff, 0xff, 0x0c, 0x00, 0x00, 0x00, 0x10, 0x00, 0x00, 0x00,
    0x13, 0x00, 0x00, 0x00, 0x01, 0x00, 0x00, 0x00, 0x1a, 0x00, 0x00, 0x00,
    0x01, 0x00, 0x00, 0x00, 0x16, 0x00, 0x00, 0x00, 0x06, 0xae, 0xff, 0xff,
    0x0c, 0x00, 0x00, 0x00, 0x10, 0x00, 0x00, 0x00, 0x13, 0x00, 0x00, 0x00,
    0x01, 0x00, 0x00, 0x00, 0x19, 0x00, 0x00, 0x00, 0x01, 0x00, 0x00, 0x00,
    0x15, 0x00, 0x00, 0x00, 0xb6, 0xad, 0xff, 0xff, 0x14, 0x00, 0x00, 0x00,
    0x00, 0x00, 0x00, 0x23, 0x14, 0x00, 0x00, 0x00, 0x24, 0x00, 0x00, 0x00,
    0x12, 0x00, 0x00, 0x00, 0xf6, 0xad, 0xff, 0xff, 0x04, 0x00, 0x00, 0x00,
    0x04, 0x00, 0x00, 0x00, 0x15, 0x00, 0x00, 0x00, 0x16, 0x00, 0x00, 0x00,
    0x17, 0x00, 0x00, 0x00, 0x18, 0x00, 0x00, 0x00, 0x02, 0x00, 0x00, 0x00,
    0x06, 0x00, 0x00, 0x00, 0x14, 0x00, 0x00, 0x00, 0xf6, 0xad, 0xff, 0xff,
    0x14, 0x00, 0x00, 0x00, 0x00, 0x00, 0x00, 0x0b, 0x10, 0x00, 0x00, 0x00,
    0x14, 0x00, 0x00, 0x00, 0x0c, 0x00, 0x00, 0x00, 0xb8, 0x87, 0xff, 0xff,
    0x01, 0x00, 0x00, 0x00, 0x14, 0x00, 0x00, 0x00, 0x02, 0x00, 0x00, 0x00,
    0x13, 0x00, 0x00, 0x00, 0x08, 0x00, 0x00, 0x00, 0x26, 0xae, 0xff, 0xff,
    0x14, 0x00, 0x00, 0x00, 0x00, 0x00, 0x00, 0x0b, 0x10, 0x00, 0x00, 0x00,
    0x14, 0x00, 0x00, 0x00, 0x0c, 0x00, 0x00, 0x00, 0xe8, 0x87, 0xff, 0xff,
    0x01, 0x00, 0x00, 0x00, 0x13, 0x00, 0x00, 0x00, 0x02, 0x00, 0x00, 0x00,
    0x12, 0x00, 0x00, 0x00, 0x0f, 0x00, 0x00, 0x00, 0x56, 0xae, 0xff, 0xff,
    0x14, 0x00, 0x00, 0x00, 0x00, 0x00, 0x00, 0x08, 0x10, 0x00, 0x00, 0x00,
    0x14, 0x00, 0x00, 0x00, 0x0d, 0x00, 0x00, 0x00, 0x18, 0x88, 0xff, 0xff,
    0x01, 0x00, 0x00, 0x00, 0x12, 0x00, 0x00, 0x00, 0x03, 0x00, 0x00, 0x00,
    0x11, 0x00, 0x00, 0x00, 0x09, 0x00, 0x00, 0x00, 0xff, 0xff, 0xff, 0xff,
    0x8a, 0xae, 0xff, 0xff, 0x14, 0x00, 0x00, 0x00, 0x00, 0x00, 0x00, 0x17,
    0x10, 0x00, 0x00, 0x00, 0x14, 0x00, 0x00, 0x00, 0x11, 0x00, 0x00, 0x00,
    0x4c, 0x88, 0xff, 0xff, 0x01, 0x00, 0x00, 0x00, 0x11, 0x00, 0x00, 0x00,
    0x02, 0x00, 0x00, 0x00, 0x0d, 0x00, 0x00, 0x00, 0x01, 0x00, 0x00, 0x00,
    0xba, 0xae, 0xff, 0xff, 0x14, 0x00, 0x00, 0x00, 0x00, 0x00, 0x00, 0x0b,
    0x10, 0x00, 0x00, 0x00, 0x14, 0x00, 0x00, 0x00, 0x0c, 0x00, 0x00, 0x00,
    0x7c, 0x88, 0xff, 0xff, 0x01, 0x00, 0x00, 0x00, 0x10, 0x00, 0x00, 0x00,
    0x02, 0x00, 0x00, 0x00, 0x00, 0x00, 0x00, 0x00, 0x06, 0x00, 0x00, 0x00,
    0xea, 0xae, 0xff, 0xff, 0x14, 0x00, 0x00, 0x00, 0x00, 0x00, 0x00, 0x08,
    0x10, 0x00, 0x00, 0x00, 0x14, 0x00, 0x00, 0x00, 0x0d, 0x00, 0x00, 0x00,
    0xac, 0x88, 0xff, 0xff, 0x01, 0x00, 0x00, 0x00, 0x0f, 0x00, 0x00, 0x00,
    0x03, 0x00, 0x00, 0x00, 0x0b, 0x00, 0x00, 0x00, 0x0a, 0x00, 0x00, 0x00,
    0xff, 0xff, 0xff, 0xff, 0x1e, 0xaf, 0xff, 0xff, 0x14, 0x00, 0x00, 0x00,
    0x00, 0x00, 0x00, 0x0b, 0x10, 0x00, 0x00, 0x00, 0x14, 0x00, 0x00, 0x00,
    0x0c, 0x00, 0x00, 0x00, 0xe0, 0x88, 0xff, 0xff, 0x01, 0x00, 0x00, 0x00,
    0x0e, 0x00, 0x00, 0x00, 0x02, 0x00, 0x00, 0x00, 0x01, 0x00, 0x00, 0x00,
    0x06, 0x00, 0x00, 0x00, 0xbe, 0xaf, 0xff, 0xff, 0x0c, 0x00, 0x00, 0x00,
    0x10, 0x00, 0x00, 0x00, 0x0a, 0x00, 0x00, 0x00, 0x01, 0x00, 0x00, 0x00,
    0x0d, 0x00, 0x00, 0x00, 0x01, 0x00, 0x00, 0x00, 0x05, 0x00, 0x00, 0x00,
    0xde, 0xaf, 0xff, 0xff, 0x0c, 0x00, 0x00, 0x00, 0x10, 0x00, 0x00, 0x00,
    0x0a, 0x00, 0x00, 0x00, 0x01, 0x00, 0x00, 0x00, 0x0c, 0x00, 0x00, 0x00,
    0x01, 0x00, 0x00, 0x00, 0x04, 0x00, 0x00, 0x00, 0xfe, 0xaf, 0xff, 0xff,
    0x0c, 0x00, 0x00, 0x00, 0x10, 0x00, 0x00, 0x00, 0x0a, 0x00, 0x00, 0x00,
    0x01, 0x00, 0x00, 0x00, 0x0b, 0x00, 0x00, 0x00, 0x01, 0x00, 0x00, 0x00,
    0x03, 0x00, 0x00, 0x00, 0x06, 0x00, 0x00, 0x00, 0x10, 0x00, 0x00, 0x00,
    0x0e, 0x00, 0x00, 0x00, 0x24, 0x00, 0x00, 0x00, 0x23, 0x00, 0x00, 0x00,
    0x20, 0x00, 0x00, 0x00, 0x05, 0x00, 0x00, 0x00, 0x06, 0x00, 0x00, 0x00,
    0x00, 0x00, 0x00, 0x00, 0x01, 0x00, 0x00, 0x00, 0x02, 0x00, 0x00, 0x00,
    0x03, 0x00, 0x00, 0x00, 0x04, 0x00, 0x00, 0x00, 0x05, 0x00, 0x00, 0x00,
    0x25, 0x00, 0x00, 0x00, 0xf8, 0x19, 0x00, 0x00, 0xa0, 0x19, 0x00, 0x00,
    0x24, 0x19, 0x00, 0x00, 0xb8, 0x18, 0x00, 0x00, 0x4c, 0x18, 0x00, 0x00,
    0xd8, 0x17, 0x00, 0x00, 0x98, 0x17, 0x00, 0x00, 0x58, 0x17, 0x00, 0x00,
    0xf4, 0x16, 0x00, 0x00, 0x98, 0x13, 0x00, 0x00, 0x3c, 0x10, 0x00, 0x00,
    0xc8, 0x0f, 0x00, 0x00, 0x54, 0x0f, 0x00, 0x00, 0xdc, 0x0e, 0x00, 0x00,
    0x8c, 0x0e, 0x00, 0x00, 0xf0, 0x0d, 0x00, 0x00, 0x9c, 0x0d, 0x00, 0x00,
    0xf0, 0x0c, 0x00, 0x00, 0x5c, 0x0c, 0x00, 0x00, 0xc8, 0x0b, 0x00, 0x00,
    0x34, 0x0b, 0x00, 0x00, 0x08, 0x0a, 0x00, 0x00, 0xdc, 0x08, 0x00, 0x00,
    0xb0, 0x07, 0x00, 0x00, 0x84, 0x06, 0x00, 0x00, 0xf0, 0x05, 0x00, 0x00,
    0x54, 0x05, 0x00, 0x00, 0xc0, 0x04, 0x00, 0x00, 0x24, 0x04, 0x00, 0x00,
    0x90, 0x03, 0x00, 0x00, 0xfc, 0x02, 0x00, 0x00, 0x68, 0x02, 0x00, 0x00,
    0x18, 0x02, 0x00, 0x00, 0x80, 0x01, 0x00, 0x00, 0xec, 0x00, 0x00, 0x00,
    0x9c, 0x00, 0x00, 0x00, 0x04, 0x00, 0x00, 0x00, 0x34, 0x94, 0xff, 0xff,
    0x1c, 0x00, 0x00, 0x00, 0x00, 0x00, 0x00, 0x01, 0x34, 0x00, 0x00, 0x00,
    0x34, 0x00, 0x00, 0x00, 0x9e, 0x00, 0x00, 0x00, 0x00, 0x00, 0x00, 0x0e,
    0x74, 0x00, 0x00, 0x00, 0x01, 0x00, 0x00, 0x00, 0x04, 0x00, 0x00, 0x00,
    0x1a, 0x94, 0xff, 0xff, 0x00, 0x00, 0x00, 0x01, 0x04, 0x00, 0x00, 0x00,
    0x02, 0x00, 0x00, 0x00, 0x00, 0x00, 0x00, 0x00, 0x10, 0x00, 0x00, 0x00,
    0x68, 0x8a, 0xff, 0xff, 0x44, 0x00, 0x00, 0x00, 0x73, 0x65, 0x71, 0x75,
    0x65, 0x6e, 0x74, 0x69, 0x61, 0x6c, 0x5f, 0x31, 0x33, 0x5f, 0x31, 0x2f,
    0x6c, 0x73, 0x74, 0x6d, 0x5f, 0x31, 0x31, 0x5f, 0x31, 0x2f, 0x77, 0x68,
    0x69, 0x6c, 0x65, 0x2f, 0x54, 0x65, 0x6e, 0x73, 0x6f, 0x72, 0x41, 0x72,
    0x72, 0x61, 0x79, 0x56, 0x32, 0x57, 0x72, 0x69, 0x74, 0x65, 0x2f, 0x54,
    0x65, 0x6e, 0x73, 0x6f, 0x72, 0x4c, 0x69, 0x73, 0x74, 0x53, 0x65, 0x74,
    0x49, 0x74, 0x65, 0x6d, 0x00, 0x00, 0x00, 0x00, 0x00, 0x00, 0x00, 0x00,
    0x46, 0x98, 0xff, 0xff, 0x00, 0x00, 0x00, 0x01, 0x14, 0x00, 0x00, 0x00,
    0x1c, 0x00, 0x00, 0x00, 0x1c, 0x00, 0x00, 0x00, 0x9d, 0x00, 0x00, 0x00,
    0x28, 0x00, 0x00, 0x00, 0x02, 0x00, 0x00, 0x00, 0xff, 0xff, 0xff, 0xff,
    0x10, 0x00, 0x00, 0x00, 0xe4, 0x8a, 0xff, 0xff, 0x0f, 0x00, 0x00, 0x00,
    0x74, 0x66, 0x6c, 0x2e, 0x64, 0x65, 0x71, 0x75, 0x61, 0x6e, 0x74, 0x69,
    0x7a, 0x65, 0x35, 0x00, 0x02, 0x00, 0x00, 0x00, 0x01, 0x00, 0x00, 0x00,
    0x10, 0x00, 0x00, 0x00, 0xe2, 0x8a, 0xff, 0xff, 0x00, 0x00, 0x00, 0x01,
    0x18, 0x00, 0x00, 0x00, 0x20, 0x00, 0x00, 0x00, 0x3c, 0x00, 0x00, 0x00,
    0x9c, 0x00, 0x00, 0x00, 0x00, 0x00, 0x00, 0x09, 0x68, 0x00, 0x00, 0x00,
    0x02, 0x00, 0x00, 0x00, 0xff, 0xff, 0xff, 0xff, 0x10, 0x00, 0x00, 0x00,
    0xcc, 0x8a, 0xff, 0xff, 0x08, 0x00, 0x00, 0x00, 0x10, 0x00, 0x00, 0x00,
    0x01, 0x00, 0x00, 0x00, 0x00, 0x00, 0x00, 0x00, 0x00, 0x00, 0x00, 0x00,
    0x01, 0x00, 0x00, 0x00, 0xe8, 0x75, 0xfd, 0x3b, 0x31, 0x00, 0x00, 0x00,
    0x73, 0x65, 0x71, 0x75, 0x65, 0x6e, 0x74, 0x69, 0x61, 0x6c, 0x5f, 0x31,
    0x33, 0x5f, 0x31, 0x2f, 0x6c, 0x73, 0x74, 0x6d, 0x5f, 0x31, 0x31, 0x5f,
    0x31, 0x2f, 0x77, 0x68, 0x69, 0x6c, 0x65, 0x2f, 0x6c, 0x73, 0x74, 0x6d,
    0x5f, 0x63, 0x65, 0x6c, 0x6c, 0x5f, 0x31, 0x2f, 0x6d, 0x75, 0x6c, 0x5f,
    0x32, 0x00, 0x00, 0x00, 0x02, 0x00, 0x00, 0x00, 0x01, 0x00, 0x00, 0x00,
    0x10, 0x00, 0x00, 0x00, 0x72, 0x8b, 0xff, 0xff, 0x00, 0x00, 0x00, 0x01,
    0x18, 0x00, 0x00, 0x00, 0x20, 0x00, 0x00, 0x00, 0x40, 0x00, 0x00, 0x00,
    0x9b, 0x00, 0x00, 0x00, 0x00, 0x00, 0x00, 0x09, 0x6c, 0x00, 0x00, 0x00,
    0x02, 0x00, 0x00, 0x00, 0xff, 0xff, 0xff, 0xff, 0x10, 0x00, 0x00, 0x00,
    0x5c, 0x8b, 0xff, 0xff, 0x08, 0x00, 0x00, 0x00, 0x14, 0x00, 0x00, 0x00,
    0x01, 0x00, 0x00, 0x00, 0x00, 0x00, 0x00, 0x00, 0x00, 0x00, 0x00, 0x00,
    0x00, 0x00, 0x00, 0x00, 0x01, 0x00, 0x00, 0x00, 0x00, 0x00, 0x00, 0x3c,
    0x32, 0x00, 0x00, 0x00, 0x73, 0x65, 0x71, 0x75, 0x65, 0x6e, 0x74, 0x69,
    0x61, 0x6c, 0x5f, 0x31, 0x33, 0x5f, 0x31, 0x2f, 0x6c, 0x73, 0x74, 0x6d,
    0x5f, 0x31, 0x31, 0x5f, 0x31, 0x2f, 0x77, 0x68, 0x69, 0x6c, 0x65, 0x2f,
    0x6c, 0x73, 0x74, 0x6d, 0x5f, 0x63, 0x65, 0x6c, 0x6c, 0x5f, 0x31, 0x2f,
    0x54, 0x61, 0x6e, 0x68, 0x5f, 0x31, 0x00, 0x00, 0x02, 0x00, 0x00, 0x00,
    0x01, 0x00, 0x00, 0x00, 0x10, 0x00, 0x00, 0x00, 0xb6, 0x99, 0xff, 0xff,
    0x00, 0x00, 0x00, 0x01, 0x14, 0x00, 0x00, 0x00, 0x1c, 0x00, 0x00, 0x00,
    0x1c, 0x00, 0x00, 0x00, 0x9a, 0x00, 0x00, 0x00, 0x28, 0x00, 0x00, 0x00,
    0x02, 0x00, 0x00, 0x00, 0xff, 0xff, 0xff, 0xff, 0x10, 0x00, 0x00, 0x00,
    0x54, 0x8c, 0xff, 0xff, 0x0f, 0x00, 0x00, 0x00, 0x74, 0x66, 0x6c, 0x2e,
    0x64, 0x65, 0x71, 0x75, 0x61, 0x6e, 0x74, 0x69, 0x7a, 0x65, 0x34, 0x00,
    0x02, 0x00, 0x00, 0x00, 0x01, 0x00, 0x00, 0x00, 0x10, 0x00, 0x00, 0x00,
    0x52, 0x8c, 0xff, 0xff, 0x00, 0x00, 0x00, 0x01, 0x18, 0x00, 0x00, 0x00,
    0x20, 0x00, 0x00, 0x00, 0x3c, 0x00, 0x00, 0x00, 0x99, 0x00, 0x00, 0x00,
    0x00, 0x00, 0x00, 0x09, 0x68, 0x00, 0x00, 0x00, 0x02, 0x00, 0x00, 0x00,
    0xff, 0xff, 0xff, 0xff, 0x10, 0x00, 0x00, 0x00, 0x3c, 0x8c, 0xff, 0xff,
    0x08, 0x00, 0x00, 0x00, 0x10, 0x00, 0x00, 0x00, 0x01, 0x00, 0x00, 0x00,
    0x02, 0x00, 0x00, 0x00, 0x00, 0x00, 0x00, 0x00, 0x01, 0x00, 0x00, 0x00,
    0x61, 0x76, 0x8d, 0x3d, 0x31, 0x00, 0x00, 0x00, 0x73, 0x65, 0x71, 0x75,
    0x65, 0x6e, 0x74, 0x69, 0x61, 0x6c, 0x5f, 0x31, 0x33, 0x5f, 0x31, 0x2f,
    0x6c, 0x73, 0x74, 0x6d, 0x5f, 0x31, 0x31, 0x5f, 0x31, 0x2f, 0x77, 0x68,
    0x69, 0x6c, 0x65, 0x2f, 0x6c, 0x73, 0x74, 0x6d, 0x5f, 0x63, 0x65, 0x6c,
    0x6c, 0x5f, 0x31, 0x2f, 0x61, 0x64, 0x64, 0x5f, 0x32, 0x00, 0x00, 0x00,
    0x02, 0x00, 0x00, 0x00, 0x01, 0x00, 0x00, 0x00, 0x10, 0x00, 0x00, 0x00,
    0xe2, 0x8c, 0xff, 0xff, 0x00, 0x00, 0x00, 0x01, 0x18, 0x00, 0x00, 0x00,
    0x20, 0x00, 0x00, 0x00, 0x3c, 0x00, 0x00, 0x00, 0x98, 0x00, 0x00, 0x00,
    0x00, 0x00, 0x00, 0x09, 0x68, 0x00, 0x00, 0x00, 0x02, 0x00, 0x00, 0x00,
    0xff, 0xff, 0xff, 0xff, 0x10, 0x00, 0x00, 0x00, 0xcc, 0x8c, 0xff, 0xff,
    0x08, 0x00, 0x00, 0x00, 0x10, 0x00, 0x00, 0x00, 0x01, 0x00, 0x00, 0x00,
    0x02, 0x00, 0x00, 0x00, 0x00, 0x00, 0x00, 0x00, 0x01, 0x00, 0x00, 0x00,
    0x56, 0x04, 0xe6, 0x3b, 0x31, 0x00, 0x00, 0x00, 0x73, 0x65, 0x71, 0x75,
    0x65, 0x6e, 0x74, 0x69, 0x61, 0x6c, 0x5f, 0x31, 0x33, 0x5f, 0x31, 0x2f,
    0x6c, 0x73, 0x74, 0x6d, 0x5f, 0x31, 0x31, 0x5f, 0x31, 0x2f, 0x77, 0x68,
    0x69, 0x6c, 0x65, 0x2f, 0x6c, 0x73, 0x74, 0x6d, 0x5f, 0x63, 0x65, 0x6c,
    0x6c, 0x5f, 0x31, 0x2f, 0x6d, 0x75, 0x6c, 0x5f, 0x31, 0x00, 0x00, 0x00,
    0x02, 0x00, 0x00, 0x00, 0x01, 0x00, 0x00, 0x00, 0x10, 0x00, 0x00, 0x00,
    0x72, 0x8d, 0xff, 0xff, 0x00, 0x00, 0x00, 0x01, 0x18, 0x00, 0x00, 0x00,
    0x20, 0x00, 0x00, 0x00, 0x3c, 0x00, 0x00, 0x00, 0x97, 0x00, 0x00, 0x00,
    0x00, 0x00, 0x00, 0x09, 0x68, 0x00, 0x00, 0x00, 0x02, 0x00, 0x00, 0x00,
    0xff, 0xff, 0xff, 0xff, 0x10, 0x00, 0x00, 0x00, 0x5c, 0x8d, 0xff, 0xff,
    0x08, 0x00, 0x00, 0x00, 0x10, 0x00, 0x00, 0x00, 0x01, 0x00, 0x00, 0x00,
    0x00, 0x00, 0x00, 0x00, 0x00, 0x00, 0x00, 0x00, 0x01, 0x00, 0x00, 0x00,
    0x00, 0x00, 0x00, 0x3c, 0x30, 0x00, 0x00, 0x00, 0x73, 0x65, 0x71, 0x75,
    0x65, 0x6e, 0x74, 0x69, 0x61, 0x6c, 0x5f, 0x31, 0x33, 0x5f, 0x31, 0x2f,
    0x6c, 0x73, 0x74, 0x6d, 0x5f, 0x31, 0x31, 0x5f, 0x31, 0x2f, 0x77, 0x68,
    0x69, 0x6c, 0x65, 0x2f, 0x6c, 0x73, 0x74, 0x6d, 0x5f, 0x63, 0x65, 0x6c,
    0x6c, 0x5f, 0x31, 0x2f, 0x54, 0x61, 0x6e, 0x68, 0x00, 0x00, 0x00, 0x00,
    0x02, 0x00, 0x00, 0x00, 0x01, 0x00, 0x00, 0x00, 0x10, 0x00, 0x00, 0x00,
    0x02, 0x8e, 0xff, 0xff, 0x00, 0x00, 0x00, 0x01, 0x18, 0x00, 0x00, 0x00,
    0x20, 0x00, 0x00, 0x00, 0x40, 0x00, 0x00, 0x00, 0x96, 0x00, 0x00, 0x00,
    0x00, 0x00, 0x00, 0x09, 0x70, 0x00, 0x00, 0x00, 0x02, 0x00, 0x00, 0x00,
    0xff, 0xff, 0xff, 0xff, 0x10, 0x00, 0x00, 0x00, 0xec, 0x8d, 0xff, 0xff,
    0x08, 0x00, 0x00, 0x00, 0x14, 0x00, 0x00, 0x00, 0x01, 0x00, 0x00, 0x00,
    0x80, 0xff, 0xff, 0xff, 0xff, 0xff, 0xff, 0xff, 0x00, 0x00, 0x00, 0x00,
    0x01, 0x00, 0x00, 0x00, 0x00, 0x00, 0x80, 0x3b, 0x35, 0x00, 0x00, 0x00,
    0x73, 0x65, 0x71, 0x75, 0x65, 0x6e, 0x74, 0x69, 0x61, 0x6c, 0x5f, 0x31,
    0x33, 0x5f, 0x31, 0x2f, 0x6c, 0x73, 0x74, 0x6d, 0x5f, 0x31, 0x31, 0x5f,
    0x31, 0x2f, 0x77, 0x68, 0x69, 0x6c, 0x65, 0x2f, 0x6c, 0x73, 0x74, 0x6d,
    0x5f, 0x63, 0x65, 0x6c, 0x6c, 0x5f, 0x31, 0x2f, 0x53, 0x69, 0x67, 0x6d,
    0x6f, 0x69, 0x64, 0x5f, 0x32, 0x00, 0x00, 0x00, 0x02, 0x00, 0x00, 0x00,
    0x01, 0x00, 0x00, 0x00, 0x10, 0x00, 0x00, 0x00, 0x9a, 0x8e, 0xff, 0xff,
    0x00, 0x00, 0x00, 0x01, 0x18, 0x00, 0x00, 0x00, 0x20, 0x00, 0x00, 0x00,
    0x40, 0x00, 0x00, 0x00, 0x95, 0x00, 0x00, 0x00, 0x00, 0x00, 0x00, 0x09,
    0x68, 0x00, 0x00, 0x00, 0x02, 0x00, 0x00, 0x00, 0xff, 0xff, 0xff, 0xff,
    0x10, 0x00, 0x00, 0x00, 0x84, 0x8e, 0xff, 0xff, 0x08, 0x00, 0x00, 0x00,
    0x14, 0x00, 0x00, 0x00, 0x01, 0x00, 0x00, 0x00, 0x02, 0x00, 0x00, 0x00,
    0x00, 0x00, 0x00, 0x00, 0x00, 0x00, 0x00, 0x00, 0x01, 0x00, 0x00, 0x00,
    0xe6, 0xb7, 0x80, 0x3d, 0x2f, 0x00, 0x00, 0x00, 0x73, 0x65, 0x71, 0x75,
    0x65, 0x6e, 0x74, 0x69, 0x61, 0x6c, 0x5f, 0x31, 0x33, 0x5f, 0x31, 0x2f,
    0x6c, 0x73, 0x74, 0x6d, 0x5f, 0x31, 0x31, 0x5f, 0x31, 0x2f, 0x77, 0x68,
    0x69, 0x6c, 0x65, 0x2f, 0x6c, 0x73, 0x74, 0x6d, 0x5f, 0x63, 0x65, 0x6c,
    0x6c, 0x5f, 0x31, 0x2f, 0x6d, 0x75, 0x6c, 0x00, 0x02, 0x00, 0x00, 0x00,
    0x01, 0x00, 0x00, 0x00, 0x10, 0x00, 0x00, 0x00, 0x2a, 0x8f, 0xff, 0xff,
    0x00, 0x00, 0x00, 0x01, 0x18, 0x00, 0x00, 0x00, 0x20, 0x00, 0x00, 0x00,
    0x40, 0x00, 0x00, 0x00, 0x94, 0x00, 0x00, 0x00, 0x00, 0x00, 0x00, 0x09,
    0x70, 0x00, 0x00, 0x00, 0x02, 0x00, 0x00, 0x00, 0xff, 0xff, 0xff, 0xff,
    0x10, 0x00, 0x00, 0x00, 0x14, 0x8f, 0xff, 0xff, 0x08, 0x00, 0x00, 0x00,
    0x14, 0x00, 0x00, 0x00, 0x01, 0x00, 0x00, 0x00, 0x80, 0xff, 0xff, 0xff,
    0xff, 0xff, 0xff, 0xff, 0x00, 0x00, 0x00, 0x00, 0x01, 0x00, 0x00, 0x00,
    0x00, 0x00, 0x80, 0x3b, 0x35, 0x00, 0x00, 0x00, 0x73, 0x65, 0x71, 0x75,
    0x65, 0x6e, 0x74, 0x69, 0x61, 0x6c, 0x5f, 0x31, 0x33, 0x5f, 0x31, 0x2f,
    0x6c, 0x73, 0x74, 0x6d, 0x5f, 0x31, 0x31, 0x5f, 0x31, 0x2f, 0x77, 0x68,
    0x69, 0x6c, 0x65, 0x2f, 0x6c, 0x73, 0x74, 0x6d, 0x5f, 0x63, 0x65, 0x6c,
    0x6c, 0x5f, 0x31, 0x2f, 0x53, 0x69, 0x67, 0x6d, 0x6f, 0x69, 0x64, 0x5f,
    0x31, 0x00, 0x00, 0x00, 0x02, 0x00, 0x00, 0x00, 0x01, 0x00, 0x00, 0x00,
    0x10, 0x00, 0x00, 0x00, 0xc2, 0x8f, 0xff, 0xff, 0x00, 0x00, 0x00, 0x01,
    0x18, 0x00, 0x00, 0x00, 0x20, 0x00, 0x00, 0x00, 0x3c, 0x00, 0x00, 0x00,
    0x93, 0x00, 0x00, 0x00, 0x00, 0x00, 0x00, 0x09, 0x68, 0x00, 0x00, 0x00,
    0x02, 0x00, 0x00, 0x00, 0xff, 0xff, 0xff, 0xff, 0x10, 0x00, 0x00, 0x00,
    0xac, 0x8f, 0xff, 0xff, 0x08, 0x00, 0x00, 0x00, 0x10, 0x00, 0x00, 0x00,
    0x01, 0x00, 0x00, 0x00, 0x80, 0xff, 0xff, 0xff, 0xff, 0xff, 0xff, 0xff,
    0x01, 0x00, 0x00, 0x00, 0x00, 0x00, 0x80, 0x3b, 0x33, 0x00, 0x00, 0x00,
    0x73, 0x65, 0x71, 0x75, 0x65, 0x6e, 0x74, 0x69, 0x61, 0x6c, 0x5f, 0x31,
    0x33, 0x5f, 0x31, 0x2f, 0x6c, 0x73, 0x74, 0x6d, 0x5f, 0x31, 0x31, 0x5f,
    0x31, 0x2f, 0x77, 0x68, 0x69, 0x6c, 0x65, 0x2f, 0x6c, 0x73, 0x74, 0x6d,
    0x5f, 0x63, 0x65, 0x6c, 0x6c, 0x5f, 0x31, 0x2f, 0x53, 0x69, 0x67, 0x6d,
    0x6f, 0x69, 0x64, 0x00, 0x02, 0x00, 0x00, 0x00, 0x01, 0x00, 0x00, 0x00,
    0x10, 0x00, 0x00, 0x00, 0x52, 0x90, 0xff, 0xff, 0x00, 0x00, 0x00, 0x01,
    0x18, 0x00, 0x00, 0x00, 0x20, 0x00, 0x00, 0x00, 0x3c, 0x00, 0x00, 0x00,
    0x92, 0x00, 0x00, 0x00, 0x00, 0x00, 0x00, 0x09, 0x00, 0x01, 0x00, 0x00,
    0x02, 0x00, 0x00, 0x00, 0xff, 0xff, 0xff, 0xff, 0x10, 0x00, 0x00, 0x00,
    0x3c, 0x90, 0xff, 0xff, 0x08, 0x00, 0x00, 0x00, 0x10, 0x00, 0x00, 0x00,
    0x01, 0x00, 0x00, 0x00, 0x02, 0x00, 0x00, 0x00, 0x00, 0x00, 0x00, 0x00,
    0x01, 0x00, 0x00, 0x00, 0xd0, 0x43, 0x2b, 0x3d, 0xcb, 0x00, 0x00, 0x00,
    0x73, 0x65, 0x71, 0x75, 0x65, 0x6e, 0x74, 0x69, 0x61, 0x6c, 0x5f, 0x31,
    0x33, 0x5f, 0x31, 0x2f, 0x6c, 0x73, 0x74, 0x6d, 0x5f, 0x31, 0x31, 0x5f,
    0x31, 0x2f, 0x77, 0x68, 0x69, 0x6c, 0x65, 0x2f, 0x6c, 0x73, 0x74, 0x6d,
    0x5f, 0x63, 0x65, 0x6c, 0x6c, 0x5f, 0x31, 0x2f, 0x73, 0x70, 0x6c, 0x69,
    0x74, 0x3b, 0x73, 0x65, 0x71, 0x75, 0x65, 0x6e, 0x74, 0x69, 0x61, 0x6c,
    0x5f, 0x31, 0x33, 0x5f, 0x31, 0x2f, 0x6c, 0x73, 0x74, 0x6d, 0x5f, 0x31,
    0x31, 0x5f, 0x31, 0x2f, 0x77, 0x68, 0x69, 0x6c, 0x65, 0x2f, 0x6c, 0x73,
    0x74, 0x6d, 0x5f, 0x63, 0x65, 0x6c, 0x6c, 0x5f, 0x31, 0x2f, 0x73, 0x70,
    0x6c, 0x69, 0x74, 0x31, 0x3b, 0x73, 0x65, 0x71, 0x75, 0x65, 0x6e, 0x74,
    0x69, 0x61, 0x6c, 0x5f, 0x31, 0x33, 0x5f, 0x31, 0x2f, 0x6c, 0x73, 0x74,
    0x6d, 0x5f, 0x31, 0x31, 0x5f, 0x31, 0x2f, 0x77, 0x68, 0x69, 0x6c, 0x65,
    0x2f, 0x6c, 0x73, 0x74, 0x6d, 0x5f, 0x63, 0x65, 0x6c, 0x6c, 0x5f, 0x31,
    0x2f, 0x73, 0x70, 0x6c, 0x69, 0x74, 0x32, 0x3b, 0x73, 0x65, 0x71, 0x75,
    0x65, 0x6e, 0x74, 0x69, 0x61, 0x6c, 0x5f, 0x31, 0x33, 0x5f, 0x31, 0x2f,
    0x6c, 0x73, 0x74, 0x6d, 0x5f, 0x31, 0x31, 0x5f, 0x31, 0x2f, 0x77, 0x68,
    0x69, 0x6c, 0x65, 0x2f, 0x6c, 0x73, 0x74, 0x6d, 0x5f, 0x63, 0x65, 0x6c,
    0x6c, 0x5f, 0x31, 0x2f, 0x73, 0x70, 0x6c, 0x69, 0x74, 0x33, 0x33, 0x00,
    0x02, 0x00, 0x00, 0x00, 0x01, 0x00, 0x00, 0x00, 0x10, 0x00, 0x00, 0x00,
    0x7a, 0x91, 0xff, 0xff, 0x00, 0x00, 0x00, 0x01, 0x18, 0x00, 0x00, 0x00,
    0x20, 0x00, 0x00, 0x00, 0x3c, 0x00, 0x00, 0x00, 0x91, 0x00, 0x00, 0x00,
    0x00, 0x00, 0x00, 0x09, 0x00, 0x01, 0x00, 0x00, 0x02, 0x00, 0x00, 0x00,
    0xff, 0xff, 0xff, 0xff, 0x10, 0x00, 0x00, 0x00, 0x64, 0x91, 0xff, 0xff,
    0x08, 0x00, 0x00, 0x00, 0x10, 0x00, 0x00, 0x00, 0x01, 0x00, 0x00, 0x00,
    0x02, 0x00, 0x00, 0x00, 0x00, 0x00, 0x00, 0x00, 0x01, 0x00, 0x00, 0x00,
    0xd0, 0x43, 0x2b, 0x3d, 0xcb, 0x00, 0x00, 0x00, 0x73, 0x65, 0x71, 0x75,
    0x65, 0x6e, 0x74, 0x69, 0x61, 0x6c, 0x5f, 0x31, 0x33, 0x5f, 0x31, 0x2f,
    0x6c, 0x73, 0x74, 0x6d, 0x5f, 0x31, 0x31, 0x5f, 0x31, 0x2f, 0x77, 0x68,
    0x69, 0x6c, 0x65, 0x2f, 0x6c, 0x73, 0x74, 0x6d, 0x5f, 0x63, 0x65, 0x6c,
    0x6c, 0x5f, 0x31, 0x2f, 0x73, 0x70, 0x6c, 0x69, 0x74, 0x3b, 0x73, 0x65,
    0x71, 0x75, 0x65, 0x6e, 0x74, 0x69, 0x61, 0x6c, 0x5f, 0x31, 0x33, 0x5f,
    0x31, 0x2f, 0x6c, 0x73, 0x74, 0x6d, 0x5f, 0x31, 0x31, 0x5f, 0x31, 0x2f,
    0x77, 0x68, 0x69, 0x6c, 0x65, 0x2f, 0x6c, 0x73, 0x74, 0x6d, 0x5f, 0x63,
    0x65, 0x6c, 0x6c, 0x5f, 0x31, 0x2f, 0x73, 0x70, 0x6c, 0x69, 0x74, 0x31,
    0x3b, 0x73, 0x65, 0x71, 0x75, 0x65, 0x6e, 0x74, 0x69, 0x61, 0x6c, 0x5f,
    0x31, 0x33, 0x5f, 0x31, 0x2f, 0x6c, 0x73, 0x74, 0x6d, 0x5f, 0x31, 0x31,
    0x5f, 0x31, 0x2f, 0x77, 0x68, 0x69, 0x6c, 0x65, 0x2f, 0x6c, 0x73, 0x74,
    0x6d, 0x5f, 0x63, 0x65, 0x6c, 0x6c, 0x5f, 0x31, 0x2f, 0x73, 0x70, 0x6c,
    0x69, 0x74, 0x32, 0x3b, 0x73, 0x65, 0x71, 0x75, 0x65, 0x6e, 0x74, 0x69,
    0x61, 0x6c, 0x5f, 0x31, 0x33, 0x5f, 0x31, 0x2f, 0x6c, 0x73, 0x74, 0x6d,
    0x5f, 0x31, 0x31, 0x5f, 0x31, 0x2f, 0x77, 0x68, 0x69, 0x6c, 0x65, 0x2f,
    0x6c, 0x73, 0x74, 0x6d, 0x5f, 0x63, 0x65, 0x6c, 0x6c, 0x5f, 0x31, 0x2f,
    0x73, 0x70, 0x6c, 0x69, 0x74, 0x33, 0x32, 0x00, 0x02, 0x00, 0x00, 0x00,
    0x01, 0x00, 0x00, 0x00, 0x10, 0x00, 0x00, 0x00, 0xa2, 0x92, 0xff, 0xff,
    0x00, 0x00, 0x00, 0x01, 0x18, 0x00, 0x00, 0x00, 0x20, 0x00, 0x00, 0x00,
    0x3c, 0x00, 0x00, 0x00, 0x90, 0x00, 0x00, 0x00, 0x00, 0x00, 0x00, 0x09,
    0x00, 0x01, 0x00, 0x00, 0x02, 0x00, 0x00, 0x00, 0xff, 0xff, 0xff, 0xff,
    0x10, 0x00, 0x00, 0x00, 0x8c, 0x92, 0xff, 0xff, 0x08, 0x00, 0x00, 0x00,
    0x10, 0x00, 0x00, 0x00, 0x01, 0x00, 0x00, 0x00, 0x02, 0x00, 0x00, 0x00,
    0x00, 0x00, 0x00, 0x00, 0x01, 0x00, 0x00, 0x00, 0xd0, 0x43, 0x2b, 0x3d,
    0xcb, 0x00, 0x00, 0x00, 0x73, 0x65, 0x71, 0x75, 0x65, 0x6e, 0x74, 0x69,
    0x61, 0x6c, 0x5f, 0x31, 0x33, 0x5f, 0x31, 0x2f, 0x6c, 0x73, 0x74, 0x6d,
    0x5f, 0x31, 0x31, 0x5f, 0x31, 0x2f, 0x77, 0x68, 0x69, 0x6c, 0x65, 0x2f,
    0x6c, 0x73, 0x74, 0x6d, 0x5f, 0x63, 0x65, 0x6c, 0x6c, 0x5f, 0x31, 0x2f,
    0x73, 0x70, 0x6c, 0x69, 0x74, 0x3b, 0x73, 0x65, 0x71, 0x75, 0x65, 0x6e,
    0x74, 0x69, 0x61, 0x6c, 0x5f, 0x31, 0x33, 0x5f, 0x31, 0x2f, 0x6c, 0x73,
    0x74, 0x6d, 0x5f, 0x31, 0x31, 0x5f, 0x31, 0x2f, 0x77, 0x68, 0x69, 0x6c,
    0x65, 0x2f, 0x6c, 0x73, 0x74, 0x6d, 0x5f, 0x63, 0x65, 0x6c, 0x6c, 0x5f,
    0x31, 0x2f, 0x73, 0x70, 0x6c, 0x69, 0x74, 0x31, 0x3b, 0x73, 0x65, 0x71,
    0x75, 0x65, 0x6e, 0x74, 0x69, 0x61, 0x6c, 0x5f, 0x31, 0x33, 0x5f, 0x31,
    0x2f, 0x6c, 0x73, 0x74, 0x6d, 0x5f, 0x31, 0x31, 0x5f, 0x31, 0x2f, 0x77,
    0x68, 0x69, 0x6c, 0x65, 0x2f, 0x6c, 0x73, 0x74, 0x6d, 0x5f, 0x63, 0x65,
    0x6c, 0x6c, 0x5f, 0x31, 0x2f, 0x73, 0x70, 0x6c, 0x69, 0x74, 0x32, 0x3b,
    0x73, 0x65, 0x71, 0x75, 0x65, 0x6e, 0x74, 0x69, 0x61, 0x6c, 0x5f, 0x31,
    0x33, 0x5f, 0x31, 0x2f, 0x6c, 0x73, 0x74, 0x6d, 0x5f, 0x31, 0x31, 0x5f,
    0x31, 0x2f, 0x77, 0x68, 0x69, 0x6c, 0x65, 0x2f, 0x6c, 0x73, 0x74, 0x6d,
    0x5f, 0x63, 0x65, 0x6c, 0x6c, 0x5f, 0x31, 0x2f, 0x73, 0x70, 0x6c, 0x69,
    0x74, 0x33, 0x31, 0x00, 0x02, 0x00, 0x00, 0x00, 0x01, 0x00, 0x00, 0x00,
    0x10, 0x00, 0x00, 0x00, 0xca, 0x93, 0xff, 0xff, 0x00, 0x00, 0x00, 0x01,
    0x18, 0x00, 0x00, 0x00, 0x20, 0x00, 0x00, 0x00, 0x3c, 0x00, 0x00, 0x00,
    0x8f, 0x00, 0x00, 0x00, 0x00, 0x00, 0x00, 0x09, 0x00, 0x01, 0x00, 0x00,
    0x02, 0x00, 0x00, 0x00, 0xff, 0xff, 0xff, 0xff, 0x10, 0x00, 0x00, 0x00,
    0xb4, 0x93, 0xff, 0xff, 0x08, 0x00, 0x00, 0x00, 0x10, 0x00, 0x00, 0x00,
    0x01, 0x00, 0x00, 0x00, 0x02, 0x00, 0x00, 0x00, 0x00, 0x00, 0x00, 0x00,
    0x01, 0x00, 0x00, 0x00, 0xd0, 0x43, 0x2b, 0x3d, 0xca, 0x00, 0x00, 0x00,
    0x73, 0x65, 0x71, 0x75, 0x65, 0x6e, 0x74, 0x69, 0x61, 0x6c, 0x5f, 0x31,
    0x33, 0x5f, 0x31, 0x2f, 0x6c, 0x73, 0x74, 0x6d, 0x5f, 0x31, 0x31, 0x5f,
    0x31, 0x2f, 0x77, 0x68, 0x69, 0x6c, 0x65, 0x2f, 0x6c, 0x73, 0x74, 0x6d,
    0x5f, 0x63, 0x65, 0x6c, 0x6c, 0x5f, 0x31, 0x2f, 0x73, 0x70, 0x6c, 0x69,
    0x74, 0x3b, 0x73, 0x65, 0x71, 0x75, 0x65, 0x6e, 0x74, 0x69, 0x61, 0x6c,
    0x5f, 0x31, 0x33, 0x5f, 0x31, 0x2f, 0x6c, 0x73, 0x74, 0x6d, 0x5f, 0x31,
    0x31, 0x5f, 0x31, 0x2f, 0x77, 0x68, 0x69, 0x6c, 0x65, 0x2f, 0x6c, 0x73,
    0x74, 0x6d, 0x5f, 0x63, 0x65, 0x6c, 0x6c, 0x5f, 0x31, 0x2f, 0x73, 0x70,
    0x6c, 0x69, 0x74, 0x31, 0x3b, 0x73, 0x65, 0x71, 0x75, 0x65, 0x6e, 0x74,
    0x69, 0x61, 0x6c, 0x5f, 0x31, 0x33, 0x5f, 0x31, 0x2f, 0x6c, 0x73, 0x74,
    0x6d, 0x5f, 0x31, 0x31, 0x5f, 0x31, 0x2f, 0x77, 0x68, 0x69, 0x6c, 0x65,
    0x2f, 0x6c, 0x73, 0x74, 0x6d, 0x5f, 0x63, 0x65, 0x6c, 0x6c, 0x5f, 0x31,
    0x2f, 0x73, 0x70, 0x6c, 0x69, 0x74, 0x32, 0x3b, 0x73, 0x65, 0x71, 0x75,
    0x65, 0x6e, 0x74, 0x69, 0x61, 0x6c, 0x5f, 0x31, 0x33, 0x5f, 0x31, 0x2f,
    0x6c, 0x73, 0x74, 0x6d, 0x5f, 0x31, 0x31, 0x5f, 0x31, 0x2f, 0x77, 0x68,
    0x69, 0x6c, 0x65, 0x2f, 0x6c, 0x73, 0x74, 0x6d, 0x5f, 0x63, 0x65, 0x6c,
    0x6c, 0x5f, 0x31, 0x2f, 0x73, 0x70, 0x6c, 0x69, 0x74, 0x33, 0x00, 0x00,
    0x02, 0x00, 0x00, 0x00, 0x01, 0x00, 0x00, 0x00, 0x10, 0x00, 0x00, 0x00,
    0xf2, 0x94, 0xff, 0xff, 0x00, 0x00, 0x00, 0x01, 0x18, 0x00, 0x00, 0x00,
    0x20, 0x00, 0x00, 0x00, 0x3c, 0x00, 0x00, 0x00, 0x8e, 0x00, 0x00, 0x00,
    0x00, 0x00, 0x00, 0x09, 0x68, 0x00, 0x00, 0x00, 0x02, 0x00, 0x00, 0x00,
    0xff, 0xff, 0xff, 0xff, 0x40, 0x00, 0x00, 0x00, 0xdc, 0x94, 0xff, 0xff,
    0x08, 0x00, 0x00, 0x00, 0x10, 0x00, 0x00, 0x00, 0x01, 0x00, 0x00, 0x00,
    0x02, 0x00, 0x00, 0x00, 0x00, 0x00, 0x00, 0x00, 0x01, 0x00, 0x00, 0x00,
    0xd0, 0x43, 0x2b, 0x3d, 0x31, 0x00, 0x00, 0x00, 0x73, 0x65, 0x71, 0x75,
    0x65, 0x6e, 0x74, 0x69, 0x61, 0x6c, 0x5f, 0x31, 0x33, 0x5f, 0x31, 0x2f,
    0x6c, 0x73, 0x74, 0x6d, 0x5f, 0x31, 0x31, 0x5f, 0x31, 0x2f, 0x77, 0x68,
    0x69, 0x6c, 0x65, 0x2f, 0x6c, 0x73, 0x74, 0x6d, 0x5f, 0x63, 0x65, 0x6c,
    0x6c, 0x5f, 0x31, 0x2f, 0x61, 0x64, 0x64, 0x5f, 0x31, 0x00, 0x00, 0x00,
    0x02, 0x00, 0x00, 0x00, 0x01, 0x00, 0x00, 0x00, 0x40, 0x00, 0x00, 0x00,
    0x82, 0x95, 0xff, 0xff, 0x00, 0x00, 0x00, 0x01, 0x18, 0x00, 0x00, 0x00,
    0x20, 0x00, 0x00, 0x00, 0x40, 0x00, 0x00, 0x00, 0x8d, 0x00, 0x00, 0x00,
    0x00, 0x00, 0x00, 0x09, 0x68, 0x00, 0x00, 0x00, 0x02, 0x00, 0x00, 0x00,
    0xff, 0xff, 0xff, 0xff, 0x40, 0x00, 0x00, 0x00, 0x6c, 0x95, 0xff, 0xff,
    0x08, 0x00, 0x00, 0x00, 0x14, 0x00, 0x00, 0x00, 0x01, 0x00, 0x00, 0x00,
    0x03, 0x00, 0x00, 0x00, 0x00, 0x00, 0x00, 0x00, 0x00, 0x00, 0x00, 0x00,
    0x01, 0x00, 0x00, 0x00, 0x09, 0xef, 0x2c, 0x3d, 0x2f, 0x00, 0x00, 0x00,
    0x73, 0x65, 0x71, 0x75, 0x65, 0x6e, 0x74, 0x69, 0x61, 0x6c, 0x5f, 0x31,
    0x33, 0x5f, 0x31, 0x2f, 0x6c, 0x73, 0x74, 0x6d, 0x5f, 0x31, 0x31, 0x5f,
    0x31, 0x2f, 0x77, 0x68, 0x69, 0x6c, 0x65, 0x2f, 0x6c, 0x73, 0x74, 0x6d,
    0x5f, 0x63, 0x65, 0x6c, 0x6c, 0x5f, 0x31, 0x2f, 0x61, 0x64, 0x64, 0x00,
    0x02, 0x00, 0x00, 0x00, 0x01, 0x00, 0x00, 0x00, 0x40, 0x00, 0x00, 0x00,
    0x12, 0x96, 0xff, 0xff, 0x00, 0x00, 0x00, 0x01, 0x18, 0x00, 0x00, 0x00,
    0x20, 0x00, 0x00, 0x00, 0x3c, 0x00, 0x00, 0x00, 0x8c, 0x00, 0x00, 0x00,
    0x00, 0x00, 0x00, 0x09, 0x68, 0x00, 0x00, 0x00, 0x02, 0x00, 0x00, 0x00,
    0xff, 0xff, 0xff, 0xff, 0x40, 0x00, 0x00, 0x00, 0xfc, 0x95, 0xff, 0xff,
    0x08, 0x00, 0x00, 0x00, 0x10, 0x00, 0x00, 0x00, 0x01, 0x00, 0x00, 0x00,
    0x05, 0x00, 0x00, 0x00, 0x00, 0x00, 0x00, 0x00, 0x01, 0x00, 0x00, 0x00,
    0x75, 0x05, 0x2b, 0x3d, 0x32, 0x00, 0x00, 0x00, 0x73, 0x65, 0x71, 0x75,
    0x65, 0x6e, 0x74, 0x69, 0x61, 0x6c, 0x5f, 0x31, 0x33, 0x5f, 0x31, 0x2f,
    0x6c, 0x73, 0x74, 0x6d, 0x5f, 0x31, 0x31, 0x5f, 0x31, 0x2f, 0x77, 0x68,
    0x69, 0x6c, 0x65, 0x2f, 0x6c, 0x73, 0x74, 0x6d, 0x5f, 0x63, 0x65, 0x6c,
    0x6c, 0x5f, 0x31, 0x2f, 0x4d, 0x61, 0x74, 0x4d, 0x75, 0x6c, 0x00, 0x00,
    0x02, 0x00, 0x00, 0x00, 0x01, 0x00, 0x00, 0x00, 0x40, 0x00, 0x00, 0x00,
    0xa2, 0x96, 0xff, 0xff, 0x00, 0x00, 0x00, 0x01, 0x18, 0x00, 0x00, 0x00,
    0x20, 0x00, 0x00, 0x00, 0x40, 0x00, 0x00, 0x00, 0x8b, 0x00, 0x00, 0x00,
    0x00, 0x00, 0x00, 0x09, 0x80, 0x00, 0x00, 0x00, 0x02, 0x00, 0x00, 0x00,
    0xff, 0xff, 0xff, 0xff, 0x20, 0x00, 0x00, 0x00, 0x8c, 0x96, 0xff, 0xff,
    0x08, 0x00, 0x00, 0x00, 0x14, 0x00, 0x00, 0x00, 0x01, 0x00, 0x00, 0x00,
    0xf7, 0xff, 0xff, 0xff, 0xff, 0xff, 0xff, 0xff, 0x00, 0x00, 0x00, 0x00,
    0x01, 0x00, 0x00, 0x00, 0xe1, 0x26, 0xa5, 0x3c, 0x44, 0x00, 0x00, 0x00,
    0x73, 0x65, 0x71, 0x75, 0x65, 0x6e, 0x74, 0x69, 0x61, 0x6c, 0x5f, 0x31,
    0x33, 0x5f, 0x31, 0x2f, 0x6c, 0x73, 0x74, 0x6d, 0x5f, 0x31, 0x31, 0x5f,
    0x31, 0x2f, 0x77, 0x68, 0x69, 0x6c, 0x65, 0x2f, 0x54, 0x65, 0x6e, 0x73,
    0x6f, 0x72, 0x41, 0x72, 0x72, 0x61, 0x79, 0x56, 0x32, 0x52, 0x65, 0x61,
    0x64, 0x2f, 0x54, 0x65, 0x6e, 0x73, 0x6f, 0x72, 0x4c, 0x69, 0x73, 0x74,
    0x47, 0x65, 0x74, 0x49, 0x74, 0x65, 0x6d, 0x3b, 0x00, 0x00, 0x00, 0x00,
    0x02, 0x00, 0x00, 0x00, 0x01, 0x00, 0x00, 0x00, 0x20, 0x00, 0x00, 0x00,
    0xa2, 0x97, 0xff, 0xff, 0x00, 0x00, 0x00, 0x01, 0x14, 0x00, 0x00, 0x00,
    0x14, 0x00, 0x00, 0x00, 0x8a, 0x00, 0x00, 0x00, 0x00, 0x00, 0x00, 0x02,
    0x34, 0x00, 0x00, 0x00, 0x8c, 0x97, 0xff, 0xff, 0x25, 0x00, 0x00, 0x00,
    0x73, 0x65, 0x71, 0x75, 0x65, 0x6e, 0x74, 0x69, 0x61, 0x6c, 0x5f, 0x31,
    0x33, 0x5f, 0x31, 0x2f, 0x6c, 0x73, 0x74, 0x6d, 0x5f, 0x31, 0x31, 0x5f,
    0x31, 0x2f, 0x77, 0x68, 0x69, 0x6c, 0x65, 0x2f, 0x61, 0x64, 0x64, 0x5f,
    0x31, 0x00, 0x00, 0x00, 0x00, 0x00, 0x00, 0x00, 0x9a, 0x97, 0xff, 0xff,
    0x00, 0x00, 0x00, 0x01, 0x18, 0x00, 0x00, 0x00, 0x20, 0x00, 0x00, 0x00,
    0x40, 0x00, 0x00, 0x00, 0x89, 0x00, 0x00, 0x00, 0x00, 0x00, 0x00, 0x09,
    0x70, 0x00, 0x00, 0x00, 0x02, 0x00, 0x00, 0x00, 0xff, 0xff, 0xff, 0xff,
    0x40, 0x00, 0x00, 0x00, 0x84, 0x97, 0xff, 0xff, 0x08, 0x00, 0x00, 0x00,
    0x14, 0x00, 0x00, 0x00, 0x01, 0x00, 0x00, 0x00, 0xd3, 0xff, 0xff, 0xff,
    0xff, 0xff, 0xff, 0xff, 0x00, 0x00, 0x00, 0x00, 0x01, 0x00, 0x00, 0x00,
    0xad, 0x32, 0x1f, 0x3c, 0x34, 0x00, 0x00, 0x00, 0x73, 0x65, 0x71, 0x75,
    0x65, 0x6e, 0x74, 0x69, 0x61, 0x6c, 0x5f, 0x31, 0x33, 0x5f, 0x31, 0x2f,
    0x6c, 0x73, 0x74, 0x6d, 0x5f, 0x31, 0x31, 0x5f, 0x31, 0x2f, 0x77, 0x68,
    0x69, 0x6c, 0x65, 0x2f, 0x6c, 0x73, 0x74, 0x6d, 0x5f, 0x63, 0x65, 0x6c,
    0x6c, 0x5f, 0x31, 0x2f, 0x4d, 0x61, 0x74, 0x4d, 0x75, 0x6c, 0x5f, 0x31,
    0x00, 0x00, 0x00, 0x00, 0x02, 0x00, 0x00, 0x00, 0x01, 0x00, 0x00, 0x00,
    0x40, 0x00, 0x00, 0x00, 0x8a, 0x98, 0xff, 0xff, 0x00, 0x00, 0x00, 0x01,
    0x14, 0x00, 0x00, 0x00, 0x14, 0x00, 0x00, 0x00, 0x88, 0x00, 0x00, 0x00,
    0x00, 0x00, 0x00, 0x02, 0x30, 0x00, 0x00, 0x00, 0x74, 0x98, 0xff, 0xff,
    0x23, 0x00, 0x00, 0x00, 0x73, 0x65, 0x71, 0x75, 0x65, 0x6e, 0x74, 0x69,
    0x61, 0x6c, 0x5f, 0x31, 0x33, 0x5f, 0x31, 0x2f, 0x6c, 0x73, 0x74, 0x6d,
    0x5f, 0x31, 0x31, 0x5f, 0x31, 0x2f, 0x77, 0x68, 0x69, 0x6c, 0x65, 0x2f,
    0x61, 0x64, 0x64, 0x00, 0x00, 0x00, 0x00, 0x00, 0x7e, 0x98, 0xff, 0xff,
    0x00, 0x00, 0x00, 0x01, 0x18, 0x00, 0x00, 0x00, 0x24, 0x00, 0x00, 0x00,
    0x40, 0x00, 0x00, 0x00, 0x87, 0x00, 0x00, 0x00, 0x00, 0x00, 0x00, 0x09,
    0x48, 0x00, 0x00, 0x00, 0x03, 0x00, 0x00, 0x00, 0x40, 0x00, 0x00, 0x00,
    0xff, 0xff, 0xff, 0xff, 0x20, 0x00, 0x00, 0x00, 0x6c, 0x98, 0xff, 0xff,
    0x08, 0x00, 0x00, 0x00, 0x10, 0x00, 0x00, 0x00, 0x01, 0x00, 0x00, 0x00,
    0xf7, 0xff, 0xff, 0xff, 0xff, 0xff, 0xff, 0xff, 0x01, 0x00, 0x00, 0x00,
    0xe1, 0x26, 0xa5, 0x3c, 0x0d, 0x00, 0x00, 0x00, 0x74, 0x66, 0x6c, 0x2e,
    0x71, 0x75, 0x61, 0x6e, 0x74, 0x69, 0x7a, 0x65, 0x37, 0x00, 0x00, 0x00,
    0x03, 0x00, 0x00, 0x00, 0x40, 0x00, 0x00, 0x00, 0x01, 0x00, 0x00, 0x00,
    0x20, 0x00, 0x00, 0x00, 0xf2, 0x98, 0xff, 0xff, 0x00, 0x00, 0x00, 0x01,
    0x18, 0x00, 0x00, 0x00, 0x20, 0x00, 0x00, 0x00, 0x40, 0x00, 0x00, 0x00,
    0x86, 0x00, 0x00, 0x00, 0x00, 0x00, 0x00, 0x09, 0x48, 0x00, 0x00, 0x00,
    0x02, 0x00, 0x00, 0x00, 0xff, 0xff, 0xff, 0xff, 0x10, 0x00, 0x00, 0x00,
    0xdc, 0x98, 0xff, 0xff, 0x08, 0x00, 0x00, 0x00, 0x14, 0x00, 0x00, 0x00,
    0x01, 0x00, 0x00, 0x00, 0x03, 0x00, 0x00, 0x00, 0x00, 0x00, 0x00, 0x00,
    0x00, 0x00, 0x00, 0x00, 0x01, 0x00, 0x00, 0x00, 0xd7, 0x5b, 0x8c, 0x3d,
    0x0d, 0x00, 0x00, 0x00, 0x74, 0x66, 0x6c, 0x2e, 0x71, 0x75, 0x61, 0x6e,
    0x74, 0x69, 0x7a, 0x65, 0x36, 0x00, 0x00, 0x00, 0x02, 0x00, 0x00, 0x00,
    0x01, 0x00, 0x00, 0x00, 0x10, 0x00, 0x00, 0x00, 0x62, 0x99, 0xff, 0xff,
    0x00, 0x00, 0x00, 0x01, 0x18, 0x00, 0x00, 0x00, 0x20, 0x00, 0x00, 0x00,
    0x40, 0x00, 0x00, 0x00, 0x85, 0x00, 0x00, 0x00, 0x00, 0x00, 0x00, 0x09,
    0x48, 0x00, 0x00, 0x00, 0x02, 0x00, 0x00, 0x00, 0xff, 0xff, 0xff, 0xff,
    0x10, 0x00, 0x00, 0x00, 0x4c, 0x99, 0xff, 0xff, 0x08, 0x00, 0x00, 0x00,
    0x14, 0x00, 0x00, 0x00, 0x01, 0x00, 0x00, 0x00, 0x00, 0x00, 0x00, 0x00,
    0x00, 0x00, 0x00, 0x00, 0x00, 0x00, 0x00, 0x00, 0x01, 0x00, 0x00, 0x00,
    0xe8, 0x75, 0xfd, 0x3b, 0x0d, 0x00, 0x00, 0x00, 0x74, 0x66, 0x6c, 0x2e,
    0x71, 0x75, 0x61, 0x6e, 0x74, 0x69, 0x7a, 0x65, 0x35, 0x00, 0x00, 0x00,
    0x02, 0x00, 0x00, 0x00, 0x01, 0x00, 0x00, 0x00, 0x10, 0x00, 0x00, 0x00,
    0x2a, 0x9a, 0xff, 0xff, 0x00, 0x00, 0x00, 0x01, 0x14, 0x00, 0x00, 0x00,
    0x28, 0x03, 0x00, 0x00, 0x84, 0x00, 0x00, 0x00, 0x00, 0x00, 0x00, 0x09,
    0x34, 0x03, 0x00, 0x00, 0xac, 0x99, 0xff, 0xff, 0x08, 0x00, 0x00, 0x00,
    0x0c, 0x02, 0x00, 0x00, 0x40, 0x00, 0x00, 0x00, 0x00, 0x00, 0x00, 0x00,
    0x00, 0x00, 0x00, 0x00, 0x00, 0x00, 0x00, 0x00, 0x00, 0x00, 0x00, 0x00,
    0x00, 0x00, 0x00, 0x00, 0x00, 0x00, 0x00, 0x00, 0x00, 0x00, 0x00, 0x00,
    0x00, 0x00, 0x00, 0x00, 0x00, 0x00, 0x00, 0x00, 0x00, 0x00, 0x00, 0x00,
    0x00, 0x00, 0x00, 0x00, 0x00, 0x00, 0x00, 0x00, 0x00, 0x00, 0x00, 0x00,
    0x00, 0x00, 0x00, 0x00, 0x00, 0x00, 0x00, 0x00, 0x00, 0x00, 0x00, 0x00,
    0x00, 0x00, 0x00, 0x00, 0x00, 0x00, 0x00, 0x00, 0x00, 0x00, 0x00, 0x00,
    0x00, 0x00, 0x00, 0x00, 0x00, 0x00, 0x00, 0x00, 0x00, 0x00, 0x00, 0x00,
    0x00, 0x00, 0x00, 0x00, 0x00, 0x00, 0x00, 0x00, 0x00, 0x00, 0x00, 0x00,
    0x00, 0x00, 0x00, 0x00, 0x00, 0x00, 0x00, 0x00, 0x00, 0x00, 0x00, 0x00,
    0x00, 0x00, 0x00, 0x00, 0x00, 0x00, 0x00, 0x00, 0x00, 0x00, 0x00, 0x00,
    0x00, 0x00, 0x00, 0x00, 0x00, 0x00, 0x00, 0x00, 0x00, 0x00, 0x00, 0x00,
    0x00, 0x00, 0x00, 0x00, 0x00, 0x00, 0x00, 0x00, 0x00, 0x00, 0x00, 0x00,
    0x00, 0x00, 0x00, 0x00, 0x00, 0x00, 0x00, 0x00, 0x00, 0x00, 0x00, 0x00,
    0x00, 0x00, 0x00, 0x00, 0x00, 0x00, 0x00, 0x00, 0x00, 0x00, 0x00, 0x00,
    0x00, 0x00, 0x00, 0x00, 0x00, 0x00, 0x00, 0x00, 0x00, 0x00, 0x00, 0x00,
    0x00, 0x00, 0x00, 0x00, 0x00, 0x00, 0x00, 0x00, 0x00, 0x00, 0x00, 0x00,
    0x00, 0x00, 0x00, 0x00, 0x00, 0x00, 0x00, 0x00, 0x00, 0x00, 0x00, 0x00,
    0x00, 0x00, 0x00, 0x00, 0x00, 0x00, 0x00, 0x00, 0x00, 0x00, 0x00, 0x00,
    0x00, 0x00, 0x00, 0x00, 0x00, 0x00, 0x00, 0x00, 0x00, 0x00, 0x00, 0x00,
    0x00, 0x00, 0x00, 0x00, 0x00, 0x00, 0x00, 0x00, 0x00, 0x00, 0x00, 0x00,
    0x00, 0x00, 0x00, 0x00, 0x00, 0x00, 0x00, 0x00, 0x00, 0x00, 0x00, 0x00,
    0x00, 0x00, 0x00, 0x00, 0x00, 0x00, 0x00, 0x00, 0x00, 0x00, 0x00, 0x00,
    0x00, 0x00, 0x00, 0x00, 0x00, 0x00, 0x00, 0x00, 0x00, 0x00, 0x00, 0x00,
    0x00, 0x00, 0x00, 0x00, 0x00, 0x00, 0x00, 0x00, 0x00, 0x00, 0x00, 0x00,
    0x00, 0x00, 0x00, 0x00, 0x00, 0x00, 0x00, 0x00, 0x00, 0x00, 0x00, 0x00,
    0x00, 0x00, 0x00, 0x00, 0x00, 0x00, 0x00, 0x00, 0x00, 0x00, 0x00, 0x00,
    0x00, 0x00, 0x00, 0x00, 0x00, 0x00, 0x00, 0x00, 0x00, 0x00, 0x00, 0x00,
    0x00, 0x00, 0x00, 0x00, 0x00, 0x00, 0x00, 0x00, 0x00, 0x00, 0x00, 0x00,
    0x00, 0x00, 0x00, 0x00, 0x00, 0x00, 0x00, 0x00, 0x00, 0x00, 0x00, 0x00,
    0x00, 0x00, 0x00, 0x00, 0x00, 0x00, 0x00, 0x00, 0x00, 0x00, 0x00, 0x00,
    0x00, 0x00, 0x00, 0x00, 0x00, 0x00, 0x00, 0x00, 0x00, 0x00, 0x00, 0x00,
    0x00, 0x00, 0x00, 0x00, 0x00, 0x00, 0x00, 0x00, 0x00, 0x00, 0x00, 0x00,
    0x00, 0x00, 0x00, 0x00, 0x00, 0x00, 0x00, 0x00, 0x00, 0x00, 0x00, 0x00,
    0x00, 0x00, 0x00, 0x00, 0x00, 0x00, 0x00, 0x00, 0x00, 0x00, 0x00, 0x00,
    0x00, 0x00, 0x00, 0x00, 0x00, 0x00, 0x00, 0x00, 0x00, 0x00, 0x00, 0x00,
    0x00, 0x00, 0x00, 0x00, 0x00, 0x00, 0x00, 0x00, 0x00, 0x00, 0x00, 0x00,
    0x00, 0x00, 0x00, 0x00, 0x00, 0x00, 0x00, 0x00, 0x00, 0x00, 0x00, 0x00,
    0x00, 0x00, 0x00, 0x00, 0x00, 0x00, 0x00, 0x00, 0x00, 0x00, 0x00, 0x00,
    0x00, 0x00, 0x00, 0x00, 0x00, 0x00, 0x00, 0x00, 0x00, 0x00, 0x00, 0x00,
    0x00, 0x00, 0x00, 0x00, 0x00, 0x00, 0x00, 0x00, 0x00, 0x00, 0x00, 0x00,
    0x00, 0x00, 0x00, 0x00, 0x00, 0x00, 0x00, 0x00, 0x00, 0x00, 0x00, 0x00,
    0x00, 0x00, 0x00, 0x00, 0x00, 0x00, 0x00, 0x00, 0x00, 0x00, 0x00, 0x00,
    0x00, 0x00, 0x00, 0x00, 0x00, 0x00, 0x00, 0x00, 0x40, 0x00, 0x00, 0x00,
    0x3f, 0x56, 0xb4, 0x3a, 0xe1, 0x28, 0x06, 0x3b, 0xbc, 0x17, 0x1d, 0x3b,
    0x80, 0xf4, 0x25, 0x3b, 0xdf, 0xbd, 0x01, 0x3b, 0x35, 0xeb, 0xe9, 0x3a,
    0xb2, 0x21, 0x04, 0x3b, 0x3c, 0xfd, 0x27, 0x3b, 0x29, 0xee, 0x22, 0x3b,
    0x29, 0x8c, 0xf5, 0x3a, 0x7d, 0x49, 0xbb, 0x3a, 0x58, 0xf0, 0x2b, 0x3b,
    0xd3, 0xba, 0x17, 0x3b, 0xf4, 0x50, 0x1c, 0x3b, 0x90, 0x38, 0x0f, 0x3b,
    0x50, 0x21, 0x00, 0x3b, 0xc2, 0x55, 0xb6, 0x3a, 0x60, 0x2a, 0x30, 0x3b,
    0x16, 0x0f, 0x29, 0x3b, 0x23, 0xb2, 0x1f, 0x3b, 0x48, 0x1b, 0xee, 0x3a,
    0x9d, 0x1f, 0xf6, 0x3a, 0xbf, 0x4d, 0x0e, 0x3b, 0x6c, 0x09, 0xfd, 0x3a,
    0x91, 0x0f, 0x34, 0x3b, 0xb3, 0x68, 0xab, 0x3a, 0x94, 0xda, 0x22, 0x3b,
    0xf6, 0x81, 0x3e, 0x3b, 0x81, 0x7c, 0xdf, 0x3a, 0x7f, 0xd1, 0x12, 0x3b,
    0xf3, 0x63, 0xdd, 0x3a, 0xc3, 0x72, 0xdc, 0x3a, 0x10, 0x59, 0x0a, 0x3b,
    0x62, 0xc1, 0xfe, 0x3a, 0x3d, 0x66, 0x14, 0x3b, 0x3e, 0x8d, 0xae, 0x3a,
    0x1d, 0x14, 0xdf, 0x3a, 0xe4, 0xf1, 0xb6, 0x3a, 0x3b, 0xe1, 0x1c, 0x3b,
    0x1b, 0x8d, 0x2d, 0x3b, 0xe2, 0xad, 0x02, 0x3b, 0x3a, 0xef, 0x34, 0x3b,
    0x37, 0x20, 0xff, 0x3a, 0xe0, 0x3e, 0x1a, 0x3b, 0x27, 0xcd, 0x01, 0x3b,
    0xe6, 0x73, 0xff, 0x3a, 0x59, 0xc0, 0x0d, 0x3b, 0x4a, 0xd9, 0xee, 0x3a,
    0x39, 0xb5, 0xd4, 0x3a, 0xf5, 0xf5, 0x29, 0x3b, 0x65, 0x76, 0x4e, 0x3b,
    0x9e, 0x45, 0x2e, 0x3b, 0xdb, 0x72, 0x35, 0x3b, 0x01, 0xd6, 0x17, 0x3b,
    0xb1, 0x10, 0x13, 0x3b, 0x0d, 0xc1, 0x19, 0x3b, 0x13, 0x1c, 0x1d, 0x3b,
    0xa1, 0xb3, 0x4f, 0x3b, 0xc6, 0xca, 0x1d, 0x3b, 0x27, 0x01, 0x15, 0x3b,
    0x1f, 0xc6, 0xff, 0x3a, 0x17, 0xc9, 0x54, 0x3b, 0xaa, 0x78, 0x34, 0x3b,
    0xe9, 0xfa, 0xce, 0x3a, 0x13, 0x00, 0x00, 0x00, 0x74, 0x66, 0x6c, 0x2e,
    0x70, 0x73, 0x65, 0x75, 0x64, 0x6f, 0x5f, 0x71, 0x63, 0x6f, 0x6e, 0x73,
    0x74, 0x31, 0x33, 0x00, 0x02, 0x00, 0x00, 0x00, 0x40, 0x00, 0x00, 0x00,
    0x10, 0x00, 0x00, 0x00, 0x82, 0x9d, 0xff, 0xff, 0x00, 0x00, 0x00, 0x01,
    0x14, 0x00, 0x00, 0x00, 0x28, 0x03, 0x00, 0x00, 0x83, 0x00, 0x00, 0x00,
    0x00, 0x00, 0x00, 0x09, 0x34, 0x03, 0x00, 0x00, 0x04, 0x9d, 0xff, 0xff,
    0x08, 0x00, 0x00, 0x00, 0x0c, 0x02, 0x00, 0x00, 0x40, 0x00, 0x00, 0x00,
    0x00, 0x00, 0x00, 0x00, 0x00, 0x00, 0x00, 0x00, 0x00, 0x00, 0x00, 0x00,
    0x00, 0x00, 0x00, 0x00, 0x00, 0x00, 0x00, 0x00, 0x00, 0x00, 0x00, 0x00,
    0x00, 0x00, 0x00, 0x00, 0x00, 0x00, 0x00, 0x00, 0x00, 0x00, 0x00, 0x00,
    0x00, 0x00, 0x00, 0x00, 0x00, 0x00, 0x00, 0x00, 0x00, 0x00, 0x00, 0x00,
    0x00, 0x00, 0x00, 0x00, 0x00, 0x00, 0x00, 0x00, 0x00, 0x00, 0x00, 0x00,
    0x00, 0x00, 0x00, 0x00, 0x00, 0x00, 0x00, 0x00, 0x00, 0x00, 0x00, 0x00,
    0x00, 0x00, 0x00, 0x00, 0x00, 0x00, 0x00, 0x00, 0x00, 0x00, 0x00, 0x00,
    0x00, 0x00, 0x00, 0x00, 0x00, 0x00, 0x00, 0x00, 0x00, 0x00, 0x00, 0x00,
    0x00, 0x00, 0x00, 0x00, 0x00, 0x00, 0x00, 0x00, 0x00, 0x00, 0x00, 0x00,
    0x00, 0x00, 0x00, 0x00, 0x00, 0x00, 0x00, 0x00, 0x00, 0x00, 0x00, 0x00,
    0x00, 0x00, 0x00, 0x00, 0x00, 0x00, 0x00, 0x00, 0x00, 0x00, 0x00, 0x00,
    0x00, 0x00, 0x00, 0x00, 0x00, 0x00, 0x00, 0x00, 0x00, 0x00, 0x00, 0x00,
    0x00, 0x00, 0x00, 0x00, 0x00, 0x00, 0x00, 0x00, 0x00, 0x00, 0x00, 0x00,
    0x00, 0x00, 0x00, 0x00, 0x00, 0x00, 0x00, 0x00, 0x00, 0x00, 0x00, 0x00,
    0x00, 0x00, 0x00, 0x00, 0x00, 0x00, 0x00, 0x00, 0x00, 0x00, 0x00, 0x00,
    0x00, 0x00, 0x00, 0x00, 0x00, 0x00, 0x00, 0x00, 0x00, 0x00, 0x00, 0x00,
    0x00, 0x00, 0x00, 0x00, 0x00, 0x00, 0x00, 0x00, 0x00, 0x00, 0x00, 0x00,
    0x00, 0x00, 0x00, 0x00, 0x00, 0x00, 0x00, 0x00, 0x00, 0x00, 0x00, 0x00,
    0x00, 0x00, 0x00, 0x00, 0x00, 0x00, 0x00, 0x00, 0x00, 0x00, 0x00, 0x00,
    0x00, 0x00, 0x00, 0x00, 0x00, 0x00, 0x00, 0x00, 0x00, 0x00, 0x00, 0x00,
    0x00, 0x00, 0x00, 0x00, 0x00, 0x00, 0x00, 0x00, 0x00, 0x00, 0x00, 0x00,
    0x00, 0x00, 0x00, 0x00, 0x00, 0x00, 0x00, 0x00, 0x00, 0x00, 0x00, 0x00,
    0x00, 0x00, 0x00, 0x00, 0x00, 0x00, 0x00, 0x00, 0x00, 0x00, 0x00, 0x00,
    0x00, 0x00, 0x00, 0x00, 0x00, 0x00, 0x00, 0x00, 0x00, 0x00, 0x00, 0x00,
    0x00, 0x00, 0x00, 0x00, 0x00, 0x00, 0x00, 0x00, 0x00, 0x00, 0x00, 0x00,
    0x00, 0x00, 0x00, 0x00, 0x00, 0x00, 0x00, 0x00, 0x00, 0x00, 0x00, 0x00,
    0x00, 0x00, 0x00, 0x00, 0x00, 0x00, 0x00, 0x00, 0x00, 0x00, 0x00, 0x00,
    0x00, 0x00, 0x00, 0x00, 0x00, 0x00, 0x00, 0x00, 0x00, 0x00, 0x00, 0x00,
    0x00, 0x00, 0x00, 0x00, 0x00, 0x00, 0x00, 0x00, 0x00, 0x00, 0x00, 0x00,
    0x00, 0x00, 0x00, 0x00, 0x00, 0x00, 0x00, 0x00, 0x00, 0x00, 0x00, 0x00,
    0x00, 0x00, 0x00, 0x00, 0x00, 0x00, 0x00, 0x00, 0x00, 0x00, 0x00, 0x00,
    0x00, 0x00, 0x00, 0x00, 0x00, 0x00, 0x00, 0x00, 0x00, 0x00, 0x00, 0x00,
    0x00, 0x00, 0x00, 0x00, 0x00, 0x00, 0x00, 0x00, 0x00, 0x00, 0x00, 0x00,
    0x00, 0x00, 0x00, 0x00, 0x00, 0x00, 0x00, 0x00, 0x00, 0x00, 0x00, 0x00,
    0x00, 0x00, 0x00, 0x00, 0x00, 0x00, 0x00, 0x00, 0x00, 0x00, 0x00, 0x00,
    0x00, 0x00, 0x00, 0x00, 0x00, 0x00, 0x00, 0x00, 0x00, 0x00, 0x00, 0x00,
    0x00, 0x00, 0x00, 0x00, 0x00, 0x00, 0x00, 0x00, 0x00, 0x00, 0x00, 0x00,
    0x00, 0x00, 0x00, 0x00, 0x00, 0x00, 0x00, 0x00, 0x00, 0x00, 0x00, 0x00,
    0x00, 0x00, 0x00, 0x00, 0x00, 0x00, 0x00, 0x00, 0x00, 0x00, 0x00, 0x00,
    0x00, 0x00, 0x00, 0x00, 0x00, 0x00, 0x00, 0x00, 0x00, 0x00, 0x00, 0x00,
    0x00, 0x00, 0x00, 0x00, 0x00, 0x00, 0x00, 0x00, 0x00, 0x00, 0x00, 0x00,
    0x00, 0x00, 0x00, 0x00, 0x00, 0x00, 0x00, 0x00, 0x00, 0x00, 0x00, 0x00,
    0x00, 0x00, 0x00, 0x00, 0x00, 0x00, 0x00, 0x00, 0x00, 0x00, 0x00, 0x00,
    0x40, 0x00, 0x00, 0x00, 0xba, 0xf1, 0xfc, 0x3a, 0x5d, 0x51, 0x26, 0x3b,
    0x62, 0x33, 0x05, 0x3b, 0x7a, 0x85, 0x01, 0x3b, 0x63, 0x1c, 0xd2, 0x3a,
    0x91, 0x9f, 0x06, 0x3b, 0xb8, 0xc7, 0xec, 0x3a, 0x45, 0x8b, 0xd8, 0x3a,
    0x32, 0x9d, 0x13, 0x3b, 0xfb, 0x78, 0x16, 0x3b, 0x9e, 0x81, 0x09, 0x3b,
    0xf5, 0xe2, 0x0f, 0x3b, 0x89, 0x1d, 0x31, 0x3b, 0x8d, 0x6f, 0x18, 0x3b,
    0x06, 0xfd, 0x00, 0x3b, 0x89, 0x20, 0x27, 0x3b, 0xff, 0x69, 0xe8, 0x3a,
    0x3f, 0x5e, 0x31, 0x3b, 0x01, 0x01, 0x09, 0x3b, 0x34, 0x13, 0x18, 0x3b,
    0x8d, 0xe5, 0x03, 0x3b, 0xb8, 0x84, 0x02, 0x3b, 0xec, 0xa7, 0x0c, 0x3b,
    0x28, 0x43, 0x11, 0x3b, 0x72, 0x8d, 0xfc, 0x3a, 0xab, 0x13, 0x0c, 0x3b,
    0x2f, 0x1f, 0x0b, 0x3b, 0x9c, 0x41, 0x06, 0x3b, 0xe1, 0xbe, 0x2e, 0x3b,
    0xfd, 0x1f, 0xfd, 0x3a, 0x63, 0x7b, 0x08, 0x3b, 0xa2, 0xf5, 0x15, 0x3b,
    0x5e, 0xbe, 0x0c, 0x3b, 0x71, 0x23, 0x02, 0x3b, 0x57, 0xd3, 0x05, 0x3b,
    0x94, 0xe1, 0x22, 0x3b, 0x73, 0xd6, 0x09, 0x3b, 0x2d, 0x12, 0x18, 0x3b,
    0x76, 0xbb, 0xed, 0x3a, 0x98, 0x42, 0xf3, 0x3a, 0x5a, 0xf7, 0xfb, 0x3a,
    0x39, 0x2b, 0x20, 0x3b, 0xbc, 0x8c, 0x05, 0x3b, 0x30, 0xe8, 0xee, 0x3a,
    0x47, 0xab, 0x12, 0x3b, 0x50, 0xfc, 0xf4, 0x3a, 0xc9, 0xa2, 0x03, 0x3b,
    0x66, 0xc2, 0x11, 0x3b, 0xa1, 0x3d, 0x04, 0x3b, 0x2d, 0xdb, 0x25, 0x3b,
    0xc6, 0x22, 0x14, 0x3b, 0x7f, 0xd9, 0x26, 0x3b, 0x7c, 0xe2, 0x30, 0x3b,
    0x0a, 0x31, 0x21, 0x3b, 0x23, 0x14, 0x03, 0x3b, 0xa1, 0xa2, 0x1b, 0x3b,
    0x5d, 0xcf, 0x4d, 0x3b, 0xbd, 0xe1, 0x23, 0x3b, 0xbe, 0x05, 0x1e, 0x3b,
    0x55, 0xbf, 0x09, 0x3b, 0xca, 0x7c, 0x1e, 0x3b, 0xa0, 0x0c, 0x21, 0x3b,
    0xdf, 0x6f, 0x0b, 0x3b, 0xc5, 0x42, 0x1e, 0x3b, 0x13, 0x00, 0x00, 0x00,
    0x74, 0x66, 0x6c, 0x2e, 0x70, 0x73, 0x65, 0x75, 0x64, 0x6f, 0x5f, 0x71,
    0x63, 0x6f, 0x6e, 0x73, 0x74, 0x31, 0x32, 0x00, 0x02, 0x00, 0x00, 0x00,
    0x40, 0x00, 0x00, 0x00, 0x20, 0x00, 0x00, 0x00, 0xda, 0xa0, 0xff, 0xff,
    0x00, 0x00, 0x00, 0x01, 0x14, 0x00, 0x00, 0x00, 0x34, 0x00, 0x00, 0x00,
    0x82, 0x00, 0x00, 0x00, 0x00, 0x00, 0x00, 0x09, 0x40, 0x00, 0x00, 0x00,
    0x5c, 0xa0, 0xff, 0xff, 0x08, 0x00, 0x00, 0x00, 0x14, 0x00, 0x00, 0x00,
    0x01, 0x00, 0x00, 0x00, 0x8a, 0xff, 0xff, 0xff, 0xff, 0xff, 0xff, 0xff,
    0x00, 0x00, 0x00, 0x00, 0x01, 0x00, 0x00, 0x00, 0xc4, 0xe9, 0x8c, 0x3b,
    0x13, 0x00, 0x00, 0x00, 0x74, 0x66, 0x6c, 0x2e, 0x70, 0x73, 0x65, 0x75,
    0x64, 0x6f, 0x5f, 0x71, 0x63, 0x6f, 0x6e, 0x73, 0x74, 0x31, 0x31, 0x00,
    0x01, 0x00, 0x00, 0x00, 0x40, 0x00, 0x00, 0x00, 0x3a, 0xa1, 0xff, 0xff,
    0x00, 0x00, 0x00, 0x01, 0x14, 0x00, 0x00, 0x00, 0x14, 0x00, 0x00, 0x00,
    0x06, 0x00, 0x00, 0x00, 0x00, 0x00, 0x00, 0x02, 0x20, 0x00, 0x00, 0x00,
    0x24, 0xa1, 0xff, 0xff, 0x10, 0x00, 0x00, 0x00, 0x61, 0x72, 0x69, 0x74,
    0x68, 0x2e, 0x63, 0x6f, 0x6e, 0x73, 0x74, 0x61, 0x6e, 0x74, 0x31, 0x35,
    0x00, 0x00, 0x00, 0x00, 0x00, 0x00, 0x00, 0x00, 0x76, 0xa1, 0xff, 0xff,
    0x00, 0x00, 0x00, 0x01, 0x14, 0x00, 0x00, 0x00, 0x14, 0x00, 0x00, 0x00,
    0x05, 0x00, 0x00, 0x00, 0x00, 0x00, 0x00, 0x02, 0x20, 0x00, 0x00, 0x00,
    0x60, 0xa1, 0xff, 0xff, 0x10, 0x00, 0x00, 0x00, 0x61, 0x72, 0x69, 0x74,
    0x68, 0x2e, 0x63, 0x6f, 0x6e, 0x73, 0x74, 0x61, 0x6e, 0x74, 0x31, 0x34,
    0x00, 0x00, 0x00, 0x00, 0x00, 0x00, 0x00, 0x00, 0x0a, 0xaf, 0xff, 0xff,
    0x00, 0x00, 0x00, 0x01, 0x14, 0x00, 0x00, 0x00, 0x20, 0x00, 0x00, 0x00,
    0x20, 0x00, 0x00, 0x00, 0x7f, 0x00, 0x00, 0x00, 0x48, 0x00, 0x00, 0x00,
    0x03, 0x00, 0x00, 0x00, 0x40, 0x00, 0x00, 0x00, 0xff, 0xff, 0xff, 0xff,
    0x20, 0x00, 0x00, 0x00, 0xac, 0xa1, 0xff, 0xff, 0x29, 0x00, 0x00, 0x00,
    0x73, 0x65, 0x71, 0x75, 0x65, 0x6e, 0x74, 0x69, 0x61, 0x6c, 0x5f, 0x31,
    0x33, 0x5f, 0x31, 0x2f, 0x6c, 0x73, 0x74, 0x6d, 0x5f, 0x31, 0x31, 0x5f,
    0x31, 0x2f, 0x77, 0x68, 0x69, 0x6c, 0x65, 0x5f, 0x62, 0x6f, 0x64, 0x79,
    0x5f, 0x61, 0x72, 0x67, 0x35, 0x00, 0x00, 0x00, 0x03, 0x00, 0x00, 0x00,
    0x40, 0x00, 0x00, 0x00, 0x01, 0x00, 0x00, 0x00, 0x20, 0x00, 0x00, 0x00,
    0x7a, 0xaf, 0xff, 0xff, 0x00, 0x00, 0x00, 0x01, 0x14, 0x00, 0x00, 0x00,
    0x1c, 0x00, 0x00, 0x00, 0x1c, 0x00, 0x00, 0x00, 0x7e, 0x00, 0x00, 0x00,
    0x44, 0x00, 0x00, 0x00, 0x02, 0x00, 0x00, 0x00, 0xff, 0xff, 0xff, 0xff,
    0x10, 0x00, 0x00, 0x00, 0x18, 0xa2, 0xff, 0xff, 0x29, 0x00, 0x00, 0x00,
    0x73, 0x65, 0x71, 0x75, 0x65, 0x6e, 0x74, 0x69, 0x61, 0x6c, 0x5f, 0x31,
    0x33, 0x5f, 0x31, 0x2f, 0x6c, 0x73, 0x74, 0x6d, 0x5f, 0x31, 0x31, 0x5f,
    0x31, 0x2f, 0x77, 0x68, 0x69, 0x6c, 0x65, 0x5f, 0x62, 0x6f, 0x64, 0x79,
    0x5f, 0x61, 0x72, 0x67, 0x34, 0x00, 0x00, 0x00, 0x02, 0x00, 0x00, 0x00,
    0x01, 0x00, 0x00, 0x00, 0x10, 0x00, 0x00, 0x00, 0xe2, 0xaf, 0xff, 0xff,
    0x00, 0x00, 0x00, 0x01, 0x14, 0x00, 0x00, 0x00, 0x1c, 0x00, 0x00, 0x00,
    0x1c, 0x00, 0x00, 0x00, 0x7d, 0x00, 0x00, 0x00, 0x44, 0x00, 0x00, 0x00,
    0x02, 0x00, 0x00, 0x00, 0xff, 0xff, 0xff, 0xff, 0x10, 0x00, 0x00, 0x00,
    0x80, 0xa2, 0xff, 0xff, 0x29, 0x00, 0x00, 0x00, 0x73, 0x65, 0x71, 0x75,
    0x65, 0x6e, 0x74, 0x69, 0x61, 0x6c, 0x5f, 0x31, 0x33, 0x5f, 0x31, 0x2f,
    0x6c, 0x73, 0x74, 0x6d, 0x5f, 0x31, 0x31, 0x5f, 0x31, 0x2f, 0x77, 0x68,
    0x69, 0x6c, 0x65, 0x5f, 0x62, 0x6f, 0x64, 0x79, 0x5f, 0x61, 0x72, 0x67,
    0x33, 0x00, 0x00, 0x00, 0x02, 0x00, 0x00, 0x00, 0x01, 0x00, 0x00, 0x00,
    0x10, 0x00, 0x00, 0x00, 0xcc, 0xac, 0xff, 0xff, 0x1c, 0x00, 0x00, 0x00,
    0x00, 0x00, 0x00, 0x01, 0x34, 0x00, 0x00, 0x00, 0x34, 0x00, 0x00, 0x00,
    0x7c, 0x00, 0x00, 0x00, 0x00, 0x00, 0x00, 0x0e, 0x58, 0x00, 0x00, 0x00,
    0x01, 0x00, 0x00, 0x00, 0x04, 0x00, 0x00, 0x00, 0xb2, 0xac, 0xff, 0xff,
    0x00, 0x00, 0x00, 0x01, 0x04, 0x00, 0x00, 0x00, 0x02, 0x00, 0x00, 0x00,
    0x00, 0x00, 0x00, 0x00, 0x10, 0x00, 0x00, 0x00, 0x00, 0xa3, 0xff, 0xff,
    0x29, 0x00, 0x00, 0x00, 0x73, 0x65, 0x71, 0x75, 0x65, 0x6e, 0x74, 0x69,
    0x61, 0x6c, 0x5f, 0x31, 0x33, 0x5f, 0x31, 0x2f, 0x6c, 0x73, 0x74, 0x6d,
    0x5f, 0x31, 0x31, 0x5f, 0x31, 0x2f, 0x77, 0x68, 0x69, 0x6c, 0x65, 0x5f,
    0x62, 0x6f, 0x64, 0x79, 0x5f, 0x61, 0x72, 0x67, 0x32, 0x00, 0x00, 0x00,
    0x00, 0x00, 0x00, 0x00, 0x6a, 0xa3, 0xff, 0xff, 0x00, 0x00, 0x00, 0x01,
    0x14, 0x00, 0x00, 0x00, 0x14, 0x00, 0x00, 0x00, 0x7b, 0x00, 0x00, 0x00,
    0x00, 0x00, 0x00, 0x02, 0x38, 0x00, 0x00, 0x00, 0x54, 0xa3, 0xff, 0xff,
    0x29, 0x00, 0x00, 0x00, 0x73, 0x65, 0x71, 0x75, 0x65, 0x6e, 0x74, 0x69,
    0x61, 0x6c, 0x5f, 0x31, 0x33, 0x5f, 0x31, 0x2f, 0x6c, 0x73, 0x74, 0x6d,
    0x5f, 0x31, 0x31, 0x5f, 0x31, 0x2f, 0x77, 0x68, 0x69, 0x6c, 0x65, 0x5f,
    0x62, 0x6f, 0x64, 0x79, 0x5f, 0x61, 0x72, 0x67, 0x31, 0x00, 0x00, 0x00,
    0x00, 0x00, 0x00, 0x00, 0xbe, 0xa3, 0xff, 0xff, 0x00, 0x00, 0x00, 0x01,
    0x14, 0x00, 0x00, 0x00, 0x14, 0x00, 0x00, 0x00, 0x7a, 0x00, 0x00, 0x00,
    0x00, 0x00, 0x00, 0x02, 0x38, 0x00, 0x00, 0x00, 0xa8, 0xa3, 0xff, 0xff,
    0x29, 0x00, 0x00, 0x00, 0x73, 0x65, 0x71, 0x75, 0x65, 0x6e, 0x74, 0x69,
    0x61, 0x6c, 0x5f, 0x31, 0x33, 0x5f, 0x31, 0x2f, 0x6c, 0x73, 0x74, 0x6d,
    0x5f, 0x31, 0x31, 0x5f, 0x31, 0x2f, 0x77, 0x68, 0x69, 0x6c, 0x65, 0x5f,
    0x62, 0x6f, 0x64, 0x79, 0x5f, 0x61, 0x72, 0x67, 0x30, 0x00, 0x00, 0x00,
    0x00, 0x00, 0x00, 0x00, 0x2e, 0xd1, 0xff, 0xff, 0x14, 0x00, 0x00, 0x00,
    0x3c, 0x00, 0x00, 0x00, 0xb4, 0x00, 0x00, 0x00, 0xb8, 0x00, 0x00, 0x00,
    0xd0, 0x00, 0x00, 0x00, 0x24, 0x00, 0x00, 0x00, 0x73, 0x65, 0x71, 0x75,
    0x65, 0x6e, 0x74, 0x69, 0x61, 0x6c, 0x5f, 0x31, 0x33, 0x5f, 0x31, 0x2f,
    0x6c, 0x73, 0x74, 0x6d, 0x5f, 0x31, 0x31, 0x5f, 0x31, 0x2f, 0x77, 0x68,
    0x69, 0x6c, 0x65, 0x5f, 0x63, 0x6f, 0x6e, 0x64, 0x00, 0x00, 0x00, 0x00,
    0x03, 0x00, 0x00, 0x00, 0x54, 0x00, 0x00, 0x00, 0x2c, 0x00, 0x00, 0x00,
    0x04, 0x00, 0x00, 0x00, 0xfa, 0xca, 0xff, 0xff, 0x0c, 0x00, 0x00, 0x00,
    0x10, 0x00, 0x00, 0x00, 0x10, 0x00, 0x00, 0x00, 0x01, 0x00, 0x00, 0x00,
    0x09, 0x00, 0x00, 0x00, 0x02, 0x00, 0x00, 0x00, 0x08, 0x00, 0x00, 0x00,
    0x07, 0x00, 0x00, 0x00, 0x1e, 0xcb, 0xff, 0xff, 0x0c, 0x00, 0x00, 0x00,
    0x10, 0x00, 0x00, 0x00, 0x0f, 0x00, 0x00, 0x00, 0x01, 0x00, 0x00, 0x00,
    0x08, 0x00, 0x00, 0x00, 0x02, 0x00, 0x00, 0x00, 0x00, 0x00, 0x00, 0x00,
    0x06, 0x00, 0x00, 0x00, 0x42, 0xcb, 0xff, 0xff, 0x0c, 0x00, 0x00, 0x00,
    0x10, 0x00, 0x00, 0x00, 0x0f, 0x00, 0x00, 0x00, 0x01, 0x00, 0x00, 0x00,
    0x07, 0x00, 0x00, 0x00, 0x02, 0x00, 0x00, 0x00, 0x01, 0x00, 0x00, 0x00,
    0x06, 0x00, 0x00, 0x00, 0x01, 0x00, 0x00, 0x00, 0x09, 0x00, 0x00, 0x00,
    0x06, 0x00, 0x00, 0x00, 0x00, 0x00, 0x00, 0x00, 0x01, 0x00, 0x00, 0x00,
    0x02, 0x00, 0x00, 0x00, 0x03, 0x00, 0x00, 0x00, 0x04, 0x00, 0x00, 0x00,
    0x05, 0x00, 0x00, 0x00, 0x0a, 0x00, 0x00, 0x00, 0x64, 0x03, 0x00, 0x00,
    0x0c, 0x03, 0x00, 0x00, 0x90, 0x02, 0x00, 0x00, 0x24, 0x02, 0x00, 0x00,
    0xb8, 0x01, 0x00, 0x00, 0x44, 0x01, 0x00, 0x00, 0x04, 0x01, 0x00, 0x00,
    0xb0, 0x00, 0x00, 0x00, 0x5c, 0x00, 0x00, 0x00, 0x04, 0x00, 0x00, 0x00,
    0x22, 0xa5, 0xff, 0xff, 0x00, 0x00, 0x00, 0x01, 0x14, 0x00, 0x00, 0x00,
    0x14, 0x00, 0x00, 0x00, 0x79, 0x00, 0x00, 0x00, 0x00, 0x00, 0x00, 0x06,
    0x38, 0x00, 0x00, 0x00, 0x0c, 0xa5, 0xff, 0xff, 0x2a, 0x00, 0x00, 0x00,
    0x73, 0x65, 0x71, 0x75, 0x65, 0x6e, 0x74, 0x69, 0x61, 0x6c, 0x5f, 0x31,
    0x33, 0x5f, 0x31, 0x2f, 0x6c, 0x73, 0x74, 0x6d, 0x5f, 0x31, 0x31, 0x5f,
    0x31, 0x2f, 0x77, 0x68, 0x69, 0x6c, 0x65, 0x2f, 0x4c, 0x6f, 0x67, 0x69,
    0x63, 0x61, 0x6c, 0x41, 0x6e, 0x64, 0x00, 0x00, 0x00, 0x00, 0x00, 0x00,
    0x76, 0xa5, 0xff, 0xff, 0x00, 0x00, 0x00, 0x01, 0x14, 0x00, 0x00, 0x00,
    0x14, 0x00, 0x00, 0x00, 0x78, 0x00, 0x00, 0x00, 0x00, 0x00, 0x00, 0x06,
    0x34, 0x00, 0x00, 0x00, 0x60, 0xa5, 0xff, 0xff, 0x26, 0x00, 0x00, 0x00,
    0x73, 0x65, 0x71, 0x75, 0x65, 0x6e, 0x74, 0x69, 0x61, 0x6c, 0x5f, 0x31,
    0x33, 0x5f, 0x31, 0x2f, 0x6c, 0x73, 0x74, 0x6d, 0x5f, 0x31, 0x31, 0x5f,
    0x31, 0x2f, 0x77, 0x68, 0x69, 0x6c, 0x65, 0x2f, 0x4c, 0x65, 0x73, 0x73,
    0x5f, 0x31, 0x00, 0x00, 0x00, 0x00, 0x00, 0x00, 0xc6, 0xa5, 0xff, 0xff,
    0x00, 0x00, 0x00, 0x01, 0x14, 0x00, 0x00, 0x00, 0x14, 0x00, 0x00, 0x00,
    0x77, 0x00, 0x00, 0x00, 0x00, 0x00, 0x00, 0x06, 0x34, 0x00, 0x00, 0x00,
    0xb0, 0xa5, 0xff, 0xff, 0x24, 0x00, 0x00, 0x00, 0x73, 0x65, 0x71, 0x75,
    0x65, 0x6e, 0x74, 0x69, 0x61, 0x6c, 0x5f, 0x31, 0x33, 0x5f, 0x31, 0x2f,
    0x6c, 0x73, 0x74, 0x6d, 0x5f, 0x31, 0x31, 0x5f, 0x31, 0x2f, 0x77, 0x68,
    0x69, 0x6c, 0x65, 0x2f, 0x4c, 0x65, 0x73, 0x73, 0x00, 0x00, 0x00, 0x00,
    0x00, 0x00, 0x00, 0x00, 0x16, 0xa6, 0xff, 0xff, 0x00, 0x00, 0x00, 0x01,
    0x14, 0x00, 0x00, 0x00, 0x14, 0x00, 0x00, 0x00, 0x03, 0x00, 0x00, 0x00,
    0x00, 0x00, 0x00, 0x02, 0x20, 0x00, 0x00, 0x00, 0x00, 0xa6, 0xff, 0xff,
    0x10, 0x00, 0x00, 0x00, 0x61, 0x72, 0x69, 0x74, 0x68, 0x2e, 0x63, 0x6f,
    0x6e, 0x73, 0x74, 0x61, 0x6e, 0x74, 0x32, 0x34, 0x00, 0x00, 0x00, 0x00,
    0x00, 0x00, 0x00, 0x00, 0xaa, 0xb3, 0xff, 0xff, 0x00, 0x00, 0x00, 0x01,
    0x14, 0x00, 0x00, 0x00, 0x20, 0x00, 0x00, 0x00, 0x20, 0x00, 0x00, 0x00,
    0x75, 0x00, 0x00, 0x00, 0x48, 0x00, 0x00, 0x00, 0x03, 0x00, 0x00, 0x00,
    0x40, 0x00, 0x00, 0x00, 0xff, 0xff, 0xff, 0xff, 0x20, 0x00, 0x00, 0x00,
    0x4c, 0xa6, 0xff, 0xff, 0x29, 0x00, 0x00, 0x00, 0x73, 0x65, 0x71, 0x75,
    0x65, 0x6e, 0x74, 0x69, 0x61, 0x6c, 0x5f, 0x31, 0x33, 0x5f, 0x31, 0x2f,
    0x6c, 0x73, 0x74, 0x6d, 0x5f, 0x31, 0x31, 0x5f, 0x31, 0x2f, 0x77, 0x68,
    0x69, 0x6c, 0x65, 0x5f, 0x63, 0x6f, 0x6e, 0x64, 0x5f, 0x61, 0x72, 0x67,
    0x35, 0x00, 0x00, 0x00, 0x03, 0x00, 0x00, 0x00, 0x40, 0x00, 0x00, 0x00,
    0x01, 0x00, 0x00, 0x00, 0x20, 0x00, 0x00, 0x00, 0x1a, 0xb4, 0xff, 0xff,
    0x00, 0x00, 0x00, 0x01, 0x14, 0x00, 0x00, 0x00, 0x1c, 0x00, 0x00, 0x00,
    0x1c, 0x00, 0x00, 0x00, 0x74, 0x00, 0x00, 0x00, 0x44, 0x00, 0x00, 0x00,
    0x02, 0x00, 0x00, 0x00, 0xff, 0xff, 0xff, 0xff, 0x10, 0x00, 0x00, 0x00,
    0xb8, 0xa6, 0xff, 0xff, 0x29, 0x00, 0x00, 0x00, 0x73, 0x65, 0x71, 0x75,
    0x65, 0x6e, 0x74, 0x69, 0x61, 0x6c, 0x5f, 0x31, 0x33, 0x5f, 0x31, 0x2f,
    0x6c, 0x73, 0x74, 0x6d, 0x5f, 0x31, 0x31, 0x5f, 0x31, 0x2f, 0x77, 0x68,
    0x69, 0x6c, 0x65, 0x5f, 0x63, 0x6f, 0x6e, 0x64, 0x5f, 0x61, 0x72, 0x67,
    0x34, 0x00, 0x00, 0x00, 0x02, 0x00, 0x00, 0x00, 0x01, 0x00, 0x00, 0x00,
    0x10, 0x00, 0x00, 0x00, 0x82, 0xb4, 0xff, 0xff, 0x00, 0x00, 0x00, 0x01,
    0x14, 0x00, 0x00, 0x00, 0x1c, 0x00, 0x00, 0x00, 0x1c, 0x00, 0x00, 0x00,
    0x73, 0x00, 0x00, 0x00, 0x44, 0x00, 0x00, 0x00, 0x02, 0x00, 0x00, 0x00,
    0xff, 0xff, 0xff, 0xff, 0x10, 0x00, 0x00, 0x00, 0x20, 0xa7, 0xff, 0xff,
    0x29, 0x00, 0x00, 0x00, 0x73, 0x65, 0x71, 0x75, 0x65, 0x6e, 0x74, 0x69,
    0x61, 0x6c, 0x5f, 0x31, 0x33, 0x5f, 0x31, 0x2f, 0x6c, 0x73, 0x74, 0x6d,
    0x5f, 0x31, 0x31, 0x5f, 0x31, 0x2f, 0x77, 0x68, 0x69, 0x6c, 0x65, 0x5f,
    0x63, 0x6f, 0x6e, 0x64, 0x5f, 0x61, 0x72, 0x67, 0x33, 0x00, 0x00, 0x00,
    0x02, 0x00, 0x00, 0x00, 0x01, 0x00, 0x00, 0x00, 0x10, 0x00, 0x00, 0x00,
    0x6c, 0xb1, 0xff, 0xff, 0x1c, 0x00, 0x00, 0x00, 0x00, 0x00, 0x00, 0x01,
    0x34, 0x00, 0x00, 0x00, 0x34, 0x00, 0x00, 0x00, 0x72, 0x00, 0x00, 0x00,
    0x00, 0x00, 0x00, 0x0e, 0x58, 0x00, 0x00, 0x00, 0x01, 0x00, 0x00, 0x00,
    0x04, 0x00, 0x00, 0x00, 0x52, 0xb1, 0xff, 0xff, 0x00, 0x00, 0x00, 0x01,
    0x04, 0x00, 0x00, 0x00, 0x02, 0x00, 0x00, 0x00, 0x00, 0x00, 0x00, 0x00,
    0x10, 0x00, 0x00, 0x00, 0xa0, 0xa7, 0xff, 0xff, 0x29, 0x00, 0x00, 0x00,
    0x73, 0x65, 0x71, 0x75, 0x65, 0x6e, 0x74, 0x69, 0x61, 0x6c, 0x5f, 0x31,
    0x33, 0x5f, 0x31, 0x2f, 0x6c, 0x73, 0x74, 0x6d, 0x5f, 0x31, 0x31, 0x5f,
    0x31, 0x2f, 0x77, 0x68, 0x69, 0x6c, 0x65, 0x5f, 0x63, 0x6f, 0x6e, 0x64,
    0x5f, 0x61, 0x72, 0x67, 0x32, 0x00, 0x00, 0x00, 0x00, 0x00, 0x00, 0x00,
    0x0a, 0xa8, 0xff, 0xff, 0x00, 0x00, 0x00, 0x01, 0x14, 0x00, 0x00, 0x00,
    0x14, 0x00, 0x00, 0x00, 0x71, 0x00, 0x00, 0x00, 0x00, 0x00, 0x00, 0x02,
    0x38, 0x00, 0x00, 0x00, 0xf4, 0xa7, 0xff, 0xff, 0x29, 0x00, 0x00, 0x00,
    0x73, 0x65, 0x71, 0x75, 0x65, 0x6e, 0x74, 0x69, 0x61, 0x6c, 0x5f, 0x31,
    0x33, 0x5f, 0x31, 0x2f, 0x6c, 0x73, 0x74, 0x6d, 0x5f, 0x31, 0x31, 0x5f,
    0x31, 0x2f, 0x77, 0x68, 0x69, 0x6c, 0x65, 0x5f, 0x63, 0x6f, 0x6e, 0x64,
    0x5f, 0x61, 0x72, 0x67, 0x31, 0x00, 0x00, 0x00, 0x00, 0x00, 0x00, 0x00,
    0x5e, 0xa8, 0xff, 0xff, 0x00, 0x00, 0x00, 0x01, 0x14, 0x00, 0x00, 0x00,
    0x14, 0x00, 0x00, 0x00, 0x70, 0x00, 0x00, 0x00, 0x00, 0x00, 0x00, 0x02,
    0x38, 0x00, 0x00, 0x00, 0x48, 0xa8, 0xff, 0xff, 0x29, 0x00, 0x00, 0x00,
    0x73, 0x65, 0x71, 0x75, 0x65, 0x6e, 0x74, 0x69, 0x61, 0x6c, 0x5f, 0x31,
    0x33, 0x5f, 0x31, 0x2f, 0x6c, 0x73, 0x74, 0x6d, 0x5f, 0x31, 0x31, 0x5f,
    0x31, 0x2f, 0x77, 0x68, 0x69, 0x6c, 0x65, 0x5f, 0x63, 0x6f, 0x6e, 0x64,
    0x5f, 0x61, 0x72, 0x67, 0x30, 0x00, 0x00, 0x00, 0x00, 0x00, 0x00, 0x00,
    0xce, 0xd5, 0xff, 0xff, 0x14, 0x00, 0x00, 0x00, 0x3c, 0x00, 0x00, 0x00,
    0x48, 0x05, 0x00, 0x00, 0x60, 0x05, 0x00, 0x00, 0x78, 0x05, 0x00, 0x00,
    0x24, 0x00, 0x00, 0x00, 0x73, 0x65, 0x71, 0x75, 0x65, 0x6e, 0x74, 0x69,
    0x61, 0x6c, 0x5f, 0x31, 0x33, 0x5f, 0x31, 0x2f, 0x6c, 0x73, 0x74, 0x6d,
    0x5f, 0x31, 0x30, 0x5f, 0x31, 0x2f, 0x77, 0x68, 0x69, 0x6c, 0x65, 0x5f,
    0x62, 0x6f, 0x64, 0x79, 0x00, 0x00, 0x00, 0x00, 0x17, 0x00, 0x00, 0x00,
    0xec, 0x04, 0x00, 0x00, 0xc8, 0x04, 0x00, 0x00, 0xa4, 0x04, 0x00, 0x00,
    0x70, 0x04, 0x00, 0x00, 0x38, 0x04, 0x00, 0x00, 0x04, 0x04, 0x00, 0x00,
    0xd0, 0x03, 0x00, 0x00, 0x98, 0x03, 0x00, 0x00, 0x64, 0x03, 0x00, 0x00,
    0x30, 0x03, 0x00, 0x00, 0xec, 0x02, 0x00, 0x00, 0xc8, 0x02, 0x00, 0x00,
    0xa4, 0x02, 0x00, 0x00, 0x70, 0x02, 0x00, 0x00, 0x4c, 0x02, 0x00, 0x00,
    0x28, 0x02, 0x00, 0x00, 0xf4, 0x01, 0x00, 0x00, 0xc0, 0x01, 0x00, 0x00,
    0x9c, 0x01, 0x00, 0x00, 0x78, 0x01, 0x00, 0x00, 0x44, 0x01, 0x00, 0x00,
    0x20, 0x01, 0x00, 0x00, 0x04, 0x00, 0x00, 0x00, 0x94, 0xce, 0xff, 0xff,
    0x10, 0x00, 0x00, 0x00, 0xf8, 0x00, 0x00, 0x00, 0xfc, 0x00, 0x00, 0x00,
    0x15, 0x00, 0x00, 0x00, 0xe5, 0x00, 0x00, 0x00, 0x11, 0x54, 0x65, 0x6e,
    0x73, 0x6f, 0x72, 0x4c, 0x69, 0x73, 0x74, 0x53, 0x65, 0x74, 0x49, 0x74,
    0x65, 0x6d, 0x00, 0xc8, 0x12, 0x11, 0x54, 0x65, 0x6e, 0x73, 0x6f, 0x72,
    0x4c, 0x69, 0x73, 0x74, 0x53, 0x65, 0x74, 0x49, 0x74, 0x65, 0x6d, 0x1a,
    0x00, 0x1a, 0x00, 0x1a, 0x00, 0x2a, 0x13, 0x0a, 0x0d, 0x65, 0x6c, 0x65,
    0x6d, 0x65, 0x6e, 0x74, 0x5f, 0x64, 0x74, 0x79, 0x70, 0x65, 0x12, 0x02,
    0x30, 0x01, 0x2a, 0x23, 0x0a, 0x1d, 0x72, 0x65, 0x73, 0x69, 0x7a, 0x65,
    0x5f, 0x69, 0x66, 0x5f, 0x69, 0x6e, 0x64, 0x65, 0x78, 0x5f, 0x6f, 0x75,
    0x74, 0x5f, 0x6f, 0x66, 0x5f, 0x62, 0x6f, 0x75, 0x6e, 0x64, 0x73, 0x12,
    0x02, 0x28, 0x00, 0x32, 0x73, 0x0a, 0x44, 0x73, 0x65, 0x71, 0x75, 0x65,
    0x6e, 0x74, 0x69, 0x61, 0x6c, 0x5f, 0x31, 0x33, 0x5f, 0x31, 0x2f, 0x6c,
    0x73, 0x74, 0x6d, 0x5f, 0x31, 0x30, 0x5f, 0x31, 0x2f, 0x77, 0x68, 0x69,
    0x6c, 0x65, 0x2f, 0x54, 0x65, 0x6e, 0x73, 0x6f, 0x72, 0x41, 0x72, 0x72,
    0x61, 0x79, 0x56, 0x32, 0x57, 0x72, 0x69, 0x74, 0x65, 0x2f, 0x54, 0x65,
    0x6e, 0x73, 0x6f, 0x72, 0x4c, 0x69, 0x73, 0x74, 0x53, 0x65, 0x74, 0x49,
    0x74, 0x65, 0x6d, 0x12, 0x2b, 0x73, 0x65, 0x71, 0x75, 0x65, 0x6e, 0x74,
    0x69, 0x61, 0x6c, 0x5f, 0x31, 0x33, 0x5f, 0x31, 0x5f, 0x6c, 0x73, 0x74,
    0x6d, 0x5f, 0x31, 0x30, 0x5f, 0x31, 0x5f, 0x77, 0x68, 0x69, 0x6c, 0x65,
    0x5f, 0x62, 0x6f, 0x64, 0x79, 0x5f, 0x32, 0x31, 0x36, 0x32, 0x34, 0x30,
    0x00, 0x02, 0xdd, 0xcb, 0x14, 0x14, 0x04, 0x28, 0x01, 0x00, 0x00, 0x00,
    0x01, 0x00, 0x00, 0x00, 0x23, 0x00, 0x00, 0x00, 0x03, 0x00, 0x00, 0x00,
    0x02, 0x00, 0x00, 0x00, 0x01, 0x00, 0x00, 0x00, 0x22, 0x00, 0x00, 0x00,
    0x02, 0xd1, 0xff, 0xff, 0x0c, 0x00, 0x00, 0x00, 0x10, 0x00, 0x00, 0x00,
    0x06, 0x00, 0x00, 0x00, 0x01, 0x00, 0x00, 0x00, 0x22, 0x00, 0x00, 0x00,
    0x01, 0x00, 0x00, 0x00, 0x21, 0x00, 0x00, 0x00, 0xb2, 0xd0, 0xff, 0xff,
    0x14, 0x00, 0x00, 0x00, 0x00, 0x00, 0x00, 0x15, 0x10, 0x00, 0x00, 0x00,
    0x14, 0x00, 0x00, 0x00, 0x0b, 0x00, 0x00, 0x00, 0x74, 0xaa, 0xff, 0xff,
    0x01, 0x00, 0x00, 0x00, 0x21, 0x00, 0x00, 0x00, 0x02, 0x00, 0x00, 0x00,
    0x1b, 0x00, 0x00, 0x00, 0x20, 0x00, 0x00, 0x00, 0x52, 0xd1, 0xff, 0xff,
    0x0c, 0x00, 0x00, 0x00, 0x10, 0x00, 0x00, 0x00, 0x14, 0x00, 0x00, 0x00,
    0x01, 0x00, 0x00, 0x00, 0x20, 0x00, 0x00, 0x00, 0x01, 0x00, 0x00, 0x00,
    0x1e, 0x00, 0x00, 0x00, 0x72, 0xd1, 0xff, 0xff, 0x0c, 0x00, 0x00, 0x00,
    0x10, 0x00, 0x00, 0x00, 0x06, 0x00, 0x00, 0x00, 0x01, 0x00, 0x00, 0x00,
    0x1f, 0x00, 0x00, 0x00, 0x01, 0x00, 0x00, 0x00, 0x1e, 0x00, 0x00, 0x00,
    0x22, 0xd1, 0xff, 0xff, 0x14, 0x00, 0x00, 0x00, 0x00, 0x00, 0x00, 0x0b,
    0x10, 0x00, 0x00, 0x00, 0x14, 0x00, 0x00, 0x00, 0x0c, 0x00, 0x00, 0x00,
    0xe4, 0xaa, 0xff, 0xff, 0x01, 0x00, 0x00, 0x00, 0x1e, 0x00, 0x00, 0x00,
    0x02, 0x00, 0x00, 0x00, 0x1a, 0x00, 0x00, 0x00, 0x1d, 0x00, 0x00, 0x00,
    0x52, 0xd1, 0xff, 0xff, 0x14, 0x00, 0x00, 0x00, 0x00, 0x00, 0x00, 0x15,
    0x10, 0x00, 0x00, 0x00, 0x14, 0x00, 0x00, 0x00, 0x0b, 0x00, 0x00, 0x00,
    0x14, 0xab, 0xff, 0xff, 0x01, 0x00, 0x00, 0x00, 0x1d, 0x00, 0x00, 0x00,
    0x02, 0x00, 0x00, 0x00, 0x18, 0x00, 0x00, 0x00, 0x1c, 0x00, 0x00, 0x00,
    0xf2, 0xd1, 0xff, 0xff, 0x0c, 0x00, 0x00, 0x00, 0x10, 0x00, 0x00, 0x00,
    0x14, 0x00, 0x00, 0x00, 0x01, 0x00, 0x00, 0x00, 0x1c, 0x00, 0x00, 0x00,
    0x01, 0x00, 0x00, 0x00, 0x16, 0x00, 0x00, 0x00, 0x12, 0xd2, 0xff, 0xff,
    0x0c, 0x00, 0x00, 0x00, 0x10, 0x00, 0x00, 0x00, 0x13, 0x00, 0x00, 0x00,
    0x01, 0x00, 0x00, 0x00, 0x1b, 0x00, 0x00, 0x00, 0x01, 0x00, 0x00, 0x00,
    0x17, 0x00, 0x00, 0x00, 0xc2, 0xd1, 0xff, 0xff, 0x14, 0x00, 0x00, 0x00,
    0x00, 0x00, 0x00, 0x15, 0x10, 0x00, 0x00, 0x00, 0x14, 0x00, 0x00, 0x00,
    0x0b, 0x00, 0x00, 0x00, 0x84, 0xab, 0xff, 0xff, 0x01, 0x00, 0x00, 0x00,
    0x1a, 0x00, 0x00, 0x00, 0x02, 0x00, 0x00, 0x00, 0x19, 0x00, 0x00, 0x00,
    0x0b, 0x00, 0x00, 0x00, 0x62, 0xd2, 0xff, 0xff, 0x0c, 0x00, 0x00, 0x00,
    0x10, 0x00, 0x00, 0x00, 0x13, 0x00, 0x00, 0x00, 0x01, 0x00, 0x00, 0x00,
    0x19, 0x00, 0x00, 0x00, 0x01, 0x00, 0x00, 0x00, 0x15, 0x00, 0x00, 0x00,
    0x82, 0xd2, 0xff, 0xff, 0x0c, 0x00, 0x00, 0x00, 0x10, 0x00, 0x00, 0x00,
    0x13, 0x00, 0x00, 0x00, 0x01, 0x00, 0x00, 0x00, 0x18, 0x00, 0x00, 0x00,
    0x01, 0x00, 0x00, 0x00, 0x14, 0x00, 0x00, 0x00, 0x32, 0xd2, 0xff, 0xff,
    0x14, 0x00, 0x00, 0x00, 0x00, 0x00, 0x00, 0x23, 0x14, 0x00, 0x00, 0x00,
    0x24, 0x00, 0x00, 0x00, 0x12, 0x00, 0x00, 0x00, 0x72, 0xd2, 0xff, 0xff,
    0x04, 0x00, 0x00, 0x00, 0x04, 0x00, 0x00, 0x00, 0x14, 0x00, 0x00, 0x00,
    0x15, 0x00, 0x00, 0x00, 0x16, 0x00, 0x00, 0x00, 0x17, 0x00, 0x00, 0x00,
    0x02, 0x00, 0x00, 0x00, 0x06, 0x00, 0x00, 0x00, 0x13, 0x00, 0x00, 0x00,
    0x72, 0xd2, 0xff, 0xff, 0x14, 0x00, 0x00, 0x00, 0x00, 0x00, 0x00, 0x0b,
    0x10, 0x00, 0x00, 0x00, 0x14, 0x00, 0x00, 0x00, 0x0c, 0x00, 0x00, 0x00,
    0x34, 0xac, 0xff, 0xff, 0x01, 0x00, 0x00, 0x00, 0x13, 0x00, 0x00, 0x00,
    0x02, 0x00, 0x00, 0x00, 0x12, 0x00, 0x00, 0x00, 0x07, 0x00, 0x00, 0x00,
    0xa2, 0xd2, 0xff, 0xff, 0x14, 0x00, 0x00, 0x00, 0x00, 0x00, 0x00, 0x0b,
    0x10, 0x00, 0x00, 0x00, 0x14, 0x00, 0x00, 0x00, 0x0c, 0x00, 0x00, 0x00,
    0x64, 0xac, 0xff, 0xff, 0x01, 0x00, 0x00, 0x00, 0x12, 0x00, 0x00, 0x00,
    0x02, 0x00, 0x00, 0x00, 0x11, 0x00, 0x00, 0x00, 0x0e, 0x00, 0x00, 0x00,
    0xd2, 0xd2, 0xff, 0xff, 0x14, 0x00, 0x00, 0x00, 0x00, 0x00, 0x00, 0x08,
    0x10, 0x00, 0x00, 0x00, 0x14, 0x00, 0x00, 0x00, 0x0d, 0x00, 0x00, 0x00,
    0x94, 0xac, 0xff, 0xff, 0x01, 0x00, 0x00, 0x00, 0x11, 0x00, 0x00, 0x00,
    0x03, 0x00, 0x00, 0x00, 0x10, 0x00, 0x00, 0x00, 0x08, 0x00, 0x00, 0x00,
    0xff, 0xff, 0xff, 0xff, 0x06, 0xd3, 0xff, 0xff, 0x14, 0x00, 0x00, 0x00,
    0x00, 0x00, 0x00, 0x17, 0x10, 0x00, 0x00, 0x00, 0x14, 0x00, 0x00, 0x00,
    0x11, 0x00, 0x00, 0x00, 0xc8, 0xac, 0xff, 0xff, 0x01, 0x00, 0x00, 0x00,
    0x10, 0x00, 0x00, 0x00, 0x02, 0x00, 0x00, 0x00, 0x0c, 0x00, 0x00, 0x00,
    0x01, 0x00, 0x00, 0x00, 0x36, 0xd3, 0xff, 0xff, 0x14, 0x00, 0x00, 0x00,
    0x00, 0x00, 0x00, 0x0b, 0x10, 0x00, 0x00, 0x00, 0x14, 0x00, 0x00, 0x00,
    0x0c, 0x00, 0x00, 0x00, 0xf8, 0xac, 0xff, 0xff, 0x01, 0x00, 0x00, 0x00,
    0x0f, 0x00, 0x00, 0x00, 0x02, 0x00, 0x00, 0x00, 0x00, 0x00, 0x00, 0x00,
    0x06, 0x00, 0x00, 0x00, 0x66, 0xd3, 0xff, 0xff, 0x14, 0x00, 0x00, 0x00,
    0x00, 0x00, 0x00, 0x08, 0x10, 0x00, 0x00, 0x00, 0x14, 0x00, 0x00, 0x00,
    0x0d, 0x00, 0x00, 0x00, 0x28, 0xad, 0xff, 0xff, 0x01, 0x00, 0x00, 0x00,
    0x0e, 0x00, 0x00, 0x00, 0x03, 0x00, 0x00, 0x00, 0x0a, 0x00, 0x00, 0x00,
    0x09, 0x00, 0x00, 0x00, 0xff, 0xff, 0xff, 0xff, 0x9a, 0xd3, 0xff, 0xff,
    0x14, 0x00, 0x00, 0x00, 0x00, 0x00, 0x00, 0x0b, 0x10, 0x00, 0x00, 0x00,
    0x14, 0x00, 0x00, 0x00, 0x0c, 0x00, 0x00, 0x00, 0x5c, 0xad, 0xff, 0xff,
    0x01, 0x00, 0x00, 0x00, 0x0d, 0x00, 0x00, 0x00, 0x02, 0x00, 0x00, 0x00,
    0x01, 0x00, 0x00, 0x00, 0x06, 0x00, 0x00, 0x00, 0x3a, 0xd4, 0xff, 0xff,
    0x0c, 0x00, 0x00, 0x00, 0x10, 0x00, 0x00, 0x00, 0x0a, 0x00, 0x00, 0x00,
    0x01, 0x00, 0x00, 0x00, 0x0c, 0x00, 0x00, 0x00, 0x01, 0x00, 0x00, 0x00,
    0x05, 0x00, 0x00, 0x00, 0x5a, 0xd4, 0xff, 0xff, 0x0c, 0x00, 0x00, 0x00,
    0x10, 0x00, 0x00, 0x00, 0x0a, 0x00, 0x00, 0x00, 0x01, 0x00, 0x00, 0x00,
    0x0b, 0x00, 0x00, 0x00, 0x01, 0x00, 0x00, 0x00, 0x04, 0x00, 0x00, 0x00,
    0x7a, 0xd4, 0xff, 0xff, 0x0c, 0x00, 0x00, 0x00, 0x10, 0x00, 0x00, 0x00,
    0x0a, 0x00, 0x00, 0x00, 0x01, 0x00, 0x00, 0x00, 0x0a, 0x00, 0x00, 0x00,
    0x01, 0x00, 0x00, 0x00, 0x03, 0x00, 0x00, 0x00, 0x06, 0x00, 0x00, 0x00,
    0x0f, 0x00, 0x00, 0x00, 0x0d, 0x00, 0x00, 0x00, 0x23, 0x00, 0x00, 0x00,
    0x22, 0x00, 0x00, 0x00, 0x1f, 0x00, 0x00, 0x00, 0x05, 0x00, 0x00, 0x00,
    0x06, 0x00, 0x00, 0x00, 0x00, 0x00, 0x00, 0x00, 0x01, 0x00, 0x00, 0x00,
    0x02, 0x00, 0x00, 0x00, 0x03, 0x00, 0x00, 0x00, 0x04, 0x00, 0x00, 0x00,
    0x05, 0x00, 0x00, 0x00, 0x24, 0x00, 0x00, 0x00, 0xac, 0x1f, 0x00, 0x00,
    0x54, 0x1f, 0x00, 0x00, 0xd8, 0x1e, 0x00, 0x00, 0x6c, 0x1e, 0x00, 0x00,
    0x00, 0x1e, 0x00, 0x00, 0x8c, 0x1d, 0x00, 0x00, 0x4c, 0x1d, 0x00, 0x00,
    0xec, 0x1c, 0x00, 0x00, 0x90, 0x16, 0x00, 0x00, 0x34, 0x10, 0x00, 0x00,
    0xc0, 0x0f, 0x00, 0x00, 0x4c, 0x0f, 0x00, 0x00, 0xd4, 0x0e, 0x00, 0x00,
    0x84, 0x0e, 0x00, 0x00, 0xe8, 0x0d, 0x00, 0x00, 0x94, 0x0d, 0x00, 0x00,
    0xf0, 0x0c, 0x00, 0x00, 0x5c, 0x0c, 0x00, 0x00, 0xc8, 0x0b, 0x00, 0x00,
    0x34, 0x0b, 0x00, 0x00, 0x08, 0x0a, 0x00, 0x00, 0xdc, 0x08, 0x00, 0x00,
    0xb0, 0x07, 0x00, 0x00, 0x84, 0x06, 0x00, 0x00, 0xf0, 0x05, 0x00, 0x00,
    0x54, 0x05, 0x00, 0x00, 0xc0, 0x04, 0x00, 0x00, 0x24, 0x04, 0x00, 0x00,
    0x90, 0x03, 0x00, 0x00, 0xfc, 0x02, 0x00, 0x00, 0x68, 0x02, 0x00, 0x00,
    0x18, 0x02, 0x00, 0x00, 0x80, 0x01, 0x00, 0x00, 0xec, 0x00, 0x00, 0x00,
    0x9c, 0x00, 0x00, 0x00, 0x04, 0x00, 0x00, 0x00, 0xac, 0xb8, 0xff, 0xff,
    0x1c, 0x00, 0x00, 0x00, 0x00, 0x00, 0x00, 0x01, 0x34, 0x00, 0x00, 0x00,
    0x34, 0x00, 0x00, 0x00, 0x6f, 0x00, 0x00, 0x00, 0x00, 0x00, 0x00, 0x0e,
    0x74, 0x00, 0x00, 0x00, 0x01, 0x00, 0x00, 0x00, 0x04, 0x00, 0x00, 0x00,
    0x92, 0xb8, 0xff, 0xff, 0x00, 0x00, 0x00, 0x01, 0x04, 0x00, 0x00, 0x00,
    0x02, 0x00, 0x00, 0x00, 0x00, 0x00, 0x00, 0x00, 0x20, 0x00, 0x00, 0x00,
    0xe0, 0xae, 0xff, 0xff, 0x44, 0x00, 0x00, 0x00, 0x73, 0x65, 0x71, 0x75,
    0x65, 0x6e, 0x74, 0x69, 0x61, 0x6c, 0x5f, 0x31, 0x33, 0x5f, 0x31, 0x2f,
    0x6c, 0x73, 0x74, 0x6d, 0x5f, 0x31, 0x30, 0x5f, 0x31, 0x2f, 0x77, 0x68,
    0x69, 0x6c, 0x65, 0x2f, 0x54, 0x65, 0x6e, 0x73, 0x6f, 0x72, 0x41, 0x72,
    0x72, 0x61, 0x79, 0x56, 0x32, 0x57, 0x72, 0x69, 0x74, 0x65, 0x2f, 0x54,
    0x65, 0x6e, 0x73, 0x6f, 0x72, 0x4c, 0x69, 0x73, 0x74, 0x53, 0x65, 0x74,
    0x49, 0x74, 0x65, 0x6d, 0x00, 0x00, 0x00, 0x00, 0x00, 0x00, 0x00, 0x00,
    0xbe, 0xbc, 0xff, 0xff, 0x00, 0x00, 0x00, 0x01, 0x14, 0x00, 0x00, 0x00,
    0x1c, 0x00, 0x00, 0x00, 0x1c, 0x00, 0x00, 0x00, 0x6e, 0x00, 0x00, 0x00,
    0x28, 0x00, 0x00, 0x00, 0x02, 0x00, 0x00, 0x00, 0xff, 0xff, 0xff, 0xff,
    0x20, 0x00, 0x00, 0x00, 0x5c, 0xaf, 0xff, 0xff, 0x0f, 0x00, 0x00, 0x00,
    0x74, 0x66, 0x6c, 0x2e, 0x64, 0x65, 0x71, 0x75, 0x61, 0x6e, 0x74, 0x69,
    0x7a, 0x65, 0x33, 0x00, 0x02, 0x00, 0x00, 0x00, 0x01, 0x00, 0x00, 0x00,
    0x20, 0x00, 0x00, 0x00, 0x5a, 0xaf, 0xff, 0xff, 0x00, 0x00, 0x00, 0x01,
    0x18, 0x00, 0x00, 0x00, 0x20, 0x00, 0x00, 0x00, 0x3c, 0x00, 0x00, 0x00,
    0x6d, 0x00, 0x00, 0x00, 0x00, 0x00, 0x00, 0x09, 0x68, 0x00, 0x00, 0x00,
    0x02, 0x00, 0x00, 0x00, 0xff, 0xff, 0xff, 0xff, 0x20, 0x00, 0x00, 0x00,
    0x44, 0xaf, 0xff, 0xff, 0x08, 0x00, 0x00, 0x00, 0x10, 0x00, 0x00, 0x00,
    0x01, 0x00, 0x00, 0x00, 0x07, 0x00, 0x00, 0x00, 0x00, 0x00, 0x00, 0x00,
    0x01, 0x00, 0x00, 0x00, 0x7c, 0xc6, 0x9b, 0x3b, 0x31, 0x00, 0x00, 0x00,
    0x73, 0x65, 0x71, 0x75, 0x65, 0x6e, 0x74, 0x69, 0x61, 0x6c, 0x5f, 0x31,
    0x33, 0x5f, 0x31, 0x2f, 0x6c, 0x73, 0x74, 0x6d, 0x5f, 0x31, 0x30, 0x5f,
    0x31, 0x2f, 0x77, 0x68, 0x69, 0x6c, 0x65, 0x2f, 0x6c, 0x73, 0x74, 0x6d,
    0x5f, 0x63, 0x65, 0x6c, 0x6c, 0x5f, 0x31, 0x2f, 0x6d, 0x75, 0x6c, 0x5f,
    0x32, 0x00, 0x00, 0x00, 0x02, 0x00, 0x00, 0x00, 0x01, 0x00, 0x00, 0x00,
    0x20, 0x00, 0x00, 0x00, 0xea, 0xaf, 0xff, 0xff, 0x00, 0x00, 0x00, 0x01,
    0x18, 0x00, 0x00, 0x00, 0x20, 0x00, 0x00, 0x00, 0x40, 0x00, 0x00, 0x00,
    0x6c, 0x00, 0x00, 0x00, 0x00, 0x00, 0x00, 0x09, 0x6c, 0x00, 0x00, 0x00,
    0x02, 0x00, 0x00, 0x00, 0xff, 0xff, 0xff, 0xff, 0x20, 0x00, 0x00, 0x00,
    0xd4, 0xaf, 0xff, 0xff, 0x08, 0x00, 0x00, 0x00, 0x14, 0x00, 0x00, 0x00,
    0x01, 0x00, 0x00, 0x00, 0x00, 0x00, 0x00, 0x00, 0x00, 0x00, 0x00, 0x00,
    0x00, 0x00, 0x00, 0x00, 0x01, 0x00, 0x00, 0x00, 0x00, 0x00, 0x00, 0x3c,
    0x32, 0x00, 0x00, 0x00, 0x73, 0x65, 0x71, 0x75, 0x65, 0x6e, 0x74, 0x69,
    0x61, 0x6c, 0x5f, 0x31, 0x33, 0x5f, 0x31, 0x2f, 0x6c, 0x73, 0x74, 0x6d,
    0x5f, 0x31, 0x30, 0x5f, 0x31, 0x2f, 0x77, 0x68, 0x69, 0x6c, 0x65, 0x2f,
    0x6c, 0x73, 0x74, 0x6d, 0x5f, 0x63, 0x65, 0x6c, 0x6c, 0x5f, 0x31, 0x2f,
    0x54, 0x61, 0x6e, 0x68, 0x5f, 0x31, 0x00, 0x00, 0x02, 0x00, 0x00, 0x00,
    0x01, 0x00, 0x00, 0x00, 0x20, 0x00, 0x00, 0x00, 0x2e, 0xbe, 0xff, 0xff,
    0x00, 0x00, 0x00, 0x01, 0x14, 0x00, 0x00, 0x00, 0x1c, 0x00, 0x00, 0x00,
    0x1c, 0x00, 0x00, 0x00, 0x6b, 0x00, 0x00, 0x00, 0x28, 0x00, 0x00, 0x00,
    0x02, 0x00, 0x00, 0x00, 0xff, 0xff, 0xff, 0xff, 0x20, 0x00, 0x00, 0x00,
    0xcc, 0xb0, 0xff, 0xff, 0x0f, 0x00, 0x00, 0x00, 0x74, 0x66, 0x6c, 0x2e,
    0x64, 0x65, 0x71, 0x75, 0x61, 0x6e, 0x74, 0x69, 0x7a, 0x65, 0x32, 0x00,
    0x02, 0x00, 0x00, 0x00, 0x01, 0x00, 0x00, 0x00, 0x20, 0x00, 0x00, 0x00,
    0xca, 0xb0, 0xff, 0xff, 0x00, 0x00, 0x00, 0x01, 0x18, 0x00, 0x00, 0x00,
    0x20, 0x00, 0x00, 0x00, 0x3c, 0x00, 0x00, 0x00, 0x6a, 0x00, 0x00, 0x00,
    0x00, 0x00, 0x00, 0x09, 0x68, 0x00, 0x00, 0x00, 0x02, 0x00, 0x00, 0x00,
    0xff, 0xff, 0xff, 0xff, 0x20, 0x00, 0x00, 0x00, 0xb4, 0xb0, 0xff, 0xff,
    0x08, 0x00, 0x00, 0x00, 0x10, 0x00, 0x00, 0x00, 0x01, 0x00, 0x00, 0x00,
    0x03, 0x00, 0x00, 0x00, 0x00, 0x00, 0x00, 0x00, 0x01, 0x00, 0x00, 0x00,
    0xb9, 0x80, 0x8b, 0x3c, 0x31, 0x00, 0x00, 0x00, 0x73, 0x65, 0x71, 0x75,
    0x65, 0x6e, 0x74, 0x69, 0x61, 0x6c, 0x5f, 0x31, 0x33, 0x5f, 0x31, 0x2f,
    0x6c, 0x73, 0x74, 0x6d, 0x5f, 0x31, 0x30, 0x5f, 0x31, 0x2f, 0x77, 0x68,
    0x69, 0x6c, 0x65, 0x2f, 0x6c, 0x73, 0x74, 0x6d, 0x5f, 0x63, 0x65, 0x6c,
    0x6c, 0x5f, 0x31, 0x2f, 0x61, 0x64, 0x64, 0x5f, 0x32, 0x00, 0x00, 0x00,
    0x02, 0x00, 0x00, 0x00, 0x01, 0x00, 0x00, 0x00, 0x20, 0x00, 0x00, 0x00,
    0x5a, 0xb1, 0xff, 0xff, 0x00, 0x00, 0x00, 0x01, 0x18, 0x00, 0x00, 0x00,
    0x20, 0x00, 0x00, 0x00, 0x3c, 0x00, 0x00, 0x00, 0x69, 0x00, 0x00, 0x00,
    0x00, 0x00, 0x00, 0x09, 0x68, 0x00, 0x00, 0x00, 0x02, 0x00, 0x00, 0x00,
    0xff, 0xff, 0xff, 0xff, 0x20, 0x00, 0x00, 0x00, 0x44, 0xb1, 0xff, 0xff,
    0x08, 0x00, 0x00, 0x00, 0x10, 0x00, 0x00, 0x00, 0x01, 0x00, 0x00, 0x00,
    0xf2, 0xff, 0xff, 0xff, 0xff, 0xff, 0xff, 0xff, 0x01, 0x00, 0x00, 0x00,
    0x6a, 0xae, 0x3d, 0x3b, 0x31, 0x00, 0x00, 0x00, 0x73, 0x65, 0x71, 0x75,
    0x65, 0x6e, 0x74, 0x69, 0x61, 0x6c, 0x5f, 0x31, 0x33, 0x5f, 0x31, 0x2f,
    0x6c, 0x73, 0x74, 0x6d, 0x5f, 0x31, 0x30, 0x5f, 0x31, 0x2f, 0x77, 0x68,
    0x69, 0x6c, 0x65, 0x2f, 0x6c, 0x73, 0x74, 0x6d, 0x5f, 0x63, 0x65, 0x6c,
    0x6c, 0x5f, 0x31, 0x2f, 0x6d, 0x75, 0x6c, 0x5f, 0x31, 0x00, 0x00, 0x00,
    0x02, 0x00, 0x00, 0x00, 0x01, 0x00, 0x00, 0x00, 0x20, 0x00, 0x00, 0x00,
    0xea, 0xb1, 0xff, 0xff, 0x00, 0x00, 0x00, 0x01, 0x18, 0x00, 0x00, 0x00,
    0x20, 0x00, 0x00, 0x00, 0x3c, 0x00, 0x00, 0x00, 0x68, 0x00, 0x00, 0x00,
    0x00, 0x00, 0x00, 0x09, 0x68, 0x00, 0x00, 0x00, 0x02, 0x00, 0x00, 0x00,
    0xff, 0xff, 0xff, 0xff, 0x20, 0x00, 0x00, 0x00, 0xd4, 0xb1, 0xff, 0xff,
    0x08, 0x00, 0x00, 0x00, 0x10, 0x00, 0x00, 0x00, 0x01, 0x00, 0x00, 0x00,
    0x00, 0x00, 0x00, 0x00, 0x00, 0x00, 0x00, 0x00, 0x01, 0x00, 0x00, 0x00,
    0x00, 0x00, 0x00, 0x3c, 0x30, 0x00, 0x00, 0x00, 0x73, 0x65, 0x71, 0x75,
    0x65, 0x6e, 0x74, 0x69, 0x61, 0x6c, 0x5f, 0x31, 0x33, 0x5f, 0x31, 0x2f,
    0x6c, 0x73, 0x74, 0x6d, 0x5f, 0x31, 0x30, 0x5f, 0x31, 0x2f, 0x77, 0x68,
    0x69, 0x6c, 0x65, 0x2f, 0x6c, 0x73, 0x74, 0x6d, 0x5f, 0x63, 0x65, 0x6c,
    0x6c, 0x5f, 0x31, 0x2f, 0x54, 0x61, 0x6e, 0x68, 0x00, 0x00, 0x00, 0x00,
    0x02, 0x00, 0x00, 0x00, 0x01, 0x00, 0x00, 0x00, 0x20, 0x00, 0x00, 0x00,
    0x7a, 0xb2, 0xff, 0xff, 0x00, 0x00, 0x00, 0x01, 0x18, 0x00, 0x00, 0x00,
    0x20, 0x00, 0x00, 0x00, 0x40, 0x00, 0x00, 0x00, 0x67, 0x00, 0x00, 0x00,
    0x00, 0x00, 0x00, 0x09, 0x70, 0x00, 0x00, 0x00, 0x02, 0x00, 0x00, 0x00,
    0xff, 0xff, 0xff, 0xff, 0x20, 0x00, 0x00, 0x00, 0x64, 0xb2, 0xff, 0xff,
    0x08, 0x00, 0x00, 0x00, 0x14, 0x00, 0x00, 0x00, 0x01, 0x00, 0x00, 0x00,
    0x80, 0xff, 0xff, 0xff, 0xff, 0xff, 0xff, 0xff, 0x00, 0x00, 0x00, 0x00,
    0x01, 0x00, 0x00, 0x00, 0x00, 0x00, 0x80, 0x3b, 0x35, 0x00, 0x00, 0x00,
    0x73, 0x65, 0x71, 0x75, 0x65, 0x6e, 0x74, 0x69, 0x61, 0x6c, 0x5f, 0x31,
    0x33, 0x5f, 0x31, 0x2f, 0x6c, 0x73, 0x74, 0x6d, 0x5f, 0x31, 0x30, 0x5f,
    0x31, 0x2f, 0x77, 0x68, 0x69, 0x6c, 0x65, 0x2f, 0x6c, 0x73, 0x74, 0x6d,
    0x5f, 0x63, 0x65, 0x6c, 0x6c, 0x5f, 0x31, 0x2f, 0x53, 0x69, 0x67, 0x6d,
    0x6f, 0x69, 0x64, 0x5f, 0x32, 0x00, 0x00, 0x00, 0x02, 0x00, 0x00, 0x00,
    0x01, 0x00, 0x00, 0x00, 0x20, 0x00, 0x00, 0x00, 0x12, 0xb3, 0xff, 0xff,
    0x00, 0x00, 0x00, 0x01, 0x18, 0x00, 0x00, 0x00, 0x20, 0x00, 0x00, 0x00,
    0x40, 0x00, 0x00, 0x00, 0x66, 0x00, 0x00, 0x00, 0x00, 0x00, 0x00, 0x09,
    0x68, 0x00, 0x00, 0x00, 0x02, 0x00, 0x00, 0x00, 0xff, 0xff, 0xff, 0xff,
    0x20, 0x00, 0x00, 0x00, 0xfc, 0xb2, 0xff, 0xff, 0x08, 0x00, 0x00, 0x00,
    0x14, 0x00, 0x00, 0x00, 0x01, 0x00, 0x00, 0x00, 0x07, 0x00, 0x00, 0x00,
    0x00, 0x00, 0x00, 0x00, 0x00, 0x00, 0x00, 0x00, 0x01, 0x00, 0x00, 0x00,
    0xd8, 0x95, 0x67, 0x3c, 0x2f, 0x00, 0x00, 0x00, 0x73, 0x65, 0x71, 0x75,
    0x65, 0x6e, 0x74, 0x69, 0x61, 0x6c, 0x5f, 0x31, 0x33, 0x5f, 0x31, 0x2f,
    0x6c, 0x73, 0x74, 0x6d, 0x5f, 0x31, 0x30, 0x5f, 0x31, 0x2f, 0x77, 0x68,
    0x69, 0x6c, 0x65, 0x2f, 0x6c, 0x73, 0x74, 0x6d, 0x5f, 0x63, 0x65, 0x6c,
    0x6c, 0x5f, 0x31, 0x2f, 0x6d, 0x75, 0x6c, 0x00, 0x02, 0x00, 0x00, 0x00,
    0x01, 0x00, 0x00, 0x00, 0x20, 0x00, 0x00, 0x00, 0xa2, 0xb3, 0xff, 0xff,
    0x00, 0x00, 0x00, 0x01, 0x18, 0x00, 0x00, 0x00, 0x20, 0x00, 0x00, 0x00,
    0x40, 0x00, 0x00, 0x00, 0x65, 0x00, 0x00, 0x00, 0x00, 0x00, 0x00, 0x09,
    0x70, 0x00, 0x00, 0x00, 0x02, 0x00, 0x00, 0x00, 0xff, 0xff, 0xff, 0xff,
    0x20, 0x00, 0x00, 0x00, 0x8c, 0xb3, 0xff, 0xff, 0x08, 0x00, 0x00, 0x00,
    0x14, 0x00, 0x00, 0x00, 0x01, 0x00, 0x00, 0x00, 0x80, 0xff, 0xff, 0xff,
    0xff, 0xff, 0xff, 0xff, 0x00, 0x00, 0x00, 0x00, 0x01, 0x00, 0x00, 0x00,
    0x00, 0x00, 0x80, 0x3b, 0x35, 0x00, 0x00, 0x00, 0x73, 0x65, 0x71, 0x75,
    0x65, 0x6e, 0x74, 0x69, 0x61, 0x6c, 0x5f, 0x31, 0x33, 0x5f, 0x31, 0x2f,
    0x6c, 0x73, 0x74, 0x6d, 0x5f, 0x31, 0x30, 0x5f, 0x31, 0x2f, 0x77, 0x68,
    0x69, 0x6c, 0x65, 0x2f, 0x6c, 0x73, 0x74, 0x6d, 0x5f, 0x63, 0x65, 0x6c,
    0x6c, 0x5f, 0x31, 0x2f, 0x53, 0x69, 0x67, 0x6d, 0x6f, 0x69, 0x64, 0x5f,
    0x31, 0x00, 0x00, 0x00, 0x02, 0x00, 0x00, 0x00, 0x01, 0x00, 0x00, 0x00,
    0x20, 0x00, 0x00, 0x00, 0x3a, 0xb4, 0xff, 0xff, 0x00, 0x00, 0x00, 0x01,
    0x18, 0x00, 0x00, 0x00, 0x20, 0x00, 0x00, 0x00, 0x3c, 0x00, 0x00, 0x00,
    0x64, 0x00, 0x00, 0x00, 0x00, 0x00, 0x00, 0x09, 0x68, 0x00, 0x00, 0x00,
    0x02, 0x00, 0x00, 0x00, 0xff, 0xff, 0xff, 0xff, 0x20, 0x00, 0x00, 0x00,
    0x24, 0xb4, 0xff, 0xff, 0x08, 0x00, 0x00, 0x00, 0x10, 0x00, 0x00, 0x00,
    0x01, 0x00, 0x00, 0x00, 0x80, 0xff, 0xff, 0xff, 0xff, 0xff, 0xff, 0xff,
    0x01, 0x00, 0x00, 0x00, 0x00, 0x00, 0x80, 0x3b, 0x33, 0x00, 0x00, 0x00,
    0x73, 0x65, 0x71, 0x75, 0x65, 0x6e, 0x74, 0x69, 0x61, 0x6c, 0x5f, 0x31,
    0x33, 0x5f, 0x31, 0x2f, 0x6c, 0x73, 0x74, 0x6d, 0x5f, 0x31, 0x30, 0x5f,
    0x31, 0x2f, 0x77, 0x68, 0x69, 0x6c, 0x65, 0x2f, 0x6c, 0x73, 0x74, 0x6d,
    0x5f, 0x63, 0x65, 0x6c, 0x6c, 0x5f, 0x31, 0x2f, 0x53, 0x69, 0x67, 0x6d,
    0x6f, 0x69, 0x64, 0x00, 0x02, 0x00, 0x00, 0x00, 0x01, 0x00, 0x00, 0x00,
    0x20, 0x00, 0x00, 0x00, 0xca, 0xb4, 0xff, 0xff, 0x00, 0x00, 0x00, 0x01,
    0x18, 0x00, 0x00, 0x00, 0x20, 0x00, 0x00, 0x00, 0x3c, 0x00, 0x00, 0x00,
    0x63, 0x00, 0x00, 0x00, 0x00, 0x00, 0x00, 0x09, 0x00, 0x01, 0x00, 0x00,
    0x02, 0x00, 0x00, 0x00, 0xff, 0xff, 0xff, 0xff, 0x20, 0x00, 0x00, 0x00,
    0xb4, 0xb4, 0xff, 0xff, 0x08, 0x00, 0x00, 0x00, 0x10, 0x00, 0x00, 0x00,
    0x01, 0x00, 0x00, 0x00, 0xbc, 0xff, 0xff, 0xff, 0xff, 0xff, 0xff, 0xff,
    0x01, 0x00, 0x00, 0x00, 0x3a, 0x7e, 0x24, 0x3c, 0xcb, 0x00, 0x00, 0x00,
    0x73, 0x65, 0x71, 0x75, 0x65, 0x6e, 0x74, 0x69, 0x61, 0x6c, 0x5f, 0x31,
    0x33, 0x5f, 0x31, 0x2f, 0x6c, 0x73, 0x74, 0x6d, 0x5f, 0x31, 0x30, 0x5f,
    0x31, 0x2f, 0x77, 0x68, 0x69, 0x6c, 0x65, 0x2f, 0x6c, 0x73, 0x74, 0x6d,
    0x5f, 0x63, 0x65, 0x6c, 0x6c, 0x5f, 0x31, 0x2f, 0x73, 0x70, 0x6c, 0x69,
    0x74, 0x3b, 0x73, 0x65, 0x71, 0x75, 0x65, 0x6e, 0x74, 0x69, 0x61, 0x6c,
    0x5f, 0x31, 0x33, 0x5f, 0x31, 0x2f, 0x6c, 0x73, 0x74, 0x6d, 0x5f, 0x31,
    0x30, 0x5f, 0x31, 0x2f, 0x77, 0x68, 0x69, 0x6c, 0x65, 0x2f, 0x6c, 0x73,
    0x74, 0x6d, 0x5f, 0x63, 0x65, 0x6c, 0x6c, 0x5f, 0x31, 0x2f, 0x73, 0x70,
    0x6c, 0x69, 0x74, 0x31, 0x3b, 0x73, 0x65, 0x71, 0x75, 0x65, 0x6e, 0x74,
    0x69, 0x61, 0x6c, 0x5f, 0x31, 0x33, 0x5f, 0x31, 0x2f, 0x6c, 0x73, 0x74,
    0x6d, 0x5f, 0x31, 0x30, 0x5f, 0x31, 0x2f, 0x77, 0x68, 0x69, 0x6c, 0x65,
    0x2f, 0x6c, 0x73, 0x74, 0x6d, 0x5f, 0x63, 0x65, 0x6c, 0x6c, 0x5f, 0x31,
    0x2f, 0x73, 0x70, 0x6c, 0x69, 0x74, 0x32, 0x3b, 0x73, 0x65, 0x71, 0x75,
    0x65, 0x6e, 0x74, 0x69, 0x61, 0x6c, 0x5f, 0x31, 0x33, 0x5f, 0x31, 0x2f,
    0x6c, 0x73, 0x74, 0x6d, 0x5f, 0x31, 0x30, 0x5f, 0x31, 0x2f, 0x77, 0x68,
    0x69, 0x6c, 0x65, 0x2f, 0x6c, 0x73, 0x74, 0x6d, 0x5f, 0x63, 0x65, 0x6c,
    0x6c, 0x5f, 0x31, 0x2f, 0x73, 0x70, 0x6c, 0x69, 0x74, 0x33, 0x33, 0x00,
    0x02, 0x00, 0x00, 0x00, 0x01, 0x00, 0x00, 0x00, 0x20, 0x00, 0x00, 0x00,
    0xf2, 0xb5, 0xff, 0xff, 0x00, 0x00, 0x00, 0x01, 0x18, 0x00, 0x00, 0x00,
    0x20, 0x00, 0x00, 0x00, 0x3c, 0x00, 0x00, 0x00, 0x62, 0x00, 0x00, 0x00,
    0x00, 0x00, 0x00, 0x09, 0x00, 0x01, 0x00, 0x00, 0x02, 0x00, 0x00, 0x00,
    0xff, 0xff, 0xff, 0xff, 0x20, 0x00, 0x00, 0x00, 0xdc, 0xb5, 0xff, 0xff,
    0x08, 0x00, 0x00, 0x00, 0x10, 0x00, 0x00, 0x00, 0x01, 0x00, 0x00, 0x00,
    0xbc, 0xff, 0xff, 0xff, 0xff, 0xff, 0xff, 0xff, 0x01, 0x00, 0x00, 0x00,
    0x3a, 0x7e, 0x24, 0x3c, 0xcb, 0x00, 0x00, 0x00, 0x73, 0x65, 0x71, 0x75,
    0x65, 0x6e, 0x74, 0x69, 0x61, 0x6c, 0x5f, 0x31, 0x33, 0x5f, 0x31, 0x2f,
    0x6c, 0x73, 0x74, 0x6d, 0x5f, 0x31, 0x30, 0x5f, 0x31, 0x2f, 0x77, 0x68,
    0x69, 0x6c, 0x65, 0x2f, 0x6c, 0x73, 0x74, 0x6d, 0x5f, 0x63, 0x65, 0x6c,
    0x6c, 0x5f, 0x31, 0x2f, 0x73, 0x70, 0x6c, 0x69, 0x74, 0x3b, 0x73, 0x65,
    0x71, 0x75, 0x65, 0x6e, 0x74, 0x69, 0x61, 0x6c, 0x5f, 0x31, 0x33, 0x5f,
    0x31, 0x2f, 0x6c, 0x73, 0x74, 0x6d, 0x5f, 0x31, 0x30, 0x5f, 0x31, 0x2f,
    0x77, 0x68, 0x69, 0x6c, 0x65, 0x2f, 0x6c, 0x73, 0x74, 0x6d, 0x5f, 0x63,
    0x65, 0x6c, 0x6c, 0x5f, 0x31, 0x2f, 0x73, 0x70, 0x6c, 0x69, 0x74, 0x31,
    0x3b, 0x73, 0x65, 0x71, 0x75, 0x65, 0x6e, 0x74, 0x69, 0x61, 0x6c, 0x5f,
    0x31, 0x33, 0x5f, 0x31, 0x2f, 0x6c, 0x73, 0x74, 0x6d, 0x5f, 0x31, 0x30,
    0x5f, 0x31, 0x2f, 0x77, 0x68, 0x69, 0x6c, 0x65, 0x2f, 0x6c, 0x73, 0x74,
    0x6d, 0x5f, 0x63, 0x65, 0x6c, 0x6c, 0x5f, 0x31, 0x2f, 0x73, 0x70, 0x6c,
    0x69, 0x74, 0x32, 0x3b, 0x73, 0x65, 0x71, 0x75, 0x65, 0x6e, 0x74, 0x69,
    0x61, 0x6c, 0x5f, 0x31, 0x33, 0x5f, 0x31, 0x2f, 0x6c, 0x73, 0x74, 0x6d,
    0x5f, 0x31, 0x30, 0x5f, 0x31, 0x2f, 0x77, 0x68, 0x69, 0x6c, 0x65, 0x2f,
    0x6c, 0x73, 0x74, 0x6d, 0x5f, 0x63, 0x65, 0x6c, 0x6c, 0x5f, 0x31, 0x2f,
    0x73, 0x70, 0x6c, 0x69, 0x74, 0x33, 0x32, 0x00, 0x02, 0x00, 0x00, 0x00,
    0x01, 0x00, 0x00, 0x00, 0x20, 0x00, 0x00, 0x00, 0x1a, 0xb7, 0xff, 0xff,
    0x00, 0x00, 0x00, 0x01, 0x18, 0x00, 0x00, 0x00, 0x20, 0x00, 0x00, 0x00,
    0x3c, 0x00, 0x00, 0x00, 0x61, 0x00, 0x00, 0x00, 0x00, 0x00, 0x00, 0x09,
    0x00, 0x01, 0x00, 0x00, 0x02, 0x00, 0x00, 0x00, 0xff, 0xff, 0xff, 0xff,
    0x20, 0x00, 0x00, 0x00, 0x04, 0xb7, 0xff, 0xff, 0x08, 0x00, 0x00, 0x00,
    0x10, 0x00, 0x00, 0x00, 0x01, 0x00, 0x00, 0x00, 0xbc, 0xff, 0xff, 0xff,
    0xff, 0xff, 0xff, 0xff, 0x01, 0x00, 0x00, 0x00, 0x3a, 0x7e, 0x24, 0x3c,
    0xcb, 0x00, 0x00, 0x00, 0x73, 0x65, 0x71, 0x75, 0x65, 0x6e, 0x74, 0x69,
    0x61, 0x6c, 0x5f, 0x31, 0x33, 0x5f, 0x31, 0x2f, 0x6c, 0x73, 0x74, 0x6d,
    0x5f, 0x31, 0x30, 0x5f, 0x31, 0x2f, 0x77, 0x68, 0x69, 0x6c, 0x65, 0x2f,
    0x6c, 0x73, 0x74, 0x6d, 0x5f, 0x63, 0x65, 0x6c, 0x6c, 0x5f, 0x31, 0x2f,
    0x73, 0x70, 0x6c, 0x69, 0x74, 0x3b, 0x73, 0x65, 0x71, 0x75, 0x65, 0x6e,
    0x74, 0x69, 0x61, 0x6c, 0x5f, 0x31, 0x33, 0x5f, 0x31, 0x2f, 0x6c, 0x73,
    0x74, 0x6d, 0x5f, 0x31, 0x30, 0x5f, 0x31, 0x2f, 0x77, 0x68, 0x69, 0x6c,
    0x65, 0x2f, 0x6c, 0x73, 0x74, 0x6d, 0x5f, 0x63, 0x65, 0x6c, 0x6c, 0x5f,
    0x31, 0x2f, 0x73, 0x70, 0x6c, 0x69, 0x74, 0x31, 0x3b, 0x73, 0x65, 0x71,
    0x75, 0x65, 0x6e, 0x74, 0x69, 0x61, 0x6c, 0x5f, 0x31, 0x33, 0x5f, 0x31,
    0x2f, 0x6c, 0x73, 0x74, 0x6d, 0x5f, 0x31, 0x30, 0x5f, 0x31, 0x2f, 0x77,
    0x68, 0x69, 0x6c, 0x65, 0x2f, 0x6c, 0x73, 0x74, 0x6d, 0x5f, 0x63, 0x65,
    0x6c, 0x6c, 0x5f, 0x31, 0x2f, 0x73, 0x70, 0x6c, 0x69, 0x74, 0x32, 0x3b,
    0x73, 0x65, 0x71, 0x75, 0x65, 0x6e, 0x74, 0x69, 0x61, 0x6c, 0x5f, 0x31,
    0x33, 0x5f, 0x31, 0x2f, 0x6c, 0x73, 0x74, 0x6d, 0x5f, 0x31, 0x30, 0x5f,
    0x31, 0x2f, 0x77, 0x68, 0x69, 0x6c, 0x65, 0x2f, 0x6c, 0x73, 0x74, 0x6d,
    0x5f, 0x63, 0x65, 0x6c, 0x6c, 0x5f, 0x31, 0x2f, 0x73, 0x70, 0x6c, 0x69,
    0x74, 0x33, 0x31, 0x00, 0x02, 0x00, 0x00, 0x00, 0x01, 0x00, 0x00, 0x00,
    0x20, 0x00, 0x00, 0x00, 0x42, 0xb8, 0xff, 0xff, 0x00, 0x00, 0x00, 0x01,
    0x18, 0x00, 0x00, 0x00, 0x20, 0x00, 0x00, 0x00, 0x3c, 0x00, 0x00, 0x00,
    0x60, 0x00, 0x00, 0x00, 0x00, 0x00, 0x00, 0x09, 0x00, 0x01, 0x00, 0x00,
    0x02, 0x00, 0x00, 0x00, 0xff, 0xff, 0xff, 0xff, 0x20, 0x00, 0x00, 0x00,
    0x2c, 0xb8, 0xff, 0xff, 0x08, 0x00, 0x00, 0x00, 0x10, 0x00, 0x00, 0x00,
    0x01, 0x00, 0x00, 0x00, 0xbc, 0xff, 0xff, 0xff, 0xff, 0xff, 0xff, 0xff,
    0x01, 0x00, 0x00, 0x00, 0x3a, 0x7e, 0x24, 0x3c, 0xca, 0x00, 0x00, 0x00,
    0x73, 0x65, 0x71, 0x75, 0x65, 0x6e, 0x74, 0x69, 0x61, 0x6c, 0x5f, 0x31,
    0x33, 0x5f, 0x31, 0x2f, 0x6c, 0x73, 0x74, 0x6d, 0x5f, 0x31, 0x30, 0x5f,
    0x31, 0x2f, 0x77, 0x68, 0x69, 0x6c, 0x65, 0x2f, 0x6c, 0x73, 0x74, 0x6d,
    0x5f, 0x63, 0x65, 0x6c, 0x6c, 0x5f, 0x31, 0x2f, 0x73, 0x70, 0x6c, 0x69,
    0x74, 0x3b, 0x73, 0x65, 0x71, 0x75, 0x65, 0x6e, 0x74, 0x69, 0x61, 0x6c,
    0x5f, 0x31, 0x33, 0x5f, 0x31, 0x2f, 0x6c, 0x73, 0x74, 0x6d, 0x5f, 0x31,
    0x30, 0x5f, 0x31, 0x2f, 0x77, 0x68, 0x69, 0x6c, 0x65, 0x2f, 0x6c, 0x73,
    0x74, 0x6d, 0x5f, 0x63, 0x65, 0x6c, 0x6c, 0x5f, 0x31, 0x2f, 0x73, 0x70,
    0x6c, 0x69, 0x74, 0x31, 0x3b, 0x73, 0x65, 0x71, 0x75, 0x65, 0x6e, 0x74,
    0x69, 0x61, 0x6c, 0x5f, 0x31, 0x33, 0x5f, 0x31, 0x2f, 0x6c, 0x73, 0x74,
    0x6d, 0x5f, 0x31, 0x30, 0x5f, 0x31, 0x2f, 0x77, 0x68, 0x69, 0x6c, 0x65,
    0x2f, 0x6c, 0x73, 0x74, 0x6d, 0x5f, 0x63, 0x65, 0x6c, 0x6c, 0x5f, 0x31,
    0x2f, 0x73, 0x70, 0x6c, 0x69, 0x74, 0x32, 0x3b, 0x73, 0x65, 0x71, 0x75,
    0x65, 0x6e, 0x74, 0x69, 0x61, 0x6c, 0x5f, 0x31, 0x33, 0x5f, 0x31, 0x2f,
    0x6c, 0x73, 0x74, 0x6d, 0x5f, 0x31, 0x30, 0x5f, 0x31, 0x2f, 0x77, 0x68,
    0x69, 0x6c, 0x65, 0x2f, 0x6c, 0x73, 0x74, 0x6d, 0x5f, 0x63, 0x65, 0x6c,
    0x6c, 0x5f, 0x31, 0x2f, 0x73, 0x70, 0x6c, 0x69, 0x74, 0x33, 0x00, 0x00,
    0x02, 0x00, 0x00, 0x00, 0x01, 0x00, 0x00, 0x00, 0x20, 0x00, 0x00, 0x00,
    0x6a, 0xb9, 0xff, 0xff, 0x00, 0x00, 0x00, 0x01, 0x18, 0x00, 0x00, 0x00,
    0x20, 0x00, 0x00, 0x00, 0x3c, 0x00, 0x00, 0x00, 0x5f, 0x00, 0x00, 0x00,
    0x00, 0x00, 0x00, 0x09, 0x68, 0x00, 0x00, 0x00, 0x02, 0x00, 0x00, 0x00,
    0xff, 0xff, 0xff, 0xff, 0x80, 0x00, 0x00, 0x00, 0x54, 0xb9, 0xff, 0xff,
    0x08, 0x00, 0x00, 0x00, 0x10, 0x00, 0x00, 0x00, 0x01, 0x00, 0x00, 0x00,
    0xbc, 0xff, 0xff, 0xff, 0xff, 0xff, 0xff, 0xff, 0x01, 0x00, 0x00, 0x00,
    0x3a, 0x7e, 0x24, 0x3c, 0x31, 0x00, 0x00, 0x00, 0x73, 0x65, 0x71, 0x75,
    0x65, 0x6e, 0x74, 0x69, 0x61, 0x6c, 0x5f, 0x31, 0x33, 0x5f, 0x31, 0x2f,
    0x6c, 0x73, 0x74, 0x6d, 0x5f, 0x31, 0x30, 0x5f, 0x31, 0x2f, 0x77, 0x68,
    0x69, 0x6c, 0x65, 0x2f, 0x6c, 0x73, 0x74, 0x6d, 0x5f, 0x63, 0x65, 0x6c,
    0x6c, 0x5f, 0x31, 0x2f, 0x61, 0x64, 0x64, 0x5f, 0x31, 0x00, 0x00, 0x00,
    0x02, 0x00, 0x00, 0x00, 0x01, 0x00, 0x00, 0x00, 0x80, 0x00, 0x00, 0x00,
    0xfa, 0xb9, 0xff, 0xff, 0x00, 0x00, 0x00, 0x01, 0x18, 0x00, 0x00, 0x00,
    0x20, 0x00, 0x00, 0x00, 0x40, 0x00, 0x00, 0x00, 0x5e, 0x00, 0x00, 0x00,
    0x00, 0x00, 0x00, 0x09, 0x68, 0x00, 0x00, 0x00, 0x02, 0x00, 0x00, 0x00,
    0xff, 0xff, 0xff, 0xff, 0x80, 0x00, 0x00, 0x00, 0xe4, 0xb9, 0xff, 0xff,
    0x08, 0x00, 0x00, 0x00, 0x14, 0x00, 0x00, 0x00, 0x01, 0x00, 0x00, 0x00,
    0xbf, 0xff, 0xff, 0xff, 0xff, 0xff, 0xff, 0xff, 0x00, 0x00, 0x00, 0x00,
    0x01, 0x00, 0x00, 0x00, 0x39, 0x1f, 0x27, 0x3c, 0x2f, 0x00, 0x00, 0x00,
    0x73, 0x65, 0x71, 0x75, 0x65, 0x6e, 0x74, 0x69, 0x61, 0x6c, 0x5f, 0x31,
    0x33, 0x5f, 0x31, 0x2f, 0x6c, 0x73, 0x74, 0x6d, 0x5f, 0x31, 0x30, 0x5f,
    0x31, 0x2f, 0x77, 0x68, 0x69, 0x6c, 0x65, 0x2f, 0x6c, 0x73, 0x74, 0x6d,
    0x5f, 0x63, 0x65, 0x6c, 0x6c, 0x5f, 0x31, 0x2f, 0x61, 0x64, 0x64, 0x00,
    0x02, 0x00, 0x00, 0x00, 0x01, 0x00, 0x00, 0x00, 0x80, 0x00, 0x00, 0x00,
    0x8a, 0xba, 0xff, 0xff, 0x00, 0x00, 0x00, 0x01, 0x18, 0x00, 0x00, 0x00,
    0x20, 0x00, 0x00, 0x00, 0x3c, 0x00, 0x00, 0x00, 0x5d, 0x00, 0x00, 0x00,
    0x00, 0x00, 0x00, 0x09, 0x68, 0x00, 0x00, 0x00, 0x02, 0x00, 0x00, 0x00,
    0xff, 0xff, 0xff, 0xff, 0x80, 0x00, 0x00, 0x00, 0x74, 0xba, 0xff, 0xff,
    0x08, 0x00, 0x00, 0x00, 0x10, 0x00, 0x00, 0x00, 0x01, 0x00, 0x00, 0x00,
    0xeb, 0xff, 0xff, 0xff, 0xff, 0xff, 0xff, 0xff, 0x01, 0x00, 0x00, 0x00,
    0x8a, 0x27, 0xc4, 0x3b, 0x32, 0x00, 0x00, 0x00, 0x73, 0x65, 0x71, 0x75,
    0x65, 0x6e, 0x74, 0x69, 0x61, 0x6c, 0x5f, 0x31, 0x33, 0x5f, 0x31, 0x2f,
    0x6c, 0x73, 0x74, 0x6d, 0x5f, 0x31, 0x30, 0x5f, 0x31, 0x2f, 0x77, 0x68,
    0x69, 0x6c, 0x65, 0x2f, 0x6c, 0x73, 0x74, 0x6d, 0x5f, 0x63, 0x65, 0x6c,
    0x6c, 0x5f, 0x31, 0x2f, 0x4d, 0x61, 0x74, 0x4d, 0x75, 0x6c, 0x00, 0x00,
    0x02, 0x00, 0x00, 0x00, 0x01, 0x00, 0x00, 0x00, 0x80, 0x00, 0x00, 0x00,
    0x1a, 0xbb, 0xff, 0xff, 0x00, 0x00, 0x00, 0x01, 0x18, 0x00, 0x00, 0x00,
    0x20, 0x00, 0x00, 0x00, 0x3c, 0x00, 0x00, 0x00, 0x5c, 0x00, 0x00, 0x00,
    0x00, 0x00, 0x00, 0x09, 0x78, 0x00, 0x00, 0x00, 0x02, 0x00, 0x00, 0x00,
    0xff, 0xff, 0xff, 0xff, 0x01, 0x00, 0x00, 0x00, 0x04, 0xbb, 0xff, 0xff,
    0x08, 0x00, 0x00, 0x00, 0x10, 0x00, 0x00, 0x00, 0x01, 0x00, 0x00, 0x00,
    0xe3, 0xff, 0xff, 0xff, 0xff, 0xff, 0xff, 0xff, 0x01, 0x00, 0x00, 0x00,
    0xbc, 0x75, 0xd2, 0x3b, 0x43, 0x00, 0x00, 0x00, 0x73, 0x65, 0x71, 0x75,
    0x65, 0x6e, 0x74, 0x69, 0x61, 0x6c, 0x5f, 0x31, 0x33, 0x5f, 0x31, 0x2f,
    0x6c, 0x73, 0x74, 0x6d, 0x5f, 0x31, 0x30, 0x5f, 0x31, 0x2f, 0x77, 0x68,
    0x69, 0x6c, 0x65, 0x2f, 0x54, 0x65, 0x6e, 0x73, 0x6f, 0x72, 0x41, 0x72,
    0x72, 0x61, 0x79, 0x56, 0x32, 0x52, 0x65, 0x61, 0x64, 0x2f, 0x54, 0x65,
    0x6e, 0x73, 0x6f, 0x72, 0x4c, 0x69, 0x73, 0x74, 0x47, 0x65, 0x74, 0x49,
    0x74, 0x65, 0x6d, 0x00, 0x02, 0x00, 0x00, 0x00, 0x01, 0x00, 0x00, 0x00,
    0x01, 0x00, 0x00, 0x00, 0x12, 0xbc, 0xff, 0xff, 0x00, 0x00, 0x00, 0x01,
    0x14, 0x00, 0x00, 0x00, 0x14, 0x00, 0x00, 0x00, 0x5b, 0x00, 0x00, 0x00,
    0x00, 0x00, 0x00, 0x02, 0x34, 0x00, 0x00, 0x00, 0xfc, 0xbb, 0xff, 0xff,
    0x25, 0x00, 0x00, 0x00, 0x73, 0x65, 0x71, 0x75, 0x65, 0x6e, 0x74, 0x69,
    0x61, 0x6c, 0x5f, 0x31, 0x33, 0x5f, 0x31, 0x2f, 0x6c, 0x73, 0x74, 0x6d,
    0x5f, 0x31, 0x30, 0x5f, 0x31, 0x2f, 0x77, 0x68, 0x69, 0x6c, 0x65, 0x2f,
    0x61, 0x64, 0x64, 0x5f, 0x31, 0x00, 0x00, 0x00, 0x00, 0x00, 0x00, 0x00,
    0x0a, 0xbc, 0xff, 0xff, 0x00, 0x00, 0x00, 0x01, 0x18, 0x00, 0x00, 0x00,
    0x20, 0x00, 0x00, 0x00, 0x40, 0x00, 0x00, 0x00, 0x5a, 0x00, 0x00, 0x00,
    0x00, 0x00, 0x00, 0x09, 0x70, 0x00, 0x00, 0x00, 0x02, 0x00, 0x00, 0x00,
    0xff, 0xff, 0xff, 0xff, 0x80, 0x00, 0x00, 0x00, 0xf4, 0xbb, 0xff, 0xff,
    0x08, 0x00, 0x00, 0x00, 0x14, 0x00, 0x00, 0x00, 0x01, 0x00, 0x00, 0x00,
    0xfa, 0xff, 0xff, 0xff, 0xff, 0xff, 0xff, 0xff, 0x00, 0x00, 0x00, 0x00,
    0x01, 0x00, 0x00, 0x00, 0x29, 0xa1, 0xb8, 0x3b, 0x34, 0x00, 0x00, 0x00,
    0x73, 0x65, 0x71, 0x75, 0x65, 0x6e, 0x74, 0x69, 0x61, 0x6c, 0x5f, 0x31,
    0x33, 0x5f, 0x31, 0x2f, 0x6c, 0x73, 0x74, 0x6d, 0x5f, 0x31, 0x30, 0x5f,
    0x31, 0x2f, 0x77, 0x68, 0x69, 0x6c, 0x65, 0x2f, 0x6c, 0x73, 0x74, 0x6d,
    0x5f, 0x63, 0x65, 0x6c, 0x6c, 0x5f, 0x31, 0x2f, 0x4d, 0x61, 0x74, 0x4d,
    0x75, 0x6c, 0x5f, 0x31, 0x00, 0x00, 0x00, 0x00, 0x02, 0x00, 0x00, 0x00,
    0x01, 0x00, 0x00, 0x00, 0x80, 0x00, 0x00, 0x00, 0xfa, 0xbc, 0xff, 0xff,
    0x00, 0x00, 0x00, 0x01, 0x14, 0x00, 0x00, 0x00, 0x14, 0x00, 0x00, 0x00,
    0x59, 0x00, 0x00, 0x00, 0x00, 0x00, 0x00, 0x02, 0x30, 0x00, 0x00, 0x00,
    0xe4, 0xbc, 0xff, 0xff, 0x23, 0x00, 0x00, 0x00, 0x73, 0x65, 0x71, 0x75,
    0x65, 0x6e, 0x74, 0x69, 0x61, 0x6c, 0x5f, 0x31, 0x33, 0x5f, 0x31, 0x2f,
    0x6c, 0x73, 0x74, 0x6d, 0x5f, 0x31, 0x30, 0x5f, 0x31, 0x2f, 0x77, 0x68,
    0x69, 0x6c, 0x65, 0x2f, 0x61, 0x64, 0x64, 0x00, 0x00, 0x00, 0x00, 0x00,
    0xee, 0xbc, 0xff, 0xff, 0x00, 0x00, 0x00, 0x01, 0x18, 0x00, 0x00, 0x00,
    0x24, 0x00, 0x00, 0x00, 0x40, 0x00, 0x00, 0x00, 0x58, 0x00, 0x00, 0x00,
    0x00, 0x00, 0x00, 0x09, 0x48, 0x00, 0x00, 0x00, 0x03, 0x00, 0x00, 0x00,
    0x40, 0x00, 0x00, 0x00, 0xff, 0xff, 0xff, 0xff, 0x01, 0x00, 0x00, 0x00,
    0xdc, 0xbc, 0xff, 0xff, 0x08, 0x00, 0x00, 0x00, 0x10, 0x00, 0x00, 0x00,
    0x01, 0x00, 0x00, 0x00, 0xe3, 0xff, 0xff, 0xff, 0xff, 0xff, 0xff, 0xff,
    0x01, 0x00, 0x00, 0x00, 0xbc, 0x75, 0xd2, 0x3b, 0x0d, 0x00, 0x00, 0x00,
    0x74, 0x66, 0x6c, 0x2e, 0x71, 0x75, 0x61, 0x6e, 0x74, 0x69, 0x7a, 0x65,
    0x34, 0x00, 0x00, 0x00, 0x03, 0x00, 0x00, 0x00, 0x40, 0x00, 0x00, 0x00,
    0x01, 0x00, 0x00, 0x00, 0x01, 0x00, 0x00, 0x00, 0x62, 0xbd, 0xff, 0xff,
    0x00, 0x00, 0x00, 0x01, 0x18, 0x00, 0x00, 0x00, 0x20, 0x00, 0x00, 0x00,
    0x40, 0x00, 0x00, 0x00, 0x57, 0x00, 0x00, 0x00, 0x00, 0x00, 0x00, 0x09,
    0x48, 0x00, 0x00, 0x00, 0x02, 0x00, 0x00, 0x00, 0xff, 0xff, 0xff, 0xff,
    0x20, 0x00, 0x00, 0x00, 0x4c, 0xbd, 0xff, 0xff, 0x08, 0x00, 0x00, 0x00,
    0x14, 0x00, 0x00, 0x00, 0x01, 0x00, 0x00, 0x00, 0x03, 0x00, 0x00, 0x00,
    0x00, 0x00, 0x00, 0x00, 0x00, 0x00, 0x00, 0x00, 0x01, 0x00, 0x00, 0x00,
    0xf6, 0x35, 0x88, 0x3c, 0x0d, 0x00, 0x00, 0x00, 0x74, 0x66, 0x6c, 0x2e,
    0x71, 0x75, 0x61, 0x6e, 0x74, 0x69, 0x7a, 0x65, 0x33, 0x00, 0x00, 0x00,
    0x02, 0x00, 0x00, 0x00, 0x01, 0x00, 0x00, 0x00, 0x20, 0x00, 0x00, 0x00,
    0xd2, 0xbd, 0xff, 0xff, 0x00, 0x00, 0x00, 0x01, 0x18, 0x00, 0x00, 0x00,
    0x20, 0x00, 0x00, 0x00, 0x40, 0x00, 0x00, 0x00, 0x56, 0x00, 0x00, 0x00,
    0x00, 0x00, 0x00, 0x09, 0x48, 0x00, 0x00, 0x00, 0x02, 0x00, 0x00, 0x00,
    0xff, 0xff, 0xff, 0xff, 0x20, 0x00, 0x00, 0x00, 0xbc, 0xbd, 0xff, 0xff,
    0x08, 0x00, 0x00, 0x00, 0x14, 0x00, 0x00, 0x00, 0x01, 0x00, 0x00, 0x00,
    0x07, 0x00, 0x00, 0x00, 0x00, 0x00, 0x00, 0x00, 0x00, 0x00, 0x00, 0x00,
    0x01, 0x00, 0x00, 0x00, 0xf5, 0xec, 0x9a, 0x3b, 0x0d, 0x00, 0x00, 0x00,
    0x74, 0x66, 0x6c, 0x2e, 0x71, 0x75, 0x61, 0x6e, 0x74, 0x69, 0x7a, 0x65,
    0x32, 0x00, 0x00, 0x00, 0x02, 0x00, 0x00, 0x00, 0x01, 0x00, 0x00, 0x00,
    0x20, 0x00, 0x00, 0x00, 0x9a, 0xbe, 0xff, 0xff, 0x00, 0x00, 0x00, 0x01,
    0x14, 0x00, 0x00, 0x00, 0x28, 0x06, 0x00, 0x00, 0x55, 0x00, 0x00, 0x00,
    0x00, 0x00, 0x00, 0x09, 0x34, 0x06, 0x00, 0x00, 0x1c, 0xbe, 0xff, 0xff,
    0x08, 0x00, 0x00, 0x00, 0x0c, 0x04, 0x00, 0x00, 0x80, 0x00, 0x00, 0x00,
    0x00, 0x00, 0x00, 0x00, 0x00, 0x00, 0x00, 0x00, 0x00, 0x00, 0x00, 0x00,
    0x00, 0x00, 0x00, 0x00, 0x00, 0x00, 0x00, 0x00, 0x00, 0x00, 0x00, 0x00,
    0x00, 0x00, 0x00, 0x00, 0x00, 0x00, 0x00, 0x00, 0x00, 0x00, 0x00, 0x00,
    0x00, 0x00, 0x00, 0x00, 0x00, 0x00, 0x00, 0x00, 0x00, 0x00, 0x00, 0x00,
    0x00, 0x00, 0x00, 0x00, 0x00, 0x00, 0x00, 0x00, 0x00, 0x00, 0x00, 0x00,
    0x00, 0x00, 0x00, 0x00, 0x00, 0x00, 0x00, 0x00, 0x00, 0x00, 0x00, 0x00,
    0x00, 0x00, 0x00, 0x00, 0x00, 0x00, 0x00, 0x00, 0x00, 0x00, 0x00, 0x00,
    0x00, 0x00, 0x00, 0x00, 0x00, 0x00, 0x00, 0x00, 0x00, 0x00, 0x00, 0x00,
    0x00, 0x00, 0x00, 0x00, 0x00, 0x00, 0x00, 0x00, 0x00, 0x00, 0x00, 0x00,
    0x00, 0x00, 0x00, 0x00, 0x00, 0x00, 0x00, 0x00, 0x00, 0x00, 0x00, 0x00,
    0x00, 0x00, 0x00, 0x00, 0x00, 0x00, 0x00, 0x00, 0x00, 0x00, 0x00, 0x00,
    0x00, 0x00, 0x00, 0x00, 0x00, 0x00, 0x00, 0x00, 0x00, 0x00, 0x00, 0x00,
    0x00, 0x00, 0x00, 0x00, 0x00, 0x00, 0x00, 0x00, 0x00, 0x00, 0x00, 0x00,
    0x00, 0x00, 0x00, 0x00, 0x00, 0x00, 0x00, 0x00, 0x00, 0x00, 0x00, 0x00,
    0x00, 0x00, 0x00, 0x00, 0x00, 0x00, 0x00, 0x00, 0x00, 0x00, 0x00, 0x00,
    0x00, 0x00, 0x00, 0x00, 0x00, 0x00, 0x00, 0x00, 0x00, 0x00, 0x00, 0x00,
    0x00, 0x00, 0x00, 0x00, 0x00, 0x00, 0x00, 0x00, 0x00, 0x00, 0x00, 0x00,
    0x00, 0x00, 0x00, 0x00, 0x00, 0x00, 0x00, 0x00, 0x00, 0x00, 0x00, 0x00,
    0x00, 0x00, 0x00, 0x00, 0x00, 0x00, 0x00, 0x00, 0x00, 0x00, 0x00, 0x00,
    0x00, 0x00, 0x00, 0x00, 0x00, 0x00, 0x00, 0x00, 0x00, 0x00, 0x00, 0x00,
    0x00, 0x00, 0x00, 0x00, 0x00, 0x00, 0x00, 0x00, 0x00, 0x00, 0x00, 0x00,
    0x00, 0x00, 0x00, 0x00, 0x00, 0x00, 0x00, 0x00, 0x00, 0x00, 0x00, 0x00,
    0x00, 0x00, 0x00, 0x00, 0x00, 0x00, 0x00, 0x00, 0x00, 0x00, 0x00, 0x00,
    0x00, 0x00, 0x00, 0x00, 0x00, 0x00, 0x00, 0x00, 0x00, 0x00, 0x00, 0x00,
    0x00, 0x00, 0x00, 0x00, 0x00, 0x00, 0x00, 0x00, 0x00, 0x00, 0x00, 0x00,
    0x00, 0x00, 0x00, 0x00, 0x00, 0x00, 0x00, 0x00, 0x00, 0x00, 0x00, 0x00,
    0x00, 0x00, 0x00, 0x00, 0x00, 0x00, 0x00, 0x00, 0x00, 0x00, 0x00, 0x00,
    0x00, 0x00, 0x00, 0x00, 0x00, 0x00, 0x00, 0x00, 0x00, 0x00, 0x00, 0x00,
    0x00, 0x00, 0x00, 0x00, 0x00, 0x00, 0x00, 0x00, 0x00, 0x00, 0x00, 0x00,
    0x00, 0x00, 0x00, 0x00, 0x00, 0x00, 0x00, 0x00, 0x00, 0x00, 0x00, 0x00,
    0x00, 0x00, 0x00, 0x00, 0x00, 0x00, 0x00, 0x00, 0x00, 0x00, 0x00, 0x00,
    0x00, 0x00, 0x00, 0x00, 0x00, 0x00, 0x00, 0x00, 0x00, 0x00, 0x00, 0x00,
    0x00, 0x00, 0x00, 0x00, 0x00, 0x00, 0x00, 0x00, 0x00, 0x00, 0x00, 0x00,
    0x00, 0x00, 0x00, 0x00, 0x00, 0x00, 0x00, 0x00, 0x00, 0x00, 0x00, 0x00,
    0x00, 0x00, 0x00, 0x00, 0x00, 0x00, 0x00, 0x00, 0x00, 0x00, 0x00, 0x00,
    0x00, 0x00, 0x00, 0x00, 0x00, 0x00, 0x00, 0x00, 0x00, 0x00, 0x00, 0x00,
    0x00, 0x00, 0x00, 0x00, 0x00, 0x00, 0x00, 0x00, 0x00, 0x00, 0x00, 0x00,
    0x00, 0x00, 0x00, 0x00, 0x00, 0x00, 0x00, 0x00, 0x00, 0x00, 0x00, 0x00,
    0x00, 0x00, 0x00, 0x00, 0x00, 0x00, 0x00, 0x00, 0x00, 0x00, 0x00, 0x00,
    0x00, 0x00, 0x00, 0x00, 0x00, 0x00, 0x00, 0x00, 0x00, 0x00, 0x00, 0x00,
    0x00, 0x00, 0x00, 0x00, 0x00, 0x00, 0x00, 0x00, 0x00, 0x00, 0x00, 0x00,
    0x00, 0x00, 0x00, 0x00, 0x00, 0x00, 0x00, 0x00, 0x00, 0x00, 0x00, 0x00,
    0x00, 0x00, 0x00, 0x00, 0x00, 0x00, 0x00, 0x00, 0x00, 0x00, 0x00, 0x00,
    0x00, 0x00, 0x00, 0x00, 0x00, 0x00, 0x00, 0x00, 0x00, 0x00, 0x00, 0x00,
    0x00, 0x00, 0x00, 0x00, 0x00, 0x00, 0x00, 0x00, 0x00, 0x00, 0x00, 0x00,
    0x00, 0x00, 0x00, 0x00, 0x00, 0x00, 0x00, 0x00, 0x00, 0x00, 0x00, 0x00,
    0x00, 0x00, 0x00, 0x00, 0x00, 0x00, 0x00, 0x00, 0x00, 0x00, 0x00, 0x00,
    0x00, 0x00, 0x00, 0x00, 0x00, 0x00, 0x00, 0x00, 0x00, 0x00, 0x00, 0x00,
    0x00, 0x00, 0x00, 0x00, 0x00, 0x00, 0x00, 0x00, 0x00, 0x00, 0x00, 0x00,
    0x00, 0x00, 0x00, 0x00, 0x00, 0x00, 0x00, 0x00, 0x00, 0x00, 0x00, 0x00,
    0x00, 0x00, 0x00, 0x00, 0x00, 0x00, 0x00, 0x00, 0x00, 0x00, 0x00, 0x00,
    0x00, 0x00, 0x00, 0x00, 0x00, 0x00, 0x00, 0x00, 0x00, 0x00, 0x00, 0x00,
    0x00, 0x00, 0x00, 0x00, 0x00, 0x00, 0x00, 0x00, 0x00, 0x00, 0x00, 0x00,
    0x00, 0x00, 0x00, 0x00, 0x00, 0x00, 0x00, 0x00, 0x00, 0x00, 0x00, 0x00,
    0x00, 0x00, 0x00, 0x00, 0x00, 0x00, 0x00, 0x00, 0x00, 0x00, 0x00, 0x00,
    0x00, 0x00, 0x00, 0x00, 0x00, 0x00, 0x00, 0x00, 0x00, 0x00, 0x00, 0x00,
    0x00, 0x00, 0x00, 0x00, 0x00, 0x00, 0x00, 0x00, 0x00, 0x00, 0x00, 0x00,
    0x00, 0x00, 0x00, 0x00, 0x00, 0x00, 0x00, 0x00, 0x00, 0x00, 0x00, 0x00,
    0x00, 0x00, 0x00, 0x00, 0x00, 0x00, 0x00, 0x00, 0x00, 0x00, 0x00, 0x00,
    0x00, 0x00, 0x00, 0x00, 0x00, 0x00, 0x00, 0x00, 0x00, 0x00, 0x00, 0x00,
    0x00, 0x00, 0x00, 0x00, 0x00, 0x00, 0x00, 0x00, 0x00, 0x00, 0x00, 0x00,
    0x00, 0x00, 0x00, 0x00, 0x00, 0x00, 0x00, 0x00, 0x00, 0x00, 0x00, 0x00,
    0x00, 0x00, 0x00, 0x00, 0x00, 0x00, 0x00, 0x00, 0x00, 0x00, 0x00, 0x00,
    0x00, 0x00, 0x00, 0x00, 0x00, 0x00, 0x00, 0x00, 0x00, 0x00, 0x00, 0x00,
    0x00, 0x00, 0x00, 0x00, 0x00, 0x00, 0x00, 0x00, 0x00, 0x00, 0x00, 0x00,
    0x00, 0x00, 0x00, 0x00, 0x00, 0x00, 0x00, 0x00, 0x00, 0x00, 0x00, 0x00,
    0x00, 0x00, 0x00, 0x00, 0x00, 0x00, 0x00, 0x00, 0x00, 0x00, 0x00, 0x00,
    0x00, 0x00, 0x00, 0x00, 0x00, 0x00, 0x00, 0x00, 0x00, 0x00, 0x00, 0x00,
    0x00, 0x00, 0x00, 0x00, 0x00, 0x00, 0x00, 0x00, 0x00, 0x00, 0x00, 0x00,
    0x00, 0x00, 0x00, 0x00, 0x00, 0x00, 0x00, 0x00, 0x00, 0x00, 0x00, 0x00,
    0x00, 0x00, 0x00, 0x00, 0x00, 0x00, 0x00, 0x00, 0x00, 0x00, 0x00, 0x00,
    0x00, 0x00, 0x00, 0x00, 0x00, 0x00, 0x00, 0x00, 0x00, 0x00, 0x00, 0x00,
    0x00, 0x00, 0x00, 0x00, 0x00, 0x00, 0x00, 0x00, 0x00, 0x00, 0x00, 0x00,
    0x00, 0x00, 0x00, 0x00, 0x00, 0x00, 0x00, 0x00, 0x00, 0x00, 0x00, 0x00,
    0x00, 0x00, 0x00, 0x00, 0x00, 0x00, 0x00, 0x00, 0x00, 0x00, 0x00, 0x00,
    0x00, 0x00, 0x00, 0x00, 0x00, 0x00, 0x00, 0x00, 0x00, 0x00, 0x00, 0x00,
    0x00, 0x00, 0x00, 0x00, 0x00, 0x00, 0x00, 0x00, 0x00, 0x00, 0x00, 0x00,
    0x00, 0x00, 0x00, 0x00, 0x00, 0x00, 0x00, 0x00, 0x00, 0x00, 0x00, 0x00,
    0x00, 0x00, 0x00, 0x00, 0x00, 0x00, 0x00, 0x00, 0x00, 0x00, 0x00, 0x00,
    0x00, 0x00, 0x00, 0x00, 0x00, 0x00, 0x00, 0x00, 0x00, 0x00, 0x00, 0x00,
    0x00, 0x00, 0x00, 0x00, 0x00, 0x00, 0x00, 0x00, 0x00, 0x00, 0x00, 0x00,
    0x00, 0x00, 0x00, 0x00, 0x00, 0x00, 0x00, 0x00, 0x00, 0x00, 0x00, 0x00,
    0x00, 0x00, 0x00, 0x00, 0x00, 0x00, 0x00, 0x00, 0x00, 0x00, 0x00, 0x00,
    0x00, 0x00, 0x00, 0x00, 0x00, 0x00, 0x00, 0x00, 0x00, 0x00, 0x00, 0x00,
    0x00, 0x00, 0x00, 0x00, 0x00, 0x00, 0x00, 0x00, 0x00, 0x00, 0x00, 0x00,
    0x00, 0x00, 0x00, 0x00, 0x00, 0x00, 0x00, 0x00, 0x80, 0x00, 0x00, 0x00,
    0x3d, 0x90, 0xd9, 0x3a, 0x6d, 0xfc, 0xbd, 0x3a, 0xf8, 0x17, 0xab, 0x3a,
    0xdc, 0xec, 0xb0, 0x3a, 0xe9, 0x04, 0xd6, 0x3a, 0x15, 0x0a, 0xdb, 0x3a,
    0x82, 0xfd, 0x09, 0x3b, 0xdf, 0x45, 0xd4, 0x3a, 0x6d, 0xf4, 0xb5, 0x3a,
    0x70, 0x75, 0xeb, 0x3a, 0x22, 0x29, 0xe3, 0x3a, 0x2c, 0x17, 0xb4, 0x3a,
    0x6b, 0xd6, 0x04, 0x3b, 0x53, 0xed, 0xac, 0x3a, 0x47, 0xd0, 0xf3, 0x3a,
    0x91, 0x27, 0xf6, 0x3a, 0xcf, 0xe4, 0xd4, 0x3a, 0xf0, 0x14, 0xd8, 0x3a,
    0x20, 0x4b, 0xfb, 0x3a, 0x25, 0xdc, 0x00, 0x3b, 0x48, 0xad, 0xe0, 0x3a,
    0xfd, 0x86, 0xdb, 0x3a, 0x61, 0xd5, 0x08, 0x3b, 0x04, 0x96, 0x0b, 0x3b,
    0x95, 0x19, 0xe9, 0x3a, 0x2a, 0xc8, 0xec, 0x3a, 0x02, 0xf9, 0xc9, 0x3a,
    0x5f, 0x60, 0xcc, 0x3a, 0x48, 0x4c, 0xb2, 0x3a, 0xae, 0x1d, 0x18, 0x3b,
    0xb4, 0x62, 0xc9, 0x3a, 0xb3, 0x45, 0xa9, 0x3a, 0x97, 0x66, 0xdc, 0x3a,
    0x29, 0xbc, 0xe5, 0x3a, 0xae, 0x7a, 0x04, 0x3b, 0xd6, 0x45, 0x1a, 0x3b,
    0x2d, 0xac, 0xe9, 0x3a, 0x0e, 0xed, 0x17, 0x3b, 0xe6, 0x14, 0x2d, 0x3b,
    0xd5, 0x58, 0xe7, 0x3a, 0x5e, 0xab, 0x1b, 0x3b, 0x5b, 0x0c, 0xc5, 0x3a,
    0xb9, 0xad, 0xea, 0x3a, 0x38, 0x00, 0xed, 0x3a, 0x99, 0xda, 0x2b, 0x3b,
    0xa7, 0x45, 0xde, 0x3a, 0x03, 0x17, 0xfe, 0x3a, 0xd7, 0x7e, 0xe6, 0x3a,
    0x00, 0x81, 0xe6, 0x3a, 0x9a, 0x50, 0x02, 0x3b, 0xdf, 0xa6, 0x01, 0x3b,
    0x75, 0x08, 0xe0, 0x3a, 0x4f, 0xfd, 0xdb, 0x3a, 0x83, 0x8d, 0xd6, 0x3a,
    0x00, 0x55, 0xb7, 0x3a, 0xb0, 0x92, 0x06, 0x3b, 0xd6, 0xab, 0xec, 0x3a,
    0x9d, 0x1a, 0xfd, 0x3a, 0xda, 0xc2, 0xd3, 0x3a, 0x46, 0x0f, 0xc5, 0x3a,
    0xe0, 0x0c, 0xeb, 0x3a, 0x88, 0x50, 0x0d, 0x3b, 0x9b, 0xb5, 0xe9, 0x3a,
    0x66, 0xe6, 0xd3, 0x3a, 0x4d, 0x9d, 0x22, 0x3b, 0x4f, 0x8e, 0xe1, 0x3a,
    0x19, 0x84, 0xf4, 0x3a, 0x0a, 0x45, 0xb6, 0x3a, 0x42, 0x15, 0xa6, 0x3a,
    0x6c, 0x02, 0x06, 0x3b, 0x00, 0x2f, 0xb3, 0x3a, 0x68, 0x4a, 0xe0, 0x3a,
    0x67, 0x7a, 0xb4, 0x3a, 0x71, 0x3b, 0x29, 0x3b, 0x3a, 0xc0, 0x00, 0x3b,
    0x4b, 0x60, 0xf1, 0x3a, 0xe5, 0x88, 0xb4, 0x3a, 0xe6, 0x9b, 0xc4, 0x3a,
    0xf3, 0xf4, 0x18, 0x3b, 0xdd, 0x82, 0xe3, 0x3a, 0x52, 0x75, 0x0d, 0x3b,
    0xbe, 0x38, 0xff, 0x3a, 0xd3, 0xc3, 0x97, 0x3a, 0xde, 0xfe, 0xe3, 0x3a,
    0x7f, 0x90, 0x05, 0x3b, 0x0f, 0xca, 0xca, 0x3a, 0xf2, 0x39, 0xba, 0x3a,
    0xd5, 0xc5, 0xfb, 0x3a, 0x5a, 0xcb, 0xff, 0x3a, 0x55, 0x16, 0xcc, 0x3a,
    0x9a, 0x32, 0xbf, 0x3a, 0x8d, 0x7f, 0xc9, 0x3a, 0xd1, 0x06, 0xa6, 0x3a,
    0xb1, 0x67, 0xd7, 0x3a, 0xcc, 0xd4, 0xc8, 0x3a, 0xd5, 0xb3, 0xc6, 0x3a,
    0x15, 0xb5, 0xc3, 0x3a, 0x22, 0xfc, 0xd3, 0x3a, 0xc7, 0xf2, 0xb8, 0x3a,
    0xa8, 0x8e, 0xf0, 0x3a, 0xe6, 0x23, 0x02, 0x3b, 0x88, 0xbf, 0xae, 0x3a,
    0x6d, 0x34, 0xf5, 0x3a, 0x29, 0x6e, 0xe3, 0x3a, 0x81, 0x8e, 0xf4, 0x3a,
    0xe7, 0x0b, 0xb9, 0x3a, 0xb2, 0xc4, 0xa8, 0x3a, 0x3b, 0x99, 0xe4, 0x3a,
    0x48, 0x36, 0x25, 0x3b, 0xb3, 0x00, 0x09, 0x3b, 0xbd, 0xf0, 0xc9, 0x3a,
    0x9f, 0x1b, 0xf6, 0x3a, 0xfd, 0xe5, 0xcc, 0x3a, 0x63, 0x0d, 0xf3, 0x3a,
    0x25, 0xa7, 0x01, 0x3b, 0xca, 0x71, 0xd3, 0x3a, 0x82, 0x40, 0xe0, 0x3a,
    0xc6, 0xeb, 0xf2, 0x3a, 0x0b, 0x04, 0xe3, 0x3a, 0xeb, 0x00, 0xe2, 0x3a,
    0x13, 0x7e, 0xbb, 0x3a, 0x42, 0x7b, 0xf3, 0x3a, 0x13, 0x07, 0x21, 0x3b,
    0x4b, 0x7b, 0xe6, 0x3a, 0xff, 0xbb, 0xa0, 0x3a, 0x4d, 0x27, 0xd4, 0x3a,
    0x2c, 0xca, 0xe3, 0x3a, 0xda, 0x3e, 0xdf, 0x3a, 0x13, 0x00, 0x00, 0x00,
    0x74, 0x66, 0x6c, 0x2e, 0x70, 0x73, 0x65, 0x75, 0x64, 0x6f, 0x5f, 0x71,
    0x63, 0x6f, 0x6e, 0x73, 0x74, 0x31, 0x30, 0x00, 0x02, 0x00, 0x00, 0x00,
    0x80, 0x00, 0x00, 0x00, 0x20, 0x00, 0x00, 0x00, 0xf2, 0xc4, 0xff, 0xff,
    0x00, 0x00, 0x00, 0x01, 0x14, 0x00, 0x00, 0x00, 0x28, 0x06, 0x00, 0x00,
    0x54, 0x00, 0x00, 0x00, 0x00, 0x00, 0x00, 0x09, 0x34, 0x06, 0x00, 0x00,
    0x74, 0xc4, 0xff, 0xff, 0x08, 0x00, 0x00, 0x00, 0x0c, 0x04, 0x00, 0x00,
    0x80, 0x00, 0x00, 0x00, 0x00, 0x00, 0x00, 0x00, 0x00, 0x00, 0x00, 0x00,
    0x00, 0x00, 0x00, 0x00, 0x00, 0x00, 0x00, 0x00, 0x00, 0x00, 0x00, 0x00,
    0x00, 0x00, 0x00, 0x00, 0x00, 0x00, 0x00, 0x00, 0x00, 0x00, 0x00, 0x00,
    0x00, 0x00, 0x00, 0x00, 0x00, 0x00, 0x00, 0x00, 0x00, 0x00, 0x00, 0x00,
    0x00, 0x00, 0x00, 0x00, 0x00, 0x00, 0x00, 0x00, 0x00, 0x00, 0x00, 0x00,
    0x00, 0x00, 0x00, 0x00, 0x00, 0x00, 0x00, 0x00, 0x00, 0x00, 0x00, 0x00,
    0x00, 0x00, 0x00, 0x00, 0x00, 0x00, 0x00, 0x00, 0x00, 0x00, 0x00, 0x00,
    0x00, 0x00, 0x00, 0x00, 0x00, 0x00, 0x00, 0x00, 0x00, 0x00, 0x00, 0x00,
    0x00, 0x00, 0x00, 0x00, 0x00, 0x00, 0x00, 0x00, 0x00, 0x00, 0x00, 0x00,
    0x00, 0x00, 0x00, 0x00, 0x00, 0x00, 0x00, 0x00, 0x00, 0x00, 0x00, 0x00,
    0x00, 0x00, 0x00, 0x00, 0x00, 0x00, 0x00, 0x00, 0x00, 0x00, 0x00, 0x00,
    0x00, 0x00, 0x00, 0x00, 0x00, 0x00, 0x00, 0x00, 0x00, 0x00, 0x00, 0x00,
    0x00, 0x00, 0x00, 0x00, 0x00, 0x00, 0x00, 0x00, 0x00, 0x00, 0x00, 0x00,
    0x00, 0x00, 0x00, 0x00, 0x00, 0x00, 0x00, 0x00, 0x00, 0x00, 0x00, 0x00,
    0x00, 0x00, 0x00, 0x00, 0x00, 0x00, 0x00, 0x00, 0x00, 0x00, 0x00, 0x00,
    0x00, 0x00, 0x00, 0x00, 0x00, 0x00, 0x00, 0x00, 0x00, 0x00, 0x00, 0x00,
    0x00, 0x00, 0x00, 0x00, 0x00, 0x00, 0x00, 0x00, 0x00, 0x00, 0x00, 0x00,
    0x00, 0x00, 0x00, 0x00, 0x00, 0x00, 0x00, 0x00, 0x00, 0x00, 0x00, 0x00,
    0x00, 0x00, 0x00, 0x00, 0x00, 0x00, 0x00, 0x00, 0x00, 0x00, 0x00, 0x00,
    0x00, 0x00, 0x00, 0x00, 0x00, 0x00, 0x00, 0x00, 0x00, 0x00, 0x00, 0x00,
    0x00, 0x00, 0x00, 0x00, 0x00, 0x00, 0x00, 0x00, 0x00, 0x00, 0x00, 0x00,
    0x00, 0x00, 0x00, 0x00, 0x00, 0x00, 0x00, 0x00, 0x00, 0x00, 0x00, 0x00,
    0x00, 0x00, 0x00, 0x00, 0x00, 0x00, 0x00, 0x00, 0x00, 0x00, 0x00, 0x00,
    0x00, 0x00, 0x00, 0x00, 0x00, 0x00, 0x00, 0x00, 0x00, 0x00, 0x00, 0x00,
    0x00, 0x00, 0x00, 0x00, 0x00, 0x00, 0x00, 0x00, 0x00, 0x00, 0x00, 0x00,
    0x00, 0x00, 0x00, 0x00, 0x00, 0x00, 0x00, 0x00, 0x00, 0x00, 0x00, 0x00,
    0x00, 0x00, 0x00, 0x00, 0x00, 0x00, 0x00, 0x00, 0x00, 0x00, 0x00, 0x00,
    0x00, 0x00, 0x00, 0x00, 0x00, 0x00, 0x00, 0x00, 0x00, 0x00, 0x00, 0x00,
    0x00, 0x00, 0x00, 0x00, 0x00, 0x00, 0x00, 0x00, 0x00, 0x00, 0x00, 0x00,
    0x00, 0x00, 0x00, 0x00, 0x00, 0x00, 0x00, 0x00, 0x00, 0x00, 0x00, 0x00,
    0x00, 0x00, 0x00, 0x00, 0x00, 0x00, 0x00, 0x00, 0x00, 0x00, 0x00, 0x00,
    0x00, 0x00, 0x00, 0x00, 0x00, 0x00, 0x00, 0x00, 0x00, 0x00, 0x00, 0x00,
    0x00, 0x00, 0x00, 0x00, 0x00, 0x00, 0x00, 0x00, 0x00, 0x00, 0x00, 0x00,
    0x00, 0x00, 0x00, 0x00, 0x00, 0x00, 0x00, 0x00, 0x00, 0x00, 0x00, 0x00,
    0x00, 0x00, 0x00, 0x00, 0x00, 0x00, 0x00, 0x00, 0x00, 0x00, 0x00, 0x00,
    0x00, 0x00, 0x00, 0x00, 0x00, 0x00, 0x00, 0x00, 0x00, 0x00, 0x00, 0x00,
    0x00, 0x00, 0x00, 0x00, 0x00, 0x00, 0x00, 0x00, 0x00, 0x00, 0x00, 0x00,
    0x00, 0x00, 0x00, 0x00, 0x00, 0x00, 0x00, 0x00, 0x00, 0x00, 0x00, 0x00,
    0x00, 0x00, 0x00, 0x00, 0x00, 0x00, 0x00, 0x00, 0x00, 0x00, 0x00, 0x00,
    0x00, 0x00, 0x00, 0x00, 0x00, 0x00, 0x00, 0x00, 0x00, 0x00, 0x00, 0x00,
    0x00, 0x00, 0x00, 0x00, 0x00, 0x00, 0x00, 0x00, 0x00, 0x00, 0x00, 0x00,
    0x00, 0x00, 0x00, 0x00, 0x00, 0x00, 0x00, 0x00, 0x00, 0x00, 0x00, 0x00,
    0x00, 0x00, 0x00, 0x00, 0x00, 0x00, 0x00, 0x00, 0x00, 0x00, 0x00, 0x00,
    0x00, 0x00, 0x00, 0x00, 0x00, 0x00, 0x00, 0x00, 0x00, 0x00, 0x00, 0x00,
    0x00, 0x00, 0x00, 0x00, 0x00, 0x00, 0x00, 0x00, 0x00, 0x00, 0x00, 0x00,
    0x00, 0x00, 0x00, 0x00, 0x00, 0x00, 0x00, 0x00, 0x00, 0x00, 0x00, 0x00,
    0x00, 0x00, 0x00, 0x00, 0x00, 0x00, 0x00, 0x00, 0x00, 0x00, 0x00, 0x00,
    0x00, 0x00, 0x00, 0x00, 0x00, 0x00, 0x00, 0x00, 0x00, 0x00, 0x00, 0x00,
    0x00, 0x00, 0x00, 0x00, 0x00, 0x00, 0x00, 0x00, 0x00, 0x00, 0x00, 0x00,
    0x00, 0x00, 0x00, 0x00, 0x00, 0x00, 0x00, 0x00, 0x00, 0x00, 0x00, 0x00,
    0x00, 0x00, 0x00, 0x00, 0x00, 0x00, 0x00, 0x00, 0x00, 0x00, 0x00, 0x00,
    0x00, 0x00, 0x00, 0x00, 0x00, 0x00, 0x00, 0x00, 0x00, 0x00, 0x00, 0x00,
    0x00, 0x00, 0x00, 0x00, 0x00, 0x00, 0x00, 0x00, 0x00, 0x00, 0x00, 0x00,
    0x00, 0x00, 0x00, 0x00, 0x00, 0x00, 0x00, 0x00, 0x00, 0x00, 0x00, 0x00,
    0x00, 0x00, 0x00, 0x00, 0x00, 0x00, 0x00, 0x00, 0x00, 0x00, 0x00, 0x00,
    0x00, 0x00, 0x00, 0x00, 0x00, 0x00, 0x00, 0x00, 0x00, 0x00, 0x00, 0x00,
    0x00, 0x00, 0x00, 0x00, 0x00, 0x00, 0x00, 0x00, 0x00, 0x00, 0x00, 0x00,
    0x00, 0x00, 0x00, 0x00, 0x00, 0x00, 0x00, 0x00, 0x00, 0x00, 0x00, 0x00,
    0x00, 0x00, 0x00, 0x00, 0x00, 0x00, 0x00, 0x00, 0x00, 0x00, 0x00, 0x00,
    0x00, 0x00, 0x00, 0x00, 0x00, 0x00, 0x00, 0x00, 0x00, 0x00, 0x00, 0x00,
    0x00, 0x00, 0x00, 0x00, 0x00, 0x00, 0x00, 0x00, 0x00, 0x00, 0x00, 0x00,
    0x00, 0x00, 0x00, 0x00, 0x00, 0x00, 0x00, 0x00, 0x00, 0x00, 0x00, 0x00,
    0x00, 0x00, 0x00, 0x00, 0x00, 0x00, 0x00, 0x00, 0x00, 0x00, 0x00, 0x00,
    0x00, 0x00, 0x00, 0x00, 0x00, 0x00, 0x00, 0x00, 0x00, 0x00, 0x00, 0x00,
    0x00, 0x00, 0x00, 0x00, 0x00, 0x00, 0x00, 0x00, 0x00, 0x00, 0x00, 0x00,
    0x00, 0x00, 0x00, 0x00, 0x00, 0x00, 0x00, 0x00, 0x00, 0x00, 0x00, 0x00,
    0x00, 0x00, 0x00, 0x00, 0x00, 0x00, 0x00, 0x00, 0x00, 0x00, 0x00, 0x00,
    0x00, 0x00, 0x00, 0x00, 0x00, 0x00, 0x00, 0x00, 0x00, 0x00, 0x00, 0x00,
    0x00, 0x00, 0x00, 0x00, 0x00, 0x00, 0x00, 0x00, 0x00, 0x00, 0x00, 0x00,
    0x00, 0x00, 0x00, 0x00, 0x00, 0x00, 0x00, 0x00, 0x00, 0x00, 0x00, 0x00,
    0x00, 0x00, 0x00, 0x00, 0x00, 0x00, 0x00, 0x00, 0x00, 0x00, 0x00, 0x00,
    0x00, 0x00, 0x00, 0x00, 0x00, 0x00, 0x00, 0x00, 0x00, 0x00, 0x00, 0x00,
    0x00, 0x00, 0x00, 0x00, 0x00, 0x00, 0x00, 0x00, 0x00, 0x00, 0x00, 0x00,
    0x00, 0x00, 0x00, 0x00, 0x00, 0x00, 0x00, 0x00, 0x00, 0x00, 0x00, 0x00,
    0x00, 0x00, 0x00, 0x00, 0x00, 0x00, 0x00, 0x00, 0x00, 0x00, 0x00, 0x00,
    0x00, 0x00, 0x00, 0x00, 0x00, 0x00, 0x00, 0x00, 0x00, 0x00, 0x00, 0x00,
    0x00, 0x00, 0x00, 0x00, 0x00, 0x00, 0x00, 0x00, 0x00, 0x00, 0x00, 0x00,
    0x00, 0x00, 0x00, 0x00, 0x00, 0x00, 0x00, 0x00, 0x00, 0x00, 0x00, 0x00,
    0x00, 0x00, 0x00, 0x00, 0x00, 0x00, 0x00, 0x00, 0x00, 0x00, 0x00, 0x00,
    0x00, 0x00, 0x00, 0x00, 0x00, 0x00, 0x00, 0x00, 0x00, 0x00, 0x00, 0x00,
    0x00, 0x00, 0x00, 0x00, 0x00, 0x00, 0x00, 0x00, 0x00, 0x00, 0x00, 0x00,
    0x00, 0x00, 0x00, 0x00, 0x00, 0x00, 0x00, 0x00, 0x00, 0x00, 0x00, 0x00,
    0x00, 0x00, 0x00, 0x00, 0x00, 0x00, 0x00, 0x00, 0x00, 0x00, 0x00, 0x00,
    0x00, 0x00, 0x00, 0x00, 0x00, 0x00, 0x00, 0x00, 0x00, 0x00, 0x00, 0x00,
    0x00, 0x00, 0x00, 0x00, 0x00, 0x00, 0x00, 0x00, 0x00, 0x00, 0x00, 0x00,
    0x00, 0x00, 0x00, 0x00, 0x00, 0x00, 0x00, 0x00, 0x00, 0x00, 0x00, 0x00,
    0x80, 0x00, 0x00, 0x00, 0x7c, 0xeb, 0xf0, 0x39, 0xf8, 0x83, 0x24, 0x3a,
    0x45, 0x74, 0x2a, 0x39, 0xa9, 0xf2, 0x2c, 0x39, 0x98, 0xfe, 0x89, 0x39,
    0x3e, 0xb1, 0x1c, 0x39, 0xdc, 0x9b, 0x54, 0x3a, 0xc6, 0x13, 0xc9, 0x3a,
    0x02, 0x7a, 0x09, 0x3a, 0xbc, 0x41, 0xdd, 0x3a, 0x8a, 0x36, 0x20, 0x3a,
    0x73, 0x60, 0x0a, 0x3a, 0x1f, 0xca, 0x0e, 0x3a, 0x6f, 0xac, 0x61, 0x39,
    0xa1, 0xc4, 0xbd, 0x3a, 0xd1, 0x30, 0xec, 0x3a, 0x90, 0x73, 0x1a, 0x3a,
    0xd3, 0x6b, 0x63, 0x3a, 0x56, 0xad, 0x70, 0x3a, 0x77, 0x15, 0x02, 0x3a,
    0x54, 0x51, 0x81, 0x3a, 0x9a, 0x9f, 0x02, 0x3a, 0xff, 0x8c, 0xef, 0x3a,
    0x46, 0x81, 0x3d, 0x37, 0xb1, 0x41, 0xb0, 0x3a, 0x81, 0x88, 0xb7, 0x39,
    0xb8, 0x65, 0xd0, 0x39, 0x56, 0xfa, 0x93, 0x3a, 0xac, 0x12, 0xae, 0x3a,
    0xb0, 0xd7, 0xbe, 0x39, 0x2a, 0x8d, 0x01, 0x3b, 0x25, 0x1c, 0x5c, 0x3a,
    0x93, 0x2d, 0x8f, 0x3a, 0xb8, 0xdd, 0xfc, 0x3a, 0xda, 0x2a, 0x1d, 0x3a,
    0xf6, 0xef, 0x30, 0x3a, 0x59, 0x9f, 0x91, 0x3a, 0x3c, 0x77, 0x06, 0x3a,
    0x99, 0x65, 0x40, 0x3a, 0x27, 0x35, 0x0c, 0x3b, 0xd7, 0xda, 0xbc, 0x3a,
    0x0e, 0x5e, 0x3c, 0x3a, 0x2c, 0x07, 0x9e, 0x3a, 0x1f, 0x2c, 0x92, 0x3a,
    0x2e, 0x49, 0x55, 0x3a, 0x1d, 0x73, 0x92, 0x38, 0x69, 0xdc, 0x51, 0x3a,
    0x9c, 0x5f, 0xa4, 0x39, 0x57, 0xa4, 0x10, 0x3b, 0x37, 0x55, 0x59, 0x3a,
    0xbc, 0x69, 0xcc, 0x3a, 0xa7, 0x60, 0x08, 0x3a, 0xbd, 0xfa, 0xa3, 0x3a,
    0x78, 0xda, 0xcf, 0x39, 0x27, 0x3d, 0xaa, 0x3a, 0xc4, 0xd0, 0x84, 0x3a,
    0x82, 0x59, 0xff, 0x3a, 0x7c, 0x64, 0x53, 0x37, 0x3c, 0x57, 0x26, 0x3a,
    0x7d, 0xbb, 0xe7, 0x38, 0x95, 0x92, 0x3b, 0x3a, 0x52, 0x28, 0x81, 0x39,
    0x1c, 0xa7, 0x89, 0x39, 0x30, 0x61, 0xdc, 0x39, 0x36, 0xd3, 0x1b, 0x3a,
    0x06, 0x92, 0x78, 0x3a, 0x14, 0x6f, 0x78, 0x39, 0x05, 0x8d, 0x2f, 0x3a,
    0x77, 0x75, 0xce, 0x3a, 0x45, 0x18, 0x93, 0x3a, 0x55, 0xad, 0xb6, 0x3a,
    0xab, 0x6f, 0xc6, 0x3a, 0x85, 0xc1, 0x05, 0x3a, 0x16, 0xf9, 0xd1, 0x3a,
    0xae, 0xeb, 0x9d, 0x3a, 0x6e, 0xa9, 0x54, 0x3a, 0xef, 0x27, 0x59, 0x3a,
    0xa4, 0xce, 0xea, 0x38, 0x50, 0x20, 0xbc, 0x3a, 0x23, 0x81, 0x37, 0x3a,
    0x54, 0x23, 0x65, 0x3a, 0x99, 0x3c, 0xc3, 0x3a, 0x9f, 0x8e, 0xa7, 0x39,
    0x3a, 0x51, 0xb6, 0x3a, 0x66, 0x2a, 0x94, 0x38, 0x2f, 0x30, 0xb4, 0x3a,
    0x4c, 0xfa, 0x86, 0x3a, 0x81, 0x14, 0xd0, 0x3a, 0x4f, 0x09, 0xb5, 0x3a,
    0x16, 0x9f, 0x24, 0x3a, 0x9c, 0x25, 0x0c, 0x3a, 0x71, 0xeb, 0xb1, 0x3a,
    0x66, 0x53, 0x3f, 0x39, 0x95, 0x7e, 0x68, 0x3a, 0xf6, 0x46, 0xa9, 0x3a,
    0x33, 0x22, 0x89, 0x3a, 0xd8, 0x0f, 0x9d, 0x3a, 0x6b, 0xa0, 0x2d, 0x3a,
    0x6b, 0x8c, 0x32, 0x3a, 0x88, 0xec, 0x43, 0x3a, 0xf1, 0xcf, 0x67, 0x3a,
    0xfe, 0xdb, 0x06, 0x3a, 0x0b, 0xb4, 0x3c, 0x3a, 0xb6, 0x50, 0x2d, 0x3a,
    0x34, 0xb6, 0x56, 0x3a, 0x0f, 0xb1, 0x46, 0x3a, 0x9c, 0x84, 0x82, 0x3a,
    0x67, 0x0d, 0xf8, 0x38, 0x46, 0x9f, 0xad, 0x3a, 0xe2, 0x1a, 0x05, 0x39,
    0x3a, 0xe8, 0x0d, 0x39, 0xac, 0x9b, 0x8a, 0x3a, 0xd7, 0x28, 0xe4, 0x39,
    0x21, 0xc4, 0x64, 0x3a, 0xfd, 0xd7, 0xb7, 0x3a, 0x94, 0x4d, 0x25, 0x3a,
    0x3b, 0xd8, 0x6f, 0x3a, 0x02, 0x03, 0xf7, 0x3a, 0xb2, 0x6c, 0xd5, 0x39,
    0x24, 0x2c, 0x3d, 0x3a, 0xe1, 0xea, 0x10, 0x3a, 0xd3, 0x42, 0xfb, 0x3a,
    0x15, 0x65, 0xa9, 0x3a, 0x64, 0x09, 0x1c, 0x3a, 0x84, 0xa1, 0x51, 0x39,
    0xf8, 0x4d, 0x92, 0x3a, 0x61, 0xb9, 0x6e, 0x39, 0x43, 0x2c, 0xff, 0x3a,
    0x12, 0x00, 0x00, 0x00, 0x74, 0x66, 0x6c, 0x2e, 0x70, 0x73, 0x65, 0x75,
    0x64, 0x6f, 0x5f, 0x71, 0x63, 0x6f, 0x6e, 0x73, 0x74, 0x39, 0x00, 0x00,
    0x02, 0x00, 0x00, 0x00, 0x80, 0x00, 0x00, 0x00, 0x01, 0x00, 0x00, 0x00,
    0x4a, 0xcb, 0xff, 0xff, 0x00, 0x00, 0x00, 0x01, 0x14, 0x00, 0x00, 0x00,
    0x30, 0x00, 0x00, 0x00, 0x53, 0x00, 0x00, 0x00, 0x00, 0x00, 0x00, 0x09,
    0x3c, 0x00, 0x00, 0x00, 0xcc, 0xca, 0xff, 0xff, 0x08, 0x00, 0x00, 0x00,
    0x10, 0x00, 0x00, 0x00, 0x01, 0x00, 0x00, 0x00, 0x8f, 0xff, 0xff, 0xff,
    0xff, 0xff, 0xff, 0xff, 0x01, 0x00, 0x00, 0x00, 0xd4, 0x41, 0x93, 0x3b,
    0x12, 0x00, 0x00, 0x00, 0x74, 0x66, 0x6c, 0x2e, 0x70, 0x73, 0x65, 0x75,
    0x64, 0x6f, 0x5f, 0x71, 0x63, 0x6f, 0x6e, 0x73, 0x74, 0x38, 0x00, 0x00,
    0x01, 0x00, 0x00, 0x00, 0x80, 0x00, 0x00, 0x00, 0xa6, 0xcb, 0xff, 0xff,
    0x00, 0x00, 0x00, 0x01, 0x14, 0x00, 0x00, 0x00, 0x14, 0x00, 0x00, 0x00,
    0x05, 0x00, 0x00, 0x00, 0x00, 0x00, 0x00, 0x02, 0x20, 0x00, 0x00, 0x00,
    0x90, 0xcb, 0xff, 0xff, 0x10, 0x00, 0x00, 0x00, 0x61, 0x72, 0x69, 0x74,
    0x68, 0x2e, 0x63, 0x6f, 0x6e, 0x73, 0x74, 0x61, 0x6e, 0x74, 0x31, 0x33,
    0x00, 0x00, 0x00, 0x00, 0x00, 0x00, 0x00, 0x00, 0x3a, 0xd9, 0xff, 0xff,
    0x00, 0x00, 0x00, 0x01, 0x14, 0x00, 0x00, 0x00, 0x20, 0x00, 0x00, 0x00,
    0x20, 0x00, 0x00, 0x00, 0x51, 0x00, 0x00, 0x00, 0x48, 0x00, 0x00, 0x00,
    0x03, 0x00, 0x00, 0x00, 0x40, 0x00, 0x00, 0x00, 0xff, 0xff, 0xff, 0xff,
    0x01, 0x00, 0x00, 0x00, 0xdc, 0xcb, 0xff, 0xff, 0x29, 0x00, 0x00, 0x00,
    0x73, 0x65, 0x71, 0x75, 0x65, 0x6e, 0x74, 0x69, 0x61, 0x6c, 0x5f, 0x31,
    0x33, 0x5f, 0x31, 0x2f, 0x6c, 0x73, 0x74, 0x6d, 0x5f, 0x31, 0x30, 0x5f,
    0x31, 0x2f, 0x77, 0x68, 0x69, 0x6c, 0x65, 0x5f, 0x62, 0x6f, 0x64, 0x79,
    0x5f, 0x61, 0x72, 0x67, 0x35, 0x00, 0x00, 0x00, 0x03, 0x00, 0x00, 0x00,
    0x40, 0x00, 0x00, 0x00, 0x01, 0x00, 0x00, 0x00, 0x01, 0x00, 0x00, 0x00,
    0xaa, 0xd9, 0xff, 0xff, 0x00, 0x00, 0x00, 0x01, 0x14, 0x00, 0x00, 0x00,
    0x1c, 0x00, 0x00, 0x00, 0x1c, 0x00, 0x00, 0x00, 0x50, 0x00, 0x00, 0x00,
    0x44, 0x00, 0x00, 0x00, 0x02, 0x00, 0x00, 0x00, 0xff, 0xff, 0xff, 0xff,
    0x20, 0x00, 0x00, 0x00, 0x48, 0xcc, 0xff, 0xff, 0x29, 0x00, 0x00, 0x00,
    0x73, 0x65, 0x71, 0x75, 0x65, 0x6e, 0x74, 0x69, 0x61, 0x6c, 0x5f, 0x31,
    0x33, 0x5f, 0x31, 0x2f, 0x6c, 0x73, 0x74, 0x6d, 0x5f, 0x31, 0x30, 0x5f,
    0x31, 0x2f, 0x77, 0x68, 0x69, 0x6c, 0x65, 0x5f, 0x62, 0x6f, 0x64, 0x79,
    0x5f, 0x61, 0x72, 0x67, 0x34, 0x00, 0x00, 0x00, 0x02, 0x00, 0x00, 0x00,
    0x01, 0x00, 0x00, 0x00, 0x20, 0x00, 0x00, 0x00, 0x12, 0xda, 0xff, 0xff,
    0x00, 0x00, 0x00, 0x01, 0x14, 0x00, 0x00, 0x00, 0x1c, 0x00, 0x00, 0x00,
    0x1c, 0x00, 0x00, 0x00, 0x4f, 0x00, 0x00, 0x00, 0x44, 0x00, 0x00, 0x00,
    0x02, 0x00, 0x00, 0x00, 0xff, 0xff, 0xff, 0xff, 0x20, 0x00, 0x00, 0x00,
    0xb0, 0xcc, 0xff, 0xff, 0x29, 0x00, 0x00, 0x00, 0x73, 0x65, 0x71, 0x75,
    0x65, 0x6e, 0x74, 0x69, 0x61, 0x6c, 0x5f, 0x31, 0x33, 0x5f, 0x31, 0x2f,
    0x6c, 0x73, 0x74, 0x6d, 0x5f, 0x31, 0x30, 0x5f, 0x31, 0x2f, 0x77, 0x68,
    0x69, 0x6c, 0x65, 0x5f, 0x62, 0x6f, 0x64, 0x79, 0x5f, 0x61, 0x72, 0x67,
    0x33, 0x00, 0x00, 0x00, 0x02, 0x00, 0x00, 0x00, 0x01, 0x00, 0x00, 0x00,
    0x20, 0x00, 0x00, 0x00, 0xfc, 0xd6, 0xff, 0xff, 0x1c, 0x00, 0x00, 0x00,
    0x00, 0x00, 0x00, 0x01, 0x34, 0x00, 0x00, 0x00, 0x34, 0x00, 0x00, 0x00,
    0x4e, 0x00, 0x00, 0x00, 0x00, 0x00, 0x00, 0x0e, 0x58, 0x00, 0x00, 0x00,
    0x01, 0x00, 0x00, 0x00, 0x04, 0x00, 0x00, 0x00, 0xe2, 0xd6, 0xff, 0xff,
    0x00, 0x00, 0x00, 0x01, 0x04, 0x00, 0x00, 0x00, 0x02, 0x00, 0x00, 0x00,
    0x00, 0x00, 0x00, 0x00, 0x20, 0x00, 0x00, 0x00, 0x30, 0xcd, 0xff, 0xff,
    0x29, 0x00, 0x00, 0x00, 0x73, 0x65, 0x71, 0x75, 0x65, 0x6e, 0x74, 0x69,
    0x61, 0x6c, 0x5f, 0x31, 0x33, 0x5f, 0x31, 0x2f, 0x6c, 0x73, 0x74, 0x6d,
    0x5f, 0x31, 0x30, 0x5f, 0x31, 0x2f, 0x77, 0x68, 0x69, 0x6c, 0x65, 0x5f,
    0x62, 0x6f, 0x64, 0x79, 0x5f, 0x61, 0x72, 0x67, 0x32, 0x00, 0x00, 0x00,
    0x00, 0x00, 0x00, 0x00, 0x9a, 0xcd, 0xff, 0xff, 0x00, 0x00, 0x00, 0x01,
    0x14, 0x00, 0x00, 0x00, 0x14, 0x00, 0x00, 0x00, 0x4d, 0x00, 0x00, 0x00,
    0x00, 0x00, 0x00, 0x02, 0x38, 0x00, 0x00, 0x00, 0x84, 0xcd, 0xff, 0xff,
    0x29, 0x00, 0x00, 0x00, 0x73, 0x65, 0x71, 0x75, 0x65, 0x6e, 0x74, 0x69,
    0x61, 0x6c, 0x5f, 0x31, 0x33, 0x5f, 0x31, 0x2f, 0x6c, 0x73, 0x74, 0x6d,
    0x5f, 0x31, 0x30, 0x5f, 0x31, 0x2f, 0x77, 0x68, 0x69, 0x6c, 0x65, 0x5f,
    0x62, 0x6f, 0x64, 0x79, 0x5f, 0x61, 0x72, 0x67, 0x31, 0x00, 0x00, 0x00,
    0x00, 0x00, 0x00, 0x00, 0xee, 0xcd, 0xff, 0xff, 0x00, 0x00, 0x00, 0x01,
    0x14, 0x00, 0x00, 0x00, 0x14, 0x00, 0x00, 0x00, 0x4c, 0x00, 0x00, 0x00,
    0x00, 0x00, 0x00, 0x02, 0x38, 0x00, 0x00, 0x00, 0xd8, 0xcd, 0xff, 0xff,
    0x29, 0x00, 0x00, 0x00, 0x73, 0x65, 0x71, 0x75, 0x65, 0x6e, 0x74, 0x69,
    0x61, 0x6c, 0x5f, 0x31, 0x33, 0x5f, 0x31, 0x2f, 0x6c, 0x73, 0x74, 0x6d,
    0x5f, 0x31, 0x30, 0x5f, 0x31, 0x2f, 0x77, 0x68, 0x69, 0x6c, 0x65, 0x5f,
    0x62, 0x6f, 0x64, 0x79, 0x5f, 0x61, 0x72, 0x67, 0x30, 0x00, 0x00, 0x00,
    0x00, 0x00, 0x00, 0x00, 0x5e, 0xfb, 0xff, 0xff, 0x14, 0x00, 0x00, 0x00,
    0x3c, 0x00, 0x00, 0x00, 0xb4, 0x00, 0x00, 0x00, 0xb8, 0x00, 0x00, 0x00,
    0xd0, 0x00, 0x00, 0x00, 0x24, 0x00, 0x00, 0x00, 0x73, 0x65, 0x71, 0x75,
    0x65, 0x6e, 0x74, 0x69, 0x61, 0x6c, 0x5f, 0x31, 0x33, 0x5f, 0x31, 0x2f,
    0x6c, 0x73, 0x74, 0x6d, 0x5f, 0x31, 0x30, 0x5f, 0x31, 0x2f, 0x77, 0x68,
    0x69, 0x6c, 0x65, 0x5f, 0x63, 0x6f, 0x6e, 0x64, 0x00, 0x00, 0x00, 0x00,
    0x03, 0x00, 0x00, 0x00, 0x54, 0x00, 0x00, 0x00, 0x2c, 0x00, 0x00, 0x00,
    0x04, 0x00, 0x00, 0x00, 0x2a, 0xf5, 0xff, 0xff, 0x0c, 0x00, 0x00, 0x00,
    0x10, 0x00, 0x00, 0x00, 0x10, 0x00, 0x00, 0x00, 0x01, 0x00, 0x00, 0x00,
    0x09, 0x00, 0x00, 0x00, 0x02, 0x00, 0x00, 0x00, 0x08, 0x00, 0x00, 0x00,
    0x07, 0x00, 0x00, 0x00, 0x4e, 0xf5, 0xff, 0xff, 0x0c, 0x00, 0x00, 0x00,
    0x10, 0x00, 0x00, 0x00, 0x0f, 0x00, 0x00, 0x00, 0x01, 0x00, 0x00, 0x00,
    0x08, 0x00, 0x00, 0x00, 0x02, 0x00, 0x00, 0x00, 0x00, 0x00, 0x00, 0x00,
    0x06, 0x00, 0x00, 0x00, 0x72, 0xf5, 0xff, 0xff, 0x0c, 0x00, 0x00, 0x00,
    0x10, 0x00, 0x00, 0x00, 0x0f, 0x00, 0x00, 0x00, 0x01, 0x00, 0x00, 0x00,
    0x07, 0x00, 0x00, 0x00, 0x02, 0x00, 0x00, 0x00, 0x01, 0x00, 0x00, 0x00,
    0x06, 0x00, 0x00, 0x00, 0x01, 0x00, 0x00, 0x00, 0x09, 0x00, 0x00, 0x00,
    0x06, 0x00, 0x00, 0x00, 0x00, 0x00, 0x00, 0x00, 0x01, 0x00, 0x00, 0x00,
    0x02, 0x00, 0x00, 0x00, 0x03, 0x00, 0x00, 0x00, 0x04, 0x00, 0x00, 0x00,
    0x05, 0x00, 0x00, 0x00, 0x0a, 0x00, 0x00, 0x00, 0x64, 0x03, 0x00, 0x00,
    0x0c, 0x03, 0x00, 0x00, 0x90, 0x02, 0x00, 0x00, 0x24, 0x02, 0x00, 0x00,
    0xb8, 0x01, 0x00, 0x00, 0x44, 0x01, 0x00, 0x00, 0x04, 0x01, 0x00, 0x00,
    0xb0, 0x00, 0x00, 0x00, 0x5c, 0x00, 0x00, 0x00, 0x04, 0x00, 0x00, 0x00,
    0x52, 0xcf, 0xff, 0xff, 0x00, 0x00, 0x00, 0x01, 0x14, 0x00, 0x00, 0x00,
    0x14, 0x00, 0x00, 0x00, 0x4b, 0x00, 0x00, 0x00, 0x00, 0x00, 0x00, 0x06,
    0x38, 0x00, 0x00, 0x00, 0x3c, 0xcf, 0xff, 0xff, 0x2a, 0x00, 0x00, 0x00,
    0x73, 0x65, 0x71, 0x75, 0x65, 0x6e, 0x74, 0x69, 0x61, 0x6c, 0x5f, 0x31,
    0x33, 0x5f, 0x31, 0x2f, 0x6c, 0x73, 0x74, 0x6d, 0x5f, 0x31, 0x30, 0x5f,
    0x31, 0x2f, 0x77, 0x68, 0x69, 0x6c, 0x65, 0x2f, 0x4c, 0x6f, 0x67, 0x69,
    0x63, 0x61, 0x6c, 0x41, 0x6e, 0x64, 0x00, 0x00, 0x00, 0x00, 0x00, 0x00,
    0xa6, 0xcf, 0xff, 0xff, 0x00, 0x00, 0x00, 0x01, 0x14, 0x00, 0x00, 0x00,
    0x14, 0x00, 0x00, 0x00, 0x4a, 0x00, 0x00, 0x00, 0x00, 0x00, 0x00, 0x06,
    0x34, 0x00, 0x00, 0x00, 0x90, 0xcf, 0xff, 0xff, 0x26, 0x00, 0x00, 0x00,
    0x73, 0x65, 0x71, 0x75, 0x65, 0x6e, 0x74, 0x69, 0x61, 0x6c, 0x5f, 0x31,
    0x33, 0x5f, 0x31, 0x2f, 0x6c, 0x73, 0x74, 0x6d, 0x5f, 0x31, 0x30, 0x5f,
    0x31, 0x2f, 0x77, 0x68, 0x69, 0x6c, 0x65, 0x2f, 0x4c, 0x65, 0x73, 0x73,
    0x5f, 0x31, 0x00, 0x00, 0x00, 0x00, 0x00, 0x00, 0xf6, 0xcf, 0xff, 0xff,
    0x00, 0x00, 0x00, 0x01, 0x14, 0x00, 0x00, 0x00, 0x14, 0x00, 0x00, 0x00,
    0x49, 0x00, 0x00, 0x00, 0x00, 0x00, 0x00, 0x06, 0x34, 0x00, 0x00, 0x00,
    0xe0, 0xcf, 0xff, 0xff, 0x24, 0x00, 0x00, 0x00, 0x73, 0x65, 0x71, 0x75,
    0x65, 0x6e, 0x74, 0x69, 0x61, 0x6c, 0x5f, 0x31, 0x33, 0x5f, 0x31, 0x2f,
    0x6c, 0x73, 0x74, 0x6d, 0x5f, 0x31, 0x30, 0x5f, 0x31, 0x2f, 0x77, 0x68,
    0x69, 0x6c, 0x65, 0x2f, 0x4c, 0x65, 0x73, 0x73, 0x00, 0x00, 0x00, 0x00,
    0x00, 0x00, 0x00, 0x00, 0x46, 0xd0, 0xff, 0xff, 0x00, 0x00, 0x00, 0x01,
    0x14, 0x00, 0x00, 0x00, 0x14, 0x00, 0x00, 0x00, 0x03, 0x00, 0x00, 0x00,
    0x00, 0x00, 0x00, 0x02, 0x20, 0x00, 0x00, 0x00, 0x30, 0xd0, 0xff, 0xff,
    0x10, 0x00, 0x00, 0x00, 0x61, 0x72, 0x69, 0x74, 0x68, 0x2e, 0x63, 0x6f,
    0x6e, 0x73, 0x74, 0x61, 0x6e, 0x74, 0x32, 0x30, 0x00, 0x00, 0x00, 0x00,
    0x00, 0x00, 0x00, 0x00, 0xda, 0xdd, 0xff, 0xff, 0x00, 0x00, 0x00, 0x01,
    0x14, 0x00, 0x00, 0x00, 0x20, 0x00, 0x00, 0x00, 0x20, 0x00, 0x00, 0x00,
    0x47, 0x00, 0x00, 0x00, 0x48, 0x00, 0x00, 0x00, 0x03, 0x00, 0x00, 0x00,
    0x40, 0x00, 0x00, 0x00, 0xff, 0xff, 0xff, 0xff, 0x01, 0x00, 0x00, 0x00,
    0x7c, 0xd0, 0xff, 0xff, 0x29, 0x00, 0x00, 0x00, 0x73, 0x65, 0x71, 0x75,
    0x65, 0x6e, 0x74, 0x69, 0x61, 0x6c, 0x5f, 0x31, 0x33, 0x5f, 0x31, 0x2f,
    0x6c, 0x73, 0x74, 0x6d, 0x5f, 0x31, 0x30, 0x5f, 0x31, 0x2f, 0x77, 0x68,
    0x69, 0x6c, 0x65, 0x5f, 0x63, 0x6f, 0x6e, 0x64, 0x5f, 0x61, 0x72, 0x67,
    0x35, 0x00, 0x00, 0x00, 0x03, 0x00, 0x00, 0x00, 0x40, 0x00, 0x00, 0x00,
    0x01, 0x00, 0x00, 0x00, 0x01, 0x00, 0x00, 0x00, 0x4a, 0xde, 0xff, 0xff,
    0x00, 0x00, 0x00, 0x01, 0x14, 0x00, 0x00, 0x00, 0x1c, 0x00, 0x00, 0x00,
    0x1c, 0x00, 0x00, 0x00, 0x46, 0x00, 0x00, 0x00, 0x44, 0x00, 0x00, 0x00,
    0x02, 0x00, 0x00, 0x00, 0xff, 0xff, 0xff, 0xff, 0x20, 0x00, 0x00, 0x00,
    0xe8, 0xd0, 0xff, 0xff, 0x29, 0x00, 0x00, 0x00, 0x73, 0x65, 0x71, 0x75,
    0x65, 0x6e, 0x74, 0x69, 0x61, 0x6c, 0x5f, 0x31, 0x33, 0x5f, 0x31, 0x2f,
    0x6c, 0x73, 0x74, 0x6d, 0x5f, 0x31, 0x30, 0x5f, 0x31, 0x2f, 0x77, 0x68,
    0x69, 0x6c, 0x65, 0x5f, 0x63, 0x6f, 0x6e, 0x64, 0x5f, 0x61, 0x72, 0x67,
    0x34, 0x00, 0x00, 0x00, 0x02, 0x00, 0x00, 0x00, 0x01, 0x00, 0x00, 0x00,
    0x20, 0x00, 0x00, 0x00, 0xb2, 0xde, 0xff, 0xff, 0x00, 0x00, 0x00, 0x01,
    0x14, 0x00, 0x00, 0x00, 0x1c, 0x00, 0x00, 0x00, 0x1c, 0x00, 0x00, 0x00,
    0x45, 0x00, 0x00, 0x00, 0x44, 0x00, 0x00, 0x00, 0x02, 0x00, 0x00, 0x00,
    0xff, 0xff, 0xff, 0xff, 0x20, 0x00, 0x00, 0x00, 0x50, 0xd1, 0xff, 0xff,
    0x29, 0x00, 0x00, 0x00, 0x73, 0x65, 0x71, 0x75, 0x65, 0x6e, 0x74, 0x69,
    0x61, 0x6c, 0x5f, 0x31, 0x33, 0x5f, 0x31, 0x2f, 0x6c, 0x73, 0x74, 0x6d,
    0x5f, 0x31, 0x30, 0x5f, 0x31, 0x2f, 0x77, 0x68, 0x69, 0x6c, 0x65, 0x5f,
    0x63, 0x6f, 0x6e, 0x64, 0x5f, 0x61, 0x72, 0x67, 0x33, 0x00, 0x00, 0x00,
    0x02, 0x00, 0x00, 0x00, 0x01, 0x00, 0x00, 0x00, 0x20, 0x00, 0x00, 0x00,
    0x9c, 0xdb, 0xff, 0xff, 0x1c, 0x00, 0x00, 0x00, 0x00, 0x00, 0x00, 0x01,
    0x34, 0x00, 0x00, 0x00, 0x34, 0x00, 0x00, 0x00, 0x44, 0x00, 0x00, 0x00,
    0x00, 0x00, 0x00, 0x0e, 0x58, 0x00, 0x00, 0x00, 0x01, 0x00, 0x00, 0x00,
    0x04, 0x00, 0x00, 0x00, 0x82, 0xdb, 0xff, 0xff, 0x00, 0x00, 0x00, 0x01,
    0x04, 0x00, 0x00, 0x00, 0x02, 0x00, 0x00, 0x00, 0x00, 0x00, 0x00, 0x00,
    0x20, 0x00, 0x00, 0x00, 0xd0, 0xd1, 0xff, 0xff, 0x29, 0x00, 0x00, 0x00,
    0x73, 0x65, 0x71, 0x75, 0x65, 0x6e, 0x74, 0x69, 0x61, 0x6c, 0x5f, 0x31,
    0x33, 0x5f, 0x31, 0x2f, 0x6c, 0x73, 0x74, 0x6d, 0x5f, 0x31, 0x30, 0x5f,
    0x31, 0x2f, 0x77, 0x68, 0x69, 0x6c, 0x65, 0x5f, 0x63, 0x6f, 0x6e, 0x64,
    0x5f, 0x61, 0x72, 0x67, 0x32, 0x00, 0x00, 0x00, 0x00, 0x00, 0x00, 0x00,
    0x3a, 0xd2, 0xff, 0xff, 0x00, 0x00, 0x00, 0x01, 0x14, 0x00, 0x00, 0x00,
    0x14, 0x00, 0x00, 0x00, 0x43, 0x00, 0x00, 0x00, 0x00, 0x00, 0x00, 0x02,
    0x38, 0x00, 0x00, 0x00, 0x24, 0xd2, 0xff, 0xff, 0x29, 0x00, 0x00, 0x00,
    0x73, 0x65, 0x71, 0x75, 0x65, 0x6e, 0x74, 0x69, 0x61, 0x6c, 0x5f, 0x31,
    0x33, 0x5f, 0x31, 0x2f, 0x6c, 0x73, 0x74, 0x6d, 0x5f, 0x31, 0x30, 0x5f,
    0x31, 0x2f, 0x77, 0x68, 0x69, 0x6c, 0x65, 0x5f, 0x63, 0x6f, 0x6e, 0x64,
    0x5f, 0x61, 0x72, 0x67, 0x31, 0x00, 0x00, 0x00, 0x00, 0x00, 0x00, 0x00,
    0x8e, 0xd2, 0xff, 0xff, 0x00, 0x00, 0x00, 0x01, 0x14, 0x00, 0x00, 0x00,
    0x14, 0x00, 0x00, 0x00, 0x42, 0x00, 0x00, 0x00, 0x00, 0x00, 0x00, 0x02,
    0x38, 0x00, 0x00, 0x00, 0x78, 0xd2, 0xff, 0xff, 0x29, 0x00, 0x00, 0x00,
    0x73, 0x65, 0x71, 0x75, 0x65, 0x6e, 0x74, 0x69, 0x61, 0x6c, 0x5f, 0x31,
    0x33, 0x5f, 0x31, 0x2f, 0x6c, 0x73, 0x74, 0x6d, 0x5f, 0x31, 0x30, 0x5f,
    0x31, 0x2f, 0x77, 0x68, 0x69, 0x6c, 0x65, 0x5f, 0x63, 0x6f, 0x6e, 0x64,
    0x5f, 0x61, 0x72, 0x67, 0x30, 0x00, 0x00, 0x00, 0x00, 0x00, 0x00, 0x00,
    0x00, 0x00, 0x0e, 0x00, 0x18, 0x00, 0x14, 0x00, 0x10, 0x00, 0x0c, 0x00,
    0x08, 0x00, 0x04, 0x00, 0x0e, 0x00, 0x00, 0x00, 0x14, 0x00, 0x00, 0x00,
    0x1c, 0x00, 0x00, 0x00, 0xa4, 0x08, 0x00, 0x00, 0xa8, 0x08, 0x00, 0x00,
    0xac, 0x08, 0x00, 0x00, 0x04, 0x00, 0x00, 0x00, 0x6d, 0x61, 0x69, 0x6e,
    0x00, 0x00, 0x00, 0x00, 0x21, 0x00, 0x00, 0x00, 0x54, 0x08, 0x00, 0x00,
    0xb4, 0x07, 0x00, 0x00, 0x14, 0x07, 0x00, 0x00, 0xc4, 0x06, 0x00, 0x00,
    0x70, 0x06, 0x00, 0x00, 0x48, 0x06, 0x00, 0x00, 0x0c, 0x06, 0x00, 0x00,
    0xcc, 0x05, 0x00, 0x00, 0x94, 0x05, 0x00, 0x00, 0x6c, 0x05, 0x00, 0x00,
    0x48, 0x05, 0x00, 0x00, 0x20, 0x05, 0x00, 0x00, 0xfc, 0x04, 0x00, 0x00,
    0x94, 0x04, 0x00, 0x00, 0x08, 0x04, 0x00, 0x00, 0xe4, 0x03, 0x00, 0x00,
    0xbc, 0x03, 0x00, 0x00, 0x88, 0x03, 0x00, 0x00, 0x54, 0x03, 0x00, 0x00,
    0x24, 0x03, 0x00, 0x00, 0xe4, 0x02, 0x00, 0x00, 0xac, 0x02, 0x00, 0x00,
    0x84, 0x02, 0x00, 0x00, 0x60, 0x02, 0x00, 0x00, 0x38, 0x02, 0x00, 0x00,
    0x14, 0x02, 0x00, 0x00, 0xb4, 0x01, 0x00, 0x00, 0x28, 0x01, 0x00, 0x00,
    0x04, 0x01, 0x00, 0x00, 0xac, 0x00, 0x00, 0x00, 0x70, 0x00, 0x00, 0x00,
    0x38, 0x00, 0x00, 0x00, 0x04, 0x00, 0x00, 0x00, 0xc2, 0xf9, 0xff, 0xff,
    0x14, 0x00, 0x00, 0x00, 0x00, 0x00, 0x00, 0x09, 0x14, 0x00, 0x00, 0x00,
    0x18, 0x00, 0x00, 0x00, 0x0e, 0x00, 0x00, 0x00, 0x02, 0xfa, 0xff, 0xff,
    0x00, 0x00, 0x80, 0x3f, 0x01, 0x00, 0x00, 0x00, 0x40, 0x00, 0x00, 0x00,
    0x01, 0x00, 0x00, 0x00, 0x3f, 0x00, 0x00, 0x00, 0xf2, 0xf9, 0xff, 0xff,
    0x14, 0x00, 0x00, 0x00, 0x00, 0x00, 0x00, 0x08, 0x10, 0x00, 0x00, 0x00,
    0x14, 0x00, 0x00, 0x00, 0x0d, 0x00, 0x00, 0x00, 0xb4, 0xd3, 0xff, 0xff,
    0x01, 0x00, 0x00, 0x00, 0x3f, 0x00, 0x00, 0x00, 0x03, 0x00, 0x00, 0x00,
    0x3e, 0x00, 0x00, 0x00, 0x0f, 0x00, 0x00, 0x00, 0x0e, 0x00, 0x00, 0x00,
    0x26, 0xfa, 0xff, 0xff, 0x14, 0x00, 0x00, 0x00, 0x00, 0x00, 0x00, 0x08,
    0x14, 0x00, 0x00, 0x00, 0x18, 0x00, 0x00, 0x00, 0x0d, 0x00, 0x00, 0x00,
    0x96, 0xf8, 0xff, 0xff, 0x00, 0x00, 0x00, 0x01, 0x01, 0x00, 0x00, 0x00,
    0x3e, 0x00, 0x00, 0x00, 0x03, 0x00, 0x00, 0x00, 0x3d, 0x00, 0x00, 0x00,
    0x11, 0x00, 0x00, 0x00, 0x10, 0x00, 0x00, 0x00, 0x5e, 0xfa, 0xff, 0xff,
    0x24, 0x00, 0x00, 0x00, 0x00, 0x00, 0x00, 0x20, 0x2c, 0x00, 0x00, 0x00,
    0x30, 0x00, 0x00, 0x00, 0x02, 0x00, 0x00, 0x00, 0x00, 0x00, 0x0e, 0x00,
    0x10, 0x00, 0x0c, 0x00, 0x08, 0x00, 0x00, 0x00, 0x00, 0x00, 0x04, 0x00,
    0x0e, 0x00, 0x00, 0x00, 0x01, 0x00, 0x00, 0x00, 0x06, 0x00, 0x00, 0x00,
    0x06, 0x00, 0x00, 0x00, 0x01, 0x00, 0x00, 0x00, 0x3d, 0x00, 0x00, 0x00,
    0x04, 0x00, 0x00, 0x00, 0x3c, 0x00, 0x00, 0x00, 0x0b, 0x00, 0x00, 0x00,
    0x0c, 0x00, 0x00, 0x00, 0x0d, 0x00, 0x00, 0x00, 0x22, 0xfb, 0xff, 0xff,
    0x0c, 0x00, 0x00, 0x00, 0x10, 0x00, 0x00, 0x00, 0x0a, 0x00, 0x00, 0x00,
    0x01, 0x00, 0x00, 0x00, 0x3c, 0x00, 0x00, 0x00, 0x01, 0x00, 0x00, 0x00,
    0x3b, 0x00, 0x00, 0x00, 0xec, 0xf9, 0xff, 0xff, 0x10, 0x00, 0x00, 0x00,
    0x6c, 0x00, 0x00, 0x00, 0x70, 0x00, 0x00, 0x00, 0x09, 0x00, 0x00, 0x00,
    0x5b, 0x00, 0x00, 0x00, 0x0f, 0x54, 0x65, 0x6e, 0x73, 0x6f, 0x72, 0x4c,
    0x69, 0x73, 0x74, 0x53, 0x74, 0x61, 0x63, 0x6b, 0x00, 0x40, 0x12, 0x0f,
    0x54, 0x65, 0x6e, 0x73, 0x6f, 0x72, 0x4c, 0x69, 0x73, 0x74, 0x53, 0x74,
    0x61, 0x63, 0x6b, 0x1a, 0x00, 0x1a, 0x00, 0x2a, 0x12, 0x0a, 0x0c, 0x6e,
    0x75, 0x6d, 0x5f, 0x65, 0x6c, 0x65, 0x6d, 0x65, 0x6e, 0x74, 0x73, 0x12,
    0x02, 0x18, 0x01, 0x2a, 0x13, 0x0a, 0x0d, 0x65, 0x6c, 0x65, 0x6d, 0x65,
    0x6e, 0x74, 0x5f, 0x64, 0x74, 0x79, 0x70, 0x65, 0x12, 0x02, 0x30, 0x01,
    0x32, 0x00, 0x00, 0x02, 0x53, 0x43, 0x14, 0x14, 0x04, 0x28, 0x01, 0x00,
    0x01, 0x00, 0x00, 0x00, 0x3b, 0x00, 0x00, 0x00, 0x02, 0x00, 0x00, 0x00,
    0x37, 0x00, 0x00, 0x00, 0x03, 0x00, 0x00, 0x00, 0x5a, 0xfb, 0xff, 0xff,
    0x14, 0x00, 0x00, 0x00, 0x00, 0x00, 0x00, 0x5d, 0x18, 0x00, 0x00, 0x00,
    0x30, 0x00, 0x00, 0x00, 0x08, 0x00, 0x00, 0x00, 0x54, 0xfd, 0xff, 0xff,
    0x04, 0x00, 0x00, 0x00, 0x03, 0x00, 0x00, 0x00, 0x06, 0x00, 0x00, 0x00,
    0x35, 0x00, 0x00, 0x00, 0x36, 0x00, 0x00, 0x00, 0x37, 0x00, 0x00, 0x00,
    0x38, 0x00, 0x00, 0x00, 0x39, 0x00, 0x00, 0x00, 0x3a, 0x00, 0x00, 0x00,
    0x06, 0x00, 0x00, 0x00, 0x09, 0x00, 0x00, 0x00, 0x09, 0x00, 0x00, 0x00,
    0x18, 0x00, 0x00, 0x00, 0x32, 0x00, 0x00, 0x00, 0x32, 0x00, 0x00, 0x00,
    0x34, 0x00, 0x00, 0x00, 0x26, 0xfc, 0xff, 0xff, 0x0c, 0x00, 0x00, 0x00,
    0x10, 0x00, 0x00, 0x00, 0x06, 0x00, 0x00, 0x00, 0x01, 0x00, 0x00, 0x00,
    0x34, 0x00, 0x00, 0x00, 0x01, 0x00, 0x00, 0x00, 0x33, 0x00, 0x00, 0x00,
    0x46, 0xfc, 0xff, 0xff, 0x0c, 0x00, 0x00, 0x00, 0x10, 0x00, 0x00, 0x00,
    0x07, 0x00, 0x00, 0x00, 0x01, 0x00, 0x00, 0x00, 0x33, 0x00, 0x00, 0x00,
    0x02, 0x00, 0x00, 0x00, 0x2d, 0x00, 0x00, 0x00, 0x08, 0x00, 0x00, 0x00,
    0x6a, 0xfc, 0xff, 0xff, 0x0c, 0x00, 0x00, 0x00, 0x10, 0x00, 0x00, 0x00,
    0x06, 0x00, 0x00, 0x00, 0x01, 0x00, 0x00, 0x00, 0x32, 0x00, 0x00, 0x00,
    0x01, 0x00, 0x00, 0x00, 0x31, 0x00, 0x00, 0x00, 0x8a, 0xfc, 0xff, 0xff,
    0x0c, 0x00, 0x00, 0x00, 0x10, 0x00, 0x00, 0x00, 0x05, 0x00, 0x00, 0x00,
    0x01, 0x00, 0x00, 0x00, 0x31, 0x00, 0x00, 0x00, 0x02, 0x00, 0x00, 0x00,
    0x30, 0x00, 0x00, 0x00, 0x15, 0x00, 0x00, 0x00, 0x3e, 0xfc, 0xff, 0xff,
    0x14, 0x00, 0x00, 0x00, 0x00, 0x00, 0x00, 0x3b, 0x14, 0x00, 0x00, 0x00,
    0x18, 0x00, 0x00, 0x00, 0x03, 0x00, 0x00, 0x00, 0x7e, 0xfc, 0xff, 0xff,
    0x02, 0x00, 0x00, 0x00, 0x01, 0x00, 0x00, 0x00, 0x30, 0x00, 0x00, 0x00,
    0x02, 0x00, 0x00, 0x00, 0x2f, 0x00, 0x00, 0x00, 0x0a, 0x00, 0x00, 0x00,
    0x72, 0xfc, 0xff, 0xff, 0x14, 0x00, 0x00, 0x00, 0x00, 0x00, 0x00, 0x20,
    0x14, 0x00, 0x00, 0x00, 0x18, 0x00, 0x00, 0x00, 0x02, 0x00, 0x00, 0x00,
    0x62, 0xfc, 0xff, 0xff, 0x01, 0x00, 0x00, 0x00, 0x01, 0x00, 0x00, 0x00,
    0x2f, 0x00, 0x00, 0x00, 0x04, 0x00, 0x00, 0x00, 0x2e, 0x00, 0x00, 0x00,
    0x05, 0x00, 0x00, 0x00, 0x06, 0x00, 0x00, 0x00, 0x06, 0x00, 0x00, 0x00,
    0x2a, 0xfb, 0xff, 0xff, 0x10, 0x00, 0x00, 0x00, 0x00, 0x00, 0x00, 0x37,
    0x10, 0x00, 0x00, 0x00, 0x14, 0x00, 0x00, 0x00, 0x1a, 0xfb, 0xff, 0xff,
    0x00, 0x00, 0x00, 0x02, 0x01, 0x00, 0x00, 0x00, 0x2e, 0x00, 0x00, 0x00,
    0x01, 0x00, 0x00, 0x00, 0x2d, 0x00, 0x00, 0x00, 0xda, 0xfc, 0xff, 0xff,
    0x14, 0x00, 0x00, 0x00, 0x00, 0x00, 0x00, 0x0b, 0x10, 0x00, 0x00, 0x00,
    0x14, 0x00, 0x00, 0x00, 0x0c, 0x00, 0x00, 0x00, 0x9c, 0xd6, 0xff, 0xff,
    0x01, 0x00, 0x00, 0x00, 0x2d, 0x00, 0x00, 0x00, 0x02, 0x00, 0x00, 0x00,
    0x2c, 0x00, 0x00, 0x00, 0x12, 0x00, 0x00, 0x00, 0x0a, 0xfd, 0xff, 0xff,
    0x14, 0x00, 0x00, 0x00, 0x00, 0x00, 0x00, 0x15, 0x10, 0x00, 0x00, 0x00,
    0x14, 0x00, 0x00, 0x00, 0x0b, 0x00, 0x00, 0x00, 0xcc, 0xd6, 0xff, 0xff,
    0x01, 0x00, 0x00, 0x00, 0x2c, 0x00, 0x00, 0x00, 0x02, 0x00, 0x00, 0x00,
    0x2b, 0x00, 0x00, 0x00, 0x13, 0x00, 0x00, 0x00, 0xaa, 0xfd, 0xff, 0xff,
    0x0c, 0x00, 0x00, 0x00, 0x10, 0x00, 0x00, 0x00, 0x07, 0x00, 0x00, 0x00,
    0x01, 0x00, 0x00, 0x00, 0x2b, 0x00, 0x00, 0x00, 0x02, 0x00, 0x00, 0x00,
    0x2a, 0x00, 0x00, 0x00, 0x08, 0x00, 0x00, 0x00, 0xce, 0xfd, 0xff, 0xff,
    0x0c, 0x00, 0x00, 0x00, 0x10, 0x00, 0x00, 0x00, 0x0a, 0x00, 0x00, 0x00,
    0x01, 0x00, 0x00, 0x00, 0x2a, 0x00, 0x00, 0x00, 0x01, 0x00, 0x00, 0x00,
    0x29, 0x00, 0x00, 0x00, 0x98, 0xfc, 0xff, 0xff, 0x10, 0x00, 0x00, 0x00,
    0x6c, 0x00, 0x00, 0x00, 0x70, 0x00, 0x00, 0x00, 0x09, 0x00, 0x00, 0x00,
    0x5b, 0x00, 0x00, 0x00, 0x0f, 0x54, 0x65, 0x6e, 0x73, 0x6f, 0x72, 0x4c,
    0x69, 0x73, 0x74, 0x53, 0x74, 0x61, 0x63, 0x6b, 0x00, 0x40, 0x12, 0x0f,
    0x54, 0x65, 0x6e, 0x73, 0x6f, 0x72, 0x4c, 0x69, 0x73, 0x74, 0x53, 0x74,
    0x61, 0x63, 0x6b, 0x1a, 0x00, 0x1a, 0x00, 0x2a, 0x12, 0x0a, 0x0c, 0x6e,
    0x75, 0x6d, 0x5f, 0x65, 0x6c, 0x65, 0x6d, 0x65, 0x6e, 0x74, 0x73, 0x12,
    0x02, 0x18, 0x40, 0x2a, 0x13, 0x0a, 0x0d, 0x65, 0x6c, 0x65, 0x6d, 0x65,
    0x6e, 0x74, 0x5f, 0x64, 0x74, 0x79, 0x70, 0x65, 0x12, 0x02, 0x30, 0x01,
    0x32, 0x00, 0x00, 0x02, 0x53, 0x43, 0x14, 0x14, 0x04, 0x28, 0x01, 0x00,
    0x01, 0x00, 0x00, 0x00, 0x29, 0x00, 0x00, 0x00, 0x02, 0x00, 0x00, 0x00,
    0x25, 0x00, 0x00, 0x00, 0x01, 0x00, 0x00, 0x00, 0x06, 0xfe, 0xff, 0xff,
    0x1c, 0x00, 0x00, 0x00, 0x00, 0x00, 0x00, 0x5d, 0x20, 0x00, 0x00, 0x00,
    0x38, 0x00, 0x00, 0x00, 0x08, 0x00, 0x00, 0x00, 0x08, 0x00, 0x0c, 0x00,
    0x08, 0x00, 0x04, 0x00, 0x08, 0x00, 0x00, 0x00, 0x02, 0x00, 0x00, 0x00,
    0x01, 0x00, 0x00, 0x00, 0x06, 0x00, 0x00, 0x00, 0x23, 0x00, 0x00, 0x00,
    0x24, 0x00, 0x00, 0x00, 0x25, 0x00, 0x00, 0x00, 0x26, 0x00, 0x00, 0x00,
    0x27, 0x00, 0x00, 0x00, 0x28, 0x00, 0x00, 0x00, 0x06, 0x00, 0x00, 0x00,
    0x09, 0x00, 0x00, 0x00, 0x09, 0x00, 0x00, 0x00, 0x17, 0x00, 0x00, 0x00,
    0x20, 0x00, 0x00, 0x00, 0x20, 0x00, 0x00, 0x00, 0x22, 0x00, 0x00, 0x00,
    0xda, 0xfe, 0xff, 0xff, 0x0c, 0x00, 0x00, 0x00, 0x10, 0x00, 0x00, 0x00,
    0x06, 0x00, 0x00, 0x00, 0x01, 0x00, 0x00, 0x00, 0x22, 0x00, 0x00, 0x00,
    0x01, 0x00, 0x00, 0x00, 0x21, 0x00, 0x00, 0x00, 0xfa, 0xfe, 0xff, 0xff,
    0x0c, 0x00, 0x00, 0x00, 0x10, 0x00, 0x00, 0x00, 0x07, 0x00, 0x00, 0x00,
    0x01, 0x00, 0x00, 0x00, 0x21, 0x00, 0x00, 0x00, 0x02, 0x00, 0x00, 0x00,
    0x1b, 0x00, 0x00, 0x00, 0x08, 0x00, 0x00, 0x00, 0x1e, 0xff, 0xff, 0xff,
    0x0c, 0x00, 0x00, 0x00, 0x10, 0x00, 0x00, 0x00, 0x06, 0x00, 0x00, 0x00,
    0x01, 0x00, 0x00, 0x00, 0x20, 0x00, 0x00, 0x00, 0x01, 0x00, 0x00, 0x00,
    0x1f, 0x00, 0x00, 0x00, 0x3e, 0xff, 0xff, 0xff, 0x0c, 0x00, 0x00, 0x00,
    0x10, 0x00, 0x00, 0x00, 0x05, 0x00, 0x00, 0x00, 0x01, 0x00, 0x00, 0x00,
    0x1f, 0x00, 0x00, 0x00, 0x02, 0x00, 0x00, 0x00, 0x1e, 0x00, 0x00, 0x00,
    0x14, 0x00, 0x00, 0x00, 0xf2, 0xfe, 0xff, 0xff, 0x14, 0x00, 0x00, 0x00,
    0x00, 0x00, 0x00, 0x3b, 0x14, 0x00, 0x00, 0x00, 0x18, 0x00, 0x00, 0x00,
    0x03, 0x00, 0x00, 0x00, 0x32, 0xff, 0xff, 0xff, 0x02, 0x00, 0x00, 0x00,
    0x01, 0x00, 0x00, 0x00, 0x1e, 0x00, 0x00, 0x00, 0x02, 0x00, 0x00, 0x00,
    0x1d, 0x00, 0x00, 0x00, 0x07, 0x00, 0x00, 0x00, 0x26, 0xff, 0xff, 0xff,
    0x14, 0x00, 0x00, 0x00, 0x00, 0x00, 0x00, 0x20, 0x14, 0x00, 0x00, 0x00,
    0x18, 0x00, 0x00, 0x00, 0x02, 0x00, 0x00, 0x00, 0x16, 0xff, 0xff, 0xff,
    0x01, 0x00, 0x00, 0x00, 0x01, 0x00, 0x00, 0x00, 0x1d, 0x00, 0x00, 0x00,
    0x04, 0x00, 0x00, 0x00, 0x1c, 0x00, 0x00, 0x00, 0x05, 0x00, 0x00, 0x00,
    0x06, 0x00, 0x00, 0x00, 0x06, 0x00, 0x00, 0x00, 0xde, 0xfd, 0xff, 0xff,
    0x10, 0x00, 0x00, 0x00, 0x00, 0x00, 0x00, 0x37, 0x10, 0x00, 0x00, 0x00,
    0x14, 0x00, 0x00, 0x00, 0xce, 0xfd, 0xff, 0xff, 0x00, 0x00, 0x00, 0x02,
    0x01, 0x00, 0x00, 0x00, 0x1c, 0x00, 0x00, 0x00, 0x01, 0x00, 0x00, 0x00,
    0x1b, 0x00, 0x00, 0x00, 0x00, 0x00, 0x0a, 0x00, 0x10, 0x00, 0x0c, 0x00,
    0x08, 0x00, 0x04, 0x00, 0x0a, 0x00, 0x00, 0x00, 0x0c, 0x00, 0x00, 0x00,
    0x10, 0x00, 0x00, 0x00, 0x04, 0x00, 0x00, 0x00, 0x01, 0x00, 0x00, 0x00,
    0x1b, 0x00, 0x00, 0x00, 0x02, 0x00, 0x00, 0x00, 0x00, 0x00, 0x00, 0x00,
    0x1a, 0x00, 0x00, 0x00, 0xbe, 0xff, 0xff, 0xff, 0x1c, 0x00, 0x00, 0x00,
    0x00, 0x00, 0x00, 0x3b, 0x1c, 0x00, 0x00, 0x00, 0x20, 0x00, 0x00, 0x00,
    0x03, 0x00, 0x00, 0x00, 0x00, 0x00, 0x06, 0x00, 0x08, 0x00, 0x04, 0x00,
    0x06, 0x00, 0x00, 0x00, 0x03, 0x00, 0x00, 0x00, 0x01, 0x00, 0x00, 0x00,
    0x1a, 0x00, 0x00, 0x00, 0x03, 0x00, 0x00, 0x00, 0x19, 0x00, 0x00, 0x00,
    0x02, 0x00, 0x00, 0x00, 0x04, 0x00, 0x00, 0x00, 0x00, 0x00, 0x0e, 0x00,
    0x1a, 0x00, 0x14, 0x00, 0x10, 0x00, 0x0c, 0x00, 0x0b, 0x00, 0x04, 0x00,
    0x0e, 0x00, 0x00, 0x00, 0x24, 0x00, 0x00, 0x00, 0x00, 0x00, 0x00, 0x20,
    0x24, 0x00, 0x00, 0x00, 0x28, 0x00, 0x00, 0x00, 0x02, 0x00, 0x00, 0x00,
    0x00, 0x00, 0x0e, 0x00, 0x08, 0x00, 0x00, 0x00, 0x00, 0x00, 0x00, 0x00,
    0x00, 0x00, 0x04, 0x00, 0x0e, 0x00, 0x00, 0x00, 0x01, 0x00, 0x00, 0x00,
    0x01, 0x00, 0x00, 0x00, 0x19, 0x00, 0x00, 0x00, 0x04, 0x00, 0x00, 0x00,
    0x16, 0x00, 0x00, 0x00, 0x05, 0x00, 0x00, 0x00, 0x06, 0x00, 0x00, 0x00,
    0x06, 0x00, 0x00, 0x00, 0x74, 0xff, 0xff, 0xff, 0x10, 0x00, 0x00, 0x00,
    0x70, 0x00, 0x00, 0x00, 0x74, 0x00, 0x00, 0x00, 0x01, 0x00, 0x00, 0x00,
    0x5d, 0x00, 0x00, 0x00, 0x11, 0x54, 0x65, 0x6e, 0x73, 0x6f, 0x72, 0x4c,
    0x69, 0x73, 0x74, 0x52, 0x65, 0x73, 0x65, 0x72, 0x76, 0x65, 0x00, 0x40,
    0x12, 0x11, 0x54, 0x65, 0x6e, 0x73, 0x6f, 0x72, 0x4c, 0x69, 0x73, 0x74,
    0x52, 0x65, 0x73, 0x65, 0x72, 0x76, 0x65, 0x1a, 0x00, 0x1a, 0x00, 0x2a,
    0x10, 0x0a, 0x0a, 0x73, 0x68, 0x61, 0x70, 0x65, 0x5f, 0x74, 0x79, 0x70,
    0x65, 0x12, 0x02, 0x30, 0x03, 0x2a, 0x13, 0x0a, 0x0d, 0x65, 0x6c, 0x65,
    0x6d, 0x65, 0x6e, 0x74, 0x5f, 0x64, 0x74, 0x79, 0x70, 0x65, 0x12, 0x02,
    0x30, 0x01, 0x32, 0x00, 0x00, 0x02, 0x55, 0x43, 0x14, 0x14, 0x04, 0x28,
    0x01, 0x00, 0x00, 0x00, 0x01, 0x00, 0x00, 0x00, 0x18, 0x00, 0x00, 0x00,
    0x02, 0x00, 0x00, 0x00, 0x03, 0x00, 0x00, 0x00, 0x04, 0x00, 0x00, 0x00,
    0x10, 0x00, 0x14, 0x00, 0x10, 0x00, 0x0c, 0x00, 0x08, 0x00, 0x00, 0x00,
    0x00, 0x00, 0x04, 0x00, 0x10, 0x00, 0x00, 0x00, 0x10, 0x00, 0x00, 0x00,
    0x70, 0x00, 0x00, 0x00, 0x74, 0x00, 0x00, 0x00, 0x01, 0x00, 0x00, 0x00,
    0x5d, 0x00, 0x00, 0x00, 0x11, 0x54, 0x65, 0x6e, 0x73, 0x6f, 0x72, 0x4c,
    0x69, 0x73, 0x74, 0x52, 0x65, 0x73, 0x65, 0x72, 0x76, 0x65, 0x00, 0x40,
    0x12, 0x11, 0x54, 0x65, 0x6e, 0x73, 0x6f, 0x72, 0x4c, 0x69, 0x73, 0x74,
    0x52, 0x65, 0x73, 0x65, 0x72, 0x76, 0x65, 0x1a, 0x00, 0x1a, 0x00, 0x2a,
    0x10, 0x0a, 0x0a, 0x73, 0x68, 0x61, 0x70, 0x65, 0x5f, 0x74, 0x79, 0x70,
    0x65, 0x12, 0x02, 0x30, 0x03, 0x2a, 0x13, 0x0a, 0x0d, 0x65, 0x6c, 0x65,
    0x6d, 0x65, 0x6e, 0x74, 0x5f, 0x64, 0x74, 0x79, 0x70, 0x65, 0x12, 0x02,
    0x30, 0x01, 0x32, 0x00, 0x00, 0x02, 0x55, 0x43, 0x14, 0x14, 0x04, 0x28,
    0x01, 0x00, 0x00, 0x00, 0x01, 0x00, 0x00, 0x00, 0x17, 0x00, 0x00, 0x00,
    0x02, 0x00, 0x00, 0x00, 0x01, 0x00, 0x00, 0x00, 0x02, 0x00, 0x00, 0x00,
    0x00, 0x00, 0x0e, 0x00, 0x16, 0x00, 0x00, 0x00, 0x10, 0x00, 0x0c, 0x00,
    0x0b, 0x00, 0x04, 0x00, 0x0e, 0x00, 0x00, 0x00, 0x18, 0x00, 0x00, 0x00,
    0x00, 0x00, 0x00, 0x37, 0x18, 0x00, 0x00, 0x00, 0x1c, 0x00, 0x00, 0x00,
    0x00, 0x00, 0x06, 0x00, 0x08, 0x00, 0x07, 0x00, 0x06, 0x00, 0x00, 0x00,
    0x00, 0x00, 0x00, 0x02, 0x01, 0x00, 0x00, 0x00, 0x16, 0x00, 0x00, 0x00,
    0x01, 0x00, 0x00, 0x00, 0x00, 0x00, 0x00, 0x00, 0x01, 0x00, 0x00, 0x00,
    0x40, 0x00, 0x00, 0x00, 0x01, 0x00, 0x00, 0x00, 0x00, 0x00, 0x00, 0x00,
    0x41, 0x00, 0x00, 0x00, 0xb8, 0x24, 0x00, 0x00, 0x5c, 0x24, 0x00, 0x00,
    0x08, 0x24, 0x00, 0x00, 0xc8, 0x23, 0x00, 0x00, 0x8c, 0x23, 0x00, 0x00,
    0x4c, 0x23, 0x00, 0x00, 0x0c, 0x23, 0x00, 0x00, 0xd0, 0x22, 0x00, 0x00,
    0x90, 0x22, 0x00, 0x00, 0x54, 0x22, 0x00, 0x00, 0x18, 0x22, 0x00, 0x00,
    0xd4, 0x21, 0x00, 0x00, 0x90, 0x21, 0x00, 0x00, 0x4c, 0x21, 0x00, 0x00,
    0xc4, 0x20, 0x00, 0x00, 0x38, 0x20, 0x00, 0x00, 0x64, 0x1e, 0x00, 0x00,
    0x88, 0x1c, 0x00, 0x00, 0x24, 0x1c, 0x00, 0x00, 0xc0, 0x1b, 0x00, 0x00,
    0x64, 0x1b, 0x00, 0x00, 0x08, 0x1b, 0x00, 0x00, 0xb4, 0x1a, 0x00, 0x00,
    0x2c, 0x1a, 0x00, 0x00, 0x98, 0x19, 0x00, 0x00, 0x40, 0x19, 0x00, 0x00,
    0xe4, 0x18, 0x00, 0x00, 0x54, 0x18, 0x00, 0x00, 0x04, 0x18, 0x00, 0x00,
    0xb0, 0x17, 0x00, 0x00, 0x58, 0x17, 0x00, 0x00, 0xd8, 0x16, 0x00, 0x00,
    0x88, 0x16, 0x00, 0x00, 0xe4, 0x15, 0x00, 0x00, 0x74, 0x15, 0x00, 0x00,
    0x80, 0x14, 0x00, 0x00, 0x8c, 0x13, 0x00, 0x00, 0x74, 0x12, 0x00, 0x00,
    0x6c, 0x11, 0x00, 0x00, 0x64, 0x10, 0x00, 0x00, 0x54, 0x0f, 0x00, 0x00,
    0xcc, 0x0e, 0x00, 0x00, 0x50, 0x0e, 0x00, 0x00, 0xbc, 0x0d, 0x00, 0x00,
    0x18, 0x0d, 0x00, 0x00, 0x74, 0x0c, 0x00, 0x00, 0x24, 0x0c, 0x00, 0x00,
    0xd0, 0x0b, 0x00, 0x00, 0x78, 0x0b, 0x00, 0x00, 0xf8, 0x0a, 0x00, 0x00,
    0xa8, 0x0a, 0x00, 0x00, 0x1c, 0x0a, 0x00, 0x00, 0xac, 0x09, 0x00, 0x00,
    0xb8, 0x08, 0x00, 0x00, 0xc4, 0x07, 0x00, 0x00, 0xac, 0x06, 0x00, 0x00,
    0xa4, 0x05, 0x00, 0x00, 0x9c, 0x04, 0x00, 0x00, 0x8c, 0x03, 0x00, 0x00,
    0x04, 0x03, 0x00, 0x00, 0x88, 0x02, 0x00, 0x00, 0xf8, 0x01, 0x00, 0x00,
    0x2c, 0x01, 0x00, 0x00, 0x80, 0x00, 0x00, 0x00, 0x04, 0x00, 0x00, 0x00,
    0x62, 0xdc, 0xff, 0xff, 0x00, 0x00, 0x00, 0x01, 0x18, 0x00, 0x00, 0x00,
    0x20, 0x00, 0x00, 0x00, 0x3c, 0x00, 0x00, 0x00, 0x41, 0x00, 0x00, 0x00,
    0x00, 0x00, 0x00, 0x09, 0x50, 0x00, 0x00, 0x00, 0x02, 0x00, 0x00, 0x00,
    0xff, 0xff, 0xff, 0xff, 0x04, 0x00, 0x00, 0x00, 0x4c, 0xdc, 0xff, 0xff,
    0x08, 0x00, 0x00, 0x00, 0x10, 0x00, 0x00, 0x00, 0x01, 0x00, 0x00, 0x00,
    0x80, 0xff, 0xff, 0xff, 0xff, 0xff, 0xff, 0xff, 0x01, 0x00, 0x00, 0x00,
    0x00, 0x00, 0x80, 0x3b, 0x1b, 0x00, 0x00, 0x00, 0x53, 0x74, 0x61, 0x74,
    0x65, 0x66, 0x75, 0x6c, 0x50, 0x61, 0x72, 0x74, 0x69, 0x74, 0x69, 0x6f,
    0x6e, 0x65, 0x64, 0x43, 0x61, 0x6c, 0x6c, 0x5f, 0x31, 0x3a, 0x30, 0x00,
    0x02, 0x00, 0x00, 0x00, 0x01, 0x00, 0x00, 0x00, 0x04, 0x00, 0x00, 0x00,
    0xda, 0xdc, 0xff, 0xff, 0x00, 0x00, 0x00, 0x01, 0x18, 0x00, 0x00, 0x00,
    0x20, 0x00, 0x00, 0x00, 0x40, 0x00, 0x00, 0x00, 0x40, 0x00, 0x00, 0x00,
    0x00, 0x00, 0x00, 0x09, 0x80, 0x00, 0x00, 0x00, 0x02, 0x00, 0x00, 0x00,
    0xff, 0xff, 0xff, 0xff, 0x04, 0x00, 0x00, 0x00, 0xc4, 0xdc, 0xff, 0xff,
    0x08, 0x00, 0x00, 0x00, 0x14, 0x00, 0x00, 0x00, 0x01, 0x00, 0x00, 0x00,
    0xcc, 0xff, 0xff, 0xff, 0xff, 0xff, 0xff, 0xff, 0x00, 0x00, 0x00, 0x00,
    0x01, 0x00, 0x00, 0x00, 0xd8, 0xc4, 0x0c, 0x3d, 0x44, 0x00, 0x00, 0x00,
    0x73, 0x65, 0x71, 0x75, 0x65, 0x6e, 0x74, 0x69, 0x61, 0x6c, 0x5f, 0x31,
    0x33, 0x5f, 0x31, 0x2f, 0x64, 0x65, 0x6e, 0x73, 0x65, 0x5f, 0x33, 0x31,
    0x5f, 0x31, 0x2f, 0x4d, 0x61, 0x74, 0x4d, 0x75, 0x6c, 0x3b, 0x73, 0x65,
    0x71, 0x75, 0x65, 0x6e, 0x74, 0x69, 0x61, 0x6c, 0x5f, 0x31, 0x33, 0x5f,
    0x31, 0x2f, 0x64, 0x65, 0x6e, 0x73, 0x65, 0x5f, 0x33, 0x31, 0x5f, 0x31,
    0x2f, 0x42, 0x69, 0x61, 0x73, 0x41, 0x64, 0x64, 0x00, 0x00, 0x00, 0x00,
    0x02, 0x00, 0x00, 0x00, 0x01, 0x00, 0x00, 0x00, 0x04, 0x00, 0x00, 0x00,
    0x82, 0xdd, 0xff, 0xff, 0x00, 0x00, 0x00, 0x01, 0x18, 0x00, 0x00, 0x00,
    0x20, 0x00, 0x00, 0x00, 0x40, 0x00, 0x00, 0x00, 0x3f, 0x00, 0x00, 0x00,
    0x00, 0x00, 0x00, 0x09, 0xa0, 0x00, 0x00, 0x00, 0x02, 0x00, 0x00, 0x00,
    0xff, 0xff, 0xff, 0xff, 0x20, 0x00, 0x00, 0x00, 0x6c, 0xdd, 0xff, 0xff,
    0x08, 0x00, 0x00, 0x00, 0x14, 0x00, 0x00, 0x00, 0x01, 0x00, 0x00, 0x00,
    0x80, 0xff, 0xff, 0xff, 0xff, 0xff, 0xff, 0xff, 0x00, 0x00, 0x00, 0x00,
    0x01, 0x00, 0x00, 0x00, 0x97, 0x39, 0x3d, 0x3c, 0x64, 0x00, 0x00, 0x00,
    0x73, 0x65, 0x71, 0x75, 0x65, 0x6e, 0x74, 0x69, 0x61, 0x6c, 0x5f, 0x31,
    0x33, 0x5f, 0x31, 0x2f, 0x64, 0x65, 0x6e, 0x73, 0x65, 0x5f, 0x33, 0x30,
    0x5f, 0x31, 0x2f, 0x4d, 0x61, 0x74, 0x4d, 0x75, 0x6c, 0x3b, 0x73, 0x65,
    0x71, 0x75, 0x65, 0x6e, 0x74, 0x69, 0x61, 0x6c, 0x5f, 0x31, 0x33, 0x5f,
    0x31, 0x2f, 0x64, 0x65, 0x6e, 0x73, 0x65, 0x5f, 0x33, 0x30, 0x5f, 0x31,
    0x2f, 0x52, 0x65, 0x6c, 0x75, 0x3b, 0x73, 0x65, 0x71, 0x75, 0x65, 0x6e,
    0x74, 0x69, 0x61, 0x6c, 0x5f, 0x31, 0x33, 0x5f, 0x31, 0x2f, 0x64, 0x65,
    0x6e, 0x73, 0x65, 0x5f, 0x33, 0x30, 0x5f, 0x31, 0x2f, 0x42, 0x69, 0x61,
    0x73, 0x41, 0x64, 0x64, 0x00, 0x00, 0x00, 0x00, 0x02, 0x00, 0x00, 0x00,
    0x01, 0x00, 0x00, 0x00, 0x20, 0x00, 0x00, 0x00, 0x4a, 0xde, 0xff, 0xff,
    0x00, 0x00, 0x00, 0x01, 0x18, 0x00, 0x00, 0x00, 0x20, 0x00, 0x00, 0x00,
    0x40, 0x00, 0x00, 0x00, 0x3e, 0x00, 0x00, 0x00, 0x00, 0x00, 0x00, 0x09,
    0x64, 0x00, 0x00, 0x00, 0x02, 0x00, 0x00, 0x00, 0xff, 0xff, 0xff, 0xff,
    0x10, 0x00, 0x00, 0x00, 0x34, 0xde, 0xff, 0xff, 0x08, 0x00, 0x00, 0x00,
    0x14, 0x00, 0x00, 0x00, 0x01, 0x00, 0x00, 0x00, 0x00, 0x00, 0x00, 0x00,
    0x00, 0x00, 0x00, 0x00, 0x00, 0x00, 0x00, 0x00, 0x01, 0x00, 0x00, 0x00,
    0xbe, 0x55, 0xfd, 0x3b, 0x29, 0x00, 0x00, 0x00, 0x73, 0x65, 0x71, 0x75,
    0x65, 0x6e, 0x74, 0x69, 0x61, 0x6c, 0x5f, 0x31, 0x33, 0x5f, 0x31, 0x2f,
    0x6c, 0x73, 0x74, 0x6d, 0x5f, 0x31, 0x31, 0x5f, 0x31, 0x2f, 0x73, 0x74,
    0x72, 0x69, 0x64, 0x65, 0x64, 0x5f, 0x73, 0x6c, 0x69, 0x63, 0x65, 0x5f,
    0x33, 0x00, 0x00, 0x00, 0x02, 0x00, 0x00, 0x00, 0x01, 0x00, 0x00, 0x00,
    0x10, 0x00, 0x00, 0x00, 0xd6, 0xde, 0xff, 0xff, 0x00, 0x00, 0x00, 0x01,
    0x18, 0x00, 0x00, 0x00, 0x24, 0x00, 0x00, 0x00, 0x44, 0x00, 0x00, 0x00,
    0x3d, 0x00, 0x00, 0x00, 0x00, 0x00, 0x00, 0x09, 0x4c, 0x00, 0x00, 0x00,
    0x03, 0x00, 0x00, 0x00, 0x01, 0x00, 0x00, 0x00, 0xff, 0xff, 0xff, 0xff,
    0x10, 0x00, 0x00, 0x00, 0xc4, 0xde, 0xff, 0xff, 0x08, 0x00, 0x00, 0x00,
    0x14, 0x00, 0x00, 0x00, 0x01, 0x00, 0x00, 0x00, 0x00, 0x00, 0x00, 0x00,
    0x00, 0x00, 0x00, 0x00, 0x00, 0x00, 0x00, 0x00, 0x01, 0x00, 0x00, 0x00,
    0xbe, 0x55, 0xfd, 0x3b, 0x0d, 0x00, 0x00, 0x00, 0x74, 0x66, 0x6c, 0x2e,
    0x71, 0x75, 0x61, 0x6e, 0x74, 0x69, 0x7a, 0x65, 0x31, 0x00, 0x00, 0x00,
    0x03, 0x00, 0x00, 0x00, 0x01, 0x00, 0x00, 0x00, 0x01, 0x00, 0x00, 0x00,
    0x10, 0x00, 0x00, 0x00, 0xfe, 0xec, 0xff, 0xff, 0x00, 0x00, 0x00, 0x01,
    0x14, 0x00, 0x00, 0x00, 0x20, 0x00, 0x00, 0x00, 0x20, 0x00, 0x00, 0x00,
    0x3c, 0x00, 0x00, 0x00, 0x5c, 0x00, 0x00, 0x00, 0x03, 0x00, 0x00, 0x00,
    0x01, 0x00, 0x00, 0x00, 0xff, 0xff, 0xff, 0xff, 0x10, 0x00, 0x00, 0x00,
    0xa0, 0xdf, 0xff, 0xff, 0x3c, 0x00, 0x00, 0x00, 0x73, 0x65, 0x71, 0x75,
    0x65, 0x6e, 0x74, 0x69, 0x61, 0x6c, 0x5f, 0x31, 0x33, 0x5f, 0x31, 0x2f,
    0x6c, 0x73, 0x74, 0x6d, 0x5f, 0x31, 0x31, 0x5f, 0x31, 0x2f, 0x54, 0x65,
    0x6e, 0x73, 0x6f, 0x72, 0x41, 0x72, 0x72, 0x61, 0x79, 0x56, 0x32, 0x53,
    0x74, 0x61, 0x63, 0x6b, 0x2f, 0x54, 0x65, 0x6e, 0x73, 0x6f, 0x72, 0x4c,
    0x69, 0x73, 0x74, 0x53, 0x74, 0x61, 0x63, 0x6b, 0x00, 0x00, 0x00, 0x00,
    0x03, 0x00, 0x00, 0x00, 0x01, 0x00, 0x00, 0x00, 0x01, 0x00, 0x00, 0x00,
    0x10, 0x00, 0x00, 0x00, 0x82, 0xed, 0xff, 0xff, 0x00, 0x00, 0x00, 0x01,
    0x14, 0x00, 0x00, 0x00, 0x20, 0x00, 0x00, 0x00, 0x20, 0x00, 0x00, 0x00,
    0x3b, 0x00, 0x00, 0x00, 0xe4, 0x00, 0x00, 0x00, 0x03, 0x00, 0x00, 0x00,
    0x40, 0x00, 0x00, 0x00, 0xff, 0xff, 0xff, 0xff, 0x20, 0x00, 0x00, 0x00,
    0x24, 0xe0, 0xff, 0xff, 0xc5, 0x00, 0x00, 0x00, 0x73, 0x65, 0x71, 0x75,
    0x65, 0x6e, 0x74, 0x69, 0x61, 0x6c, 0x5f, 0x31, 0x33, 0x5f, 0x31, 0x2f,
    0x6c, 0x73, 0x74, 0x6d, 0x5f, 0x31, 0x31, 0x5f, 0x31, 0x2f, 0x77, 0x68,
    0x69, 0x6c, 0x65, 0x3b, 0x73, 0x65, 0x71, 0x75, 0x65, 0x6e, 0x74, 0x69,
    0x61, 0x6c, 0x5f, 0x31, 0x33, 0x5f, 0x31, 0x2f, 0x6c, 0x73, 0x74, 0x6d,
    0x5f, 0x31, 0x31, 0x5f, 0x31, 0x2f, 0x77, 0x68, 0x69, 0x6c, 0x65, 0x31,
    0x3b, 0x73, 0x65, 0x71, 0x75, 0x65, 0x6e, 0x74, 0x69, 0x61, 0x6c, 0x5f,
    0x31, 0x33, 0x5f, 0x31, 0x2f, 0x6c, 0x73, 0x74, 0x6d, 0x5f, 0x31, 0x31,
    0x5f, 0x31, 0x2f, 0x77, 0x68, 0x69, 0x6c, 0x65, 0x32, 0x3b, 0x73, 0x65,
    0x71, 0x75, 0x65, 0x6e, 0x74, 0x69, 0x61, 0x6c, 0x5f, 0x31, 0x33, 0x5f,
    0x31, 0x2f, 0x6c, 0x73, 0x74, 0x6d, 0x5f, 0x31, 0x31, 0x5f, 0x31, 0x2f,
    0x77, 0x68, 0x69, 0x6c, 0x65, 0x33, 0x3b, 0x73, 0x65, 0x71, 0x75, 0x65,
    0x6e, 0x74, 0x69, 0x61, 0x6c, 0x5f, 0x31, 0x33, 0x5f, 0x31, 0x2f, 0x6c,
    0x73, 0x74, 0x6d, 0x5f, 0x31, 0x31, 0x5f, 0x31, 0x2f, 0x77, 0x68, 0x69,
    0x6c, 0x65, 0x34, 0x3b, 0x73, 0x65, 0x71, 0x75, 0x65, 0x6e, 0x74, 0x69,
    0x61, 0x6c, 0x5f, 0x31, 0x33, 0x5f, 0x31, 0x2f, 0x6c, 0x73, 0x74, 0x6d,
    0x5f, 0x31, 0x31, 0x5f, 0x31, 0x2f, 0x77, 0x68, 0x69, 0x6c, 0x65, 0x35,
    0x35, 0x00, 0x00, 0x00, 0x03, 0x00, 0x00, 0x00, 0x40, 0x00, 0x00, 0x00,
    0x01, 0x00, 0x00, 0x00, 0x20, 0x00, 0x00, 0x00, 0x8e, 0xee, 0xff, 0xff,
    0x00, 0x00, 0x00, 0x01, 0x14, 0x00, 0x00, 0x00, 0x1c, 0x00, 0x00, 0x00,
    0x1c, 0x00, 0x00, 0x00, 0x3a, 0x00, 0x00, 0x00, 0xe0, 0x00, 0x00, 0x00,
    0x02, 0x00, 0x00, 0x00, 0xff, 0xff, 0xff, 0xff, 0x10, 0x00, 0x00, 0x00,
    0x2c, 0xe1, 0xff, 0xff, 0xc5, 0x00, 0x00, 0x00, 0x73, 0x65, 0x71, 0x75,
    0x65, 0x6e, 0x74, 0x69, 0x61, 0x6c, 0x5f, 0x31, 0x33, 0x5f, 0x31, 0x2f,
    0x6c, 0x73, 0x74, 0x6d, 0x5f, 0x31, 0x31, 0x5f, 0x31, 0x2f, 0x77, 0x68,
    0x69, 0x6c, 0x65, 0x3b, 0x73, 0x65, 0x71, 0x75, 0x65, 0x6e, 0x74, 0x69,
    0x61, 0x6c, 0x5f, 0x31, 0x33, 0x5f, 0x31, 0x2f, 0x6c, 0x73, 0x74, 0x6d,
    0x5f, 0x31, 0x31, 0x5f, 0x31, 0x2f, 0x77, 0x68, 0x69, 0x6c, 0x65, 0x31,
    0x3b, 0x73, 0x65, 0x71, 0x75, 0x65, 0x6e, 0x74, 0x69, 0x61, 0x6c, 0x5f,
    0x31, 0x33, 0x5f, 0x31, 0x2f, 0x6c, 0x73, 0x74, 0x6d, 0x5f, 0x31, 0x31,
    0x5f, 0x31, 0x2f, 0x77, 0x68, 0x69, 0x6c, 0x65, 0x32, 0x3b, 0x73, 0x65,
    0x71, 0x75, 0x65, 0x6e, 0x74, 0x69, 0x61, 0x6c, 0x5f, 0x31, 0x33, 0x5f,
    0x31, 0x2f, 0x6c, 0x73, 0x74, 0x6d, 0x5f, 0x31, 0x31, 0x5f, 0x31, 0x2f,
    0x77, 0x68, 0x69, 0x6c, 0x65, 0x33, 0x3b, 0x73, 0x65, 0x71, 0x75, 0x65,
    0x6e, 0x74, 0x69, 0x61, 0x6c, 0x5f, 0x31, 0x33, 0x5f, 0x31, 0x2f, 0x6c,
    0x73, 0x74, 0x6d, 0x5f, 0x31, 0x31, 0x5f, 0x31, 0x2f, 0x77, 0x68, 0x69,
    0x6c, 0x65, 0x34, 0x3b, 0x73, 0x65, 0x71, 0x75, 0x65, 0x6e, 0x74, 0x69,
    0x61, 0x6c, 0x5f, 0x31, 0x33, 0x5f, 0x31, 0x2f, 0x6c, 0x73, 0x74, 0x6d,
    0x5f, 0x31, 0x31, 0x5f, 0x31, 0x2f, 0x77, 0x68, 0x69, 0x6c, 0x65, 0x35,
    0x34, 0x00, 0x00, 0x00, 0x02, 0x00, 0x00, 0x00, 0x01, 0x00, 0x00, 0x00,
    0x10, 0x00, 0x00, 0x00, 0x92, 0xef, 0xff, 0xff, 0x00, 0x00, 0x00, 0x01,
    0x14, 0x00, 0x00, 0x00, 0x1c, 0x00, 0x00, 0x00, 0x1c, 0x00, 0x00, 0x00,
    0x39, 0x00, 0x00, 0x00, 0xe0, 0x00, 0x00, 0x00, 0x02, 0x00, 0x00, 0x00,
    0xff, 0xff, 0xff, 0xff, 0x10, 0x00, 0x00, 0x00, 0x30, 0xe2, 0xff, 0xff,
    0xc5, 0x00, 0x00, 0x00, 0x73, 0x65, 0x71, 0x75, 0x65, 0x6e, 0x74, 0x69,
    0x61, 0x6c, 0x5f, 0x31, 0x33, 0x5f, 0x31, 0x2f, 0x6c, 0x73, 0x74, 0x6d,
    0x5f, 0x31, 0x31, 0x5f, 0x31, 0x2f, 0x77, 0x68, 0x69, 0x6c, 0x65, 0x3b,
    0x73, 0x65, 0x71, 0x75, 0x65, 0x6e, 0x74, 0x69, 0x61, 0x6c, 0x5f, 0x31,
    0x33, 0x5f, 0x31, 0x2f, 0x6c, 0x73, 0x74, 0x6d, 0x5f, 0x31, 0x31, 0x5f,
    0x31, 0x2f, 0x77, 0x68, 0x69, 0x6c, 0x65, 0x31, 0x3b, 0x73, 0x65, 0x71,
    0x75, 0x65, 0x6e, 0x74, 0x69, 0x61, 0x6c, 0x5f, 0x31, 0x33, 0x5f, 0x31,
    0x2f, 0x6c, 0x73, 0x74, 0x6d, 0x5f, 0x31, 0x31, 0x5f, 0x31, 0x2f, 0x77,
    0x68, 0x69, 0x6c, 0x65, 0x32, 0x3b, 0x73, 0x65, 0x71, 0x75, 0x65, 0x6e,
    0x74, 0x69, 0x61, 0x6c, 0x5f, 0x31, 0x33, 0x5f, 0x31, 0x2f, 0x6c, 0x73,
    0x74, 0x6d, 0x5f, 0x31, 0x31, 0x5f, 0x31, 0x2f, 0x77, 0x68, 0x69, 0x6c,
    0x65, 0x33, 0x3b, 0x73, 0x65, 0x71, 0x75, 0x65, 0x6e, 0x74, 0x69, 0x61,
    0x6c, 0x5f, 0x31, 0x33, 0x5f, 0x31, 0x2f, 0x6c, 0x73, 0x74, 0x6d, 0x5f,
    0x31, 0x31, 0x5f, 0x31, 0x2f, 0x77, 0x68, 0x69, 0x6c, 0x65, 0x34, 0x3b,
    0x73, 0x65, 0x71, 0x75, 0x65, 0x6e, 0x74, 0x69, 0x61, 0x6c, 0x5f, 0x31,
    0x33, 0x5f, 0x31, 0x2f, 0x6c, 0x73, 0x74, 0x6d, 0x5f, 0x31, 0x31, 0x5f,
    0x31, 0x2f, 0x77, 0x68, 0x69, 0x6c, 0x65, 0x35, 0x33, 0x00, 0x00, 0x00,
    0x02, 0x00, 0x00, 0x00, 0x01, 0x00, 0x00, 0x00, 0x10, 0x00, 0x00, 0x00,
    0x18, 0xed, 0xff, 0xff, 0x1c, 0x00, 0x00, 0x00, 0x00, 0x00, 0x00, 0x01,
    0x34, 0x00, 0x00, 0x00, 0x34, 0x00, 0x00, 0x00, 0x38, 0x00, 0x00, 0x00,
    0x00, 0x00, 0x00, 0x0e, 0xf4, 0x00, 0x00, 0x00, 0x01, 0x00, 0x00, 0x00,
    0x04, 0x00, 0x00, 0x00, 0xfe, 0xec, 0xff, 0xff, 0x00, 0x00, 0x00, 0x01,
    0x04, 0x00, 0x00, 0x00, 0x02, 0x00, 0x00, 0x00, 0x00, 0x00, 0x00, 0x00,
    0x10, 0x00, 0x00, 0x00, 0x4c, 0xe3, 0xff, 0xff, 0xc5, 0x00, 0x00, 0x00,
    0x73, 0x65, 0x71, 0x75, 0x65, 0x6e, 0x74, 0x69, 0x61, 0x6c, 0x5f, 0x31,
    0x33, 0x5f, 0x31, 0x2f, 0x6c, 0x73, 0x74, 0x6d, 0x5f, 0x31, 0x31, 0x5f,
    0x31, 0x2f, 0x77, 0x68, 0x69, 0x6c, 0x65, 0x3b, 0x73, 0x65, 0x71, 0x75,
    0x65, 0x6e, 0x74, 0x69, 0x61, 0x6c, 0x5f, 0x31, 0x33, 0x5f, 0x31, 0x2f,
    0x6c, 0x73, 0x74, 0x6d, 0x5f, 0x31, 0x31, 0x5f, 0x31, 0x2f, 0x77, 0x68,
    0x69, 0x6c, 0x65, 0x31, 0x3b, 0x73, 0x65, 0x71, 0x75, 0x65, 0x6e, 0x74,
    0x69, 0x61, 0x6c, 0x5f, 0x31, 0x33, 0x5f, 0x31, 0x2f, 0x6c, 0x73, 0x74,
    0x6d, 0x5f, 0x31, 0x31, 0x5f, 0x31, 0x2f, 0x77, 0x68, 0x69, 0x6c, 0x65,
    0x32, 0x3b, 0x73, 0x65, 0x71, 0x75, 0x65, 0x6e, 0x74, 0x69, 0x61, 0x6c,
    0x5f, 0x31, 0x33, 0x5f, 0x31, 0x2f, 0x6c, 0x73, 0x74, 0x6d, 0x5f, 0x31,
    0x31, 0x5f, 0x31, 0x2f, 0x77, 0x68, 0x69, 0x6c, 0x65, 0x33, 0x3b, 0x73,
    0x65, 0x71, 0x75, 0x65, 0x6e, 0x74, 0x69, 0x61, 0x6c, 0x5f, 0x31, 0x33,
    0x5f, 0x31, 0x2f, 0x6c, 0x73, 0x74, 0x6d, 0x5f, 0x31, 0x31, 0x5f, 0x31,
    0x2f, 0x77, 0x68, 0x69, 0x6c, 0x65, 0x34, 0x3b, 0x73, 0x65, 0x71, 0x75,
    0x65, 0x6e, 0x74, 0x69, 0x61, 0x6c, 0x5f, 0x31, 0x33, 0x5f, 0x31, 0x2f,
    0x6c, 0x73, 0x74, 0x6d, 0x5f, 0x31, 0x31, 0x5f, 0x31, 0x2f, 0x77, 0x68,
    0x69, 0x6c, 0x65, 0x35, 0x32, 0x00, 0x00, 0x00, 0x00, 0x00, 0x00, 0x00,
    0x52, 0xe4, 0xff, 0xff, 0x00, 0x00, 0x00, 0x01, 0x14, 0x00, 0x00, 0x00,
    0x14, 0x00, 0x00, 0x00, 0x37, 0x00, 0x00, 0x00, 0x00, 0x00, 0x00, 0x02,
    0xd4, 0x00, 0x00, 0x00, 0x3c, 0xe4, 0xff, 0xff, 0xc5, 0x00, 0x00, 0x00,
    0x73, 0x65, 0x71, 0x75, 0x65, 0x6e, 0x74, 0x69, 0x61, 0x6c, 0x5f, 0x31,
    0x33, 0x5f, 0x31, 0x2f, 0x6c, 0x73, 0x74, 0x6d, 0x5f, 0x31, 0x31, 0x5f,
    0x31, 0x2f, 0x77, 0x68, 0x69, 0x6c, 0x65, 0x3b, 0x73, 0x65, 0x71, 0x75,
    0x65, 0x6e, 0x74, 0x69, 0x61, 0x6c, 0x5f, 0x31, 0x33, 0x5f, 0x31, 0x2f,
    0x6c, 0x73, 0x74, 0x6d, 0x5f, 0x31, 0x31, 0x5f, 0x31, 0x2f, 0x77, 0x68,
    0x69, 0x6c, 0x65, 0x31, 0x3b, 0x73, 0x65, 0x71, 0x75, 0x65, 0x6e, 0x74,
    0x69, 0x61, 0x6c, 0x5f, 0x31, 0x33, 0x5f, 0x31, 0x2f, 0x6c, 0x73, 0x74,
    0x6d, 0x5f, 0x31, 0x31, 0x5f, 0x31, 0x2f, 0x77, 0x68, 0x69, 0x6c, 0x65,
    0x32, 0x3b, 0x73, 0x65, 0x71, 0x75, 0x65, 0x6e, 0x74, 0x69, 0x61, 0x6c,
    0x5f, 0x31, 0x33, 0x5f, 0x31, 0x2f, 0x6c, 0x73, 0x74, 0x6d, 0x5f, 0x31,
    0x31, 0x5f, 0x31, 0x2f, 0x77, 0x68, 0x69, 0x6c, 0x65, 0x33, 0x3b, 0x73,
    0x65, 0x71, 0x75, 0x65, 0x6e, 0x74, 0x69, 0x61, 0x6c, 0x5f, 0x31, 0x33,
    0x5f, 0x31, 0x2f, 0x6c, 0x73, 0x74, 0x6d, 0x5f, 0x31, 0x31, 0x5f, 0x31,
    0x2f, 0x77, 0x68, 0x69, 0x6c, 0x65, 0x34, 0x3b, 0x73, 0x65, 0x71, 0x75,
    0x65, 0x6e, 0x74, 0x69, 0x61, 0x6c, 0x5f, 0x31, 0x33, 0x5f, 0x31, 0x2f,
    0x6c, 0x73, 0x74, 0x6d, 0x5f, 0x31, 0x31, 0x5f, 0x31, 0x2f, 0x77, 0x68,
    0x69, 0x6c, 0x65, 0x35, 0x31, 0x00, 0x00, 0x00, 0x00, 0x00, 0x00, 0x00,
    0x42, 0xe5, 0xff, 0xff, 0x00, 0x00, 0x00, 0x01, 0x14, 0x00, 0x00, 0x00,
    0x14, 0x00, 0x00, 0x00, 0x36, 0x00, 0x00, 0x00, 0x00, 0x00, 0x00, 0x02,
    0xd4, 0x00, 0x00, 0x00, 0x2c, 0xe5, 0xff, 0xff, 0xc4, 0x00, 0x00, 0x00,
    0x73, 0x65, 0x71, 0x75, 0x65, 0x6e, 0x74, 0x69, 0x61, 0x6c, 0x5f, 0x31,
    0x33, 0x5f, 0x31, 0x2f, 0x6c, 0x73, 0x74, 0x6d, 0x5f, 0x31, 0x31, 0x5f,
    0x31, 0x2f, 0x77, 0x68, 0x69, 0x6c, 0x65, 0x3b, 0x73, 0x65, 0x71, 0x75,
    0x65, 0x6e, 0x74, 0x69, 0x61, 0x6c, 0x5f, 0x31, 0x33, 0x5f, 0x31, 0x2f,
    0x6c, 0x73, 0x74, 0x6d, 0x5f, 0x31, 0x31, 0x5f, 0x31, 0x2f, 0x77, 0x68,
    0x69, 0x6c, 0x65, 0x31, 0x3b, 0x73, 0x65, 0x71, 0x75, 0x65, 0x6e, 0x74,
    0x69, 0x61, 0x6c, 0x5f, 0x31, 0x33, 0x5f, 0x31, 0x2f, 0x6c, 0x73, 0x74,
    0x6d, 0x5f, 0x31, 0x31, 0x5f, 0x31, 0x2f, 0x77, 0x68, 0x69, 0x6c, 0x65,
    0x32, 0x3b, 0x73, 0x65, 0x71, 0x75, 0x65, 0x6e, 0x74, 0x69, 0x61, 0x6c,
    0x5f, 0x31, 0x33, 0x5f, 0x31, 0x2f, 0x6c, 0x73, 0x74, 0x6d, 0x5f, 0x31,
    0x31, 0x5f, 0x31, 0x2f, 0x77, 0x68, 0x69, 0x6c, 0x65, 0x33, 0x3b, 0x73,
    0x65, 0x71, 0x75, 0x65, 0x6e, 0x74, 0x69, 0x61, 0x6c, 0x5f, 0x31, 0x33,
    0x5f, 0x31, 0x2f, 0x6c, 0x73, 0x74, 0x6d, 0x5f, 0x31, 0x31, 0x5f, 0x31,
    0x2f, 0x77, 0x68, 0x69, 0x6c, 0x65, 0x34, 0x3b, 0x73, 0x65, 0x71, 0x75,
    0x65, 0x6e, 0x74, 0x69, 0x61, 0x6c, 0x5f, 0x31, 0x33, 0x5f, 0x31, 0x2f,
    0x6c, 0x73, 0x74, 0x6d, 0x5f, 0x31, 0x31, 0x5f, 0x31, 0x2f, 0x77, 0x68,
    0x69, 0x6c, 0x65, 0x35, 0x00, 0x00, 0x00, 0x00, 0x00, 0x00, 0x00, 0x00,
    0x8a, 0xf3, 0xff, 0xff, 0x00, 0x00, 0x00, 0x01, 0x14, 0x00, 0x00, 0x00,
    0x20, 0x00, 0x00, 0x00, 0x20, 0x00, 0x00, 0x00, 0x35, 0x00, 0x00, 0x00,
    0x44, 0x00, 0x00, 0x00, 0x03, 0x00, 0x00, 0x00, 0x40, 0x00, 0x00, 0x00,
    0xff, 0xff, 0xff, 0xff, 0x20, 0x00, 0x00, 0x00, 0x2c, 0xe6, 0xff, 0xff,
    0x24, 0x00, 0x00, 0x00, 0x73, 0x65, 0x71, 0x75, 0x65, 0x6e, 0x74, 0x69,
    0x61, 0x6c, 0x5f, 0x31, 0x33, 0x5f, 0x31, 0x2f, 0x6c, 0x73, 0x74, 0x6d,
    0x5f, 0x31, 0x31, 0x5f, 0x31, 0x2f, 0x74, 0x72, 0x61, 0x6e, 0x73, 0x70,
    0x6f, 0x73, 0x65, 0x31, 0x00, 0x00, 0x00, 0x00, 0x03, 0x00, 0x00, 0x00,
    0x40, 0x00, 0x00, 0x00, 0x01, 0x00, 0x00, 0x00, 0x20, 0x00, 0x00, 0x00,
    0x46, 0xe6, 0xff, 0xff, 0x00, 0x00, 0x00, 0x01, 0x18, 0x00, 0x00, 0x00,
    0x24, 0x00, 0x00, 0x00, 0x40, 0x00, 0x00, 0x00, 0x34, 0x00, 0x00, 0x00,
    0x00, 0x00, 0x00, 0x09, 0x5c, 0x00, 0x00, 0x00, 0x03, 0x00, 0x00, 0x00,
    0x40, 0x00, 0x00, 0x00, 0xff, 0xff, 0xff, 0xff, 0x20, 0x00, 0x00, 0x00,
    0x34, 0xe6, 0xff, 0xff, 0x08, 0x00, 0x00, 0x00, 0x10, 0x00, 0x00, 0x00,
    0x01, 0x00, 0x00, 0x00, 0xf7, 0xff, 0xff, 0xff, 0xff, 0xff, 0xff, 0xff,
    0x01, 0x00, 0x00, 0x00, 0xe1, 0x26, 0xa5, 0x3c, 0x23, 0x00, 0x00, 0x00,
    0x73, 0x65, 0x71, 0x75, 0x65, 0x6e, 0x74, 0x69, 0x61, 0x6c, 0x5f, 0x31,
    0x33, 0x5f, 0x31, 0x2f, 0x6c, 0x73, 0x74, 0x6d, 0x5f, 0x31, 0x31, 0x5f,
    0x31, 0x2f, 0x74, 0x72, 0x61, 0x6e, 0x73, 0x70, 0x6f, 0x73, 0x65, 0x00,
    0x03, 0x00, 0x00, 0x00, 0x40, 0x00, 0x00, 0x00, 0x01, 0x00, 0x00, 0x00,
    0x20, 0x00, 0x00, 0x00, 0x7e, 0xf4, 0xff, 0xff, 0x00, 0x00, 0x00, 0x01,
    0x14, 0x00, 0x00, 0x00, 0x1c, 0x00, 0x00, 0x00, 0x1c, 0x00, 0x00, 0x00,
    0x33, 0x00, 0x00, 0x00, 0x28, 0x00, 0x00, 0x00, 0x02, 0x00, 0x00, 0x00,
    0xff, 0xff, 0xff, 0xff, 0x10, 0x00, 0x00, 0x00, 0x1c, 0xe7, 0xff, 0xff,
    0x0f, 0x00, 0x00, 0x00, 0x74, 0x66, 0x6c, 0x2e, 0x64, 0x65, 0x71, 0x75,
    0x61, 0x6e, 0x74, 0x69, 0x7a, 0x65, 0x31, 0x00, 0x02, 0x00, 0x00, 0x00,
    0x01, 0x00, 0x00, 0x00, 0x10, 0x00, 0x00, 0x00, 0x1a, 0xe7, 0xff, 0xff,
    0x00, 0x00, 0x00, 0x01, 0x18, 0x00, 0x00, 0x00, 0x20, 0x00, 0x00, 0x00,
    0x3c, 0x00, 0x00, 0x00, 0x32, 0x00, 0x00, 0x00, 0x00, 0x00, 0x00, 0x09,
    0x54, 0x00, 0x00, 0x00, 0x02, 0x00, 0x00, 0x00, 0xff, 0xff, 0xff, 0xff,
    0x10, 0x00, 0x00, 0x00, 0x04, 0xe7, 0xff, 0xff, 0x08, 0x00, 0x00, 0x00,
    0x10, 0x00, 0x00, 0x00, 0x01, 0x00, 0x00, 0x00, 0x00, 0x00, 0x00, 0x00,
    0x00, 0x00, 0x00, 0x00, 0x01, 0x00, 0x00, 0x00, 0x7b, 0xbe, 0x06, 0x32,
    0x1f, 0x00, 0x00, 0x00, 0x73, 0x65, 0x71, 0x75, 0x65, 0x6e, 0x74, 0x69,
    0x61, 0x6c, 0x5f, 0x31, 0x33, 0x5f, 0x31, 0x2f, 0x6c, 0x73, 0x74, 0x6d,
    0x5f, 0x31, 0x31, 0x5f, 0x31, 0x2f, 0x7a, 0x65, 0x72, 0x6f, 0x73, 0x00,
    0x02, 0x00, 0x00, 0x00, 0x01, 0x00, 0x00, 0x00, 0x10, 0x00, 0x00, 0x00,
    0xee, 0xe7, 0xff, 0xff, 0x00, 0x00, 0x00, 0x01, 0x14, 0x00, 0x00, 0x00,
    0x14, 0x00, 0x00, 0x00, 0x31, 0x00, 0x00, 0x00, 0x00, 0x00, 0x00, 0x02,
    0x34, 0x00, 0x00, 0x00, 0xd8, 0xe7, 0xff, 0xff, 0x26, 0x00, 0x00, 0x00,
    0x73, 0x65, 0x71, 0x75, 0x65, 0x6e, 0x74, 0x69, 0x61, 0x6c, 0x5f, 0x31,
    0x33, 0x5f, 0x31, 0x2f, 0x6c, 0x73, 0x74, 0x6d, 0x5f, 0x31, 0x31, 0x5f,
    0x31, 0x2f, 0x7a, 0x65, 0x72, 0x6f, 0x73, 0x2f, 0x70, 0x61, 0x63, 0x6b,
    0x65, 0x64, 0x00, 0x00, 0x01, 0x00, 0x00, 0x00, 0x02, 0x00, 0x00, 0x00,
    0x42, 0xe8, 0xff, 0xff, 0x00, 0x00, 0x00, 0x01, 0x14, 0x00, 0x00, 0x00,
    0x14, 0x00, 0x00, 0x00, 0x30, 0x00, 0x00, 0x00, 0x00, 0x00, 0x00, 0x02,
    0x34, 0x00, 0x00, 0x00, 0x2c, 0xe8, 0xff, 0xff, 0x27, 0x00, 0x00, 0x00,
    0x73, 0x65, 0x71, 0x75, 0x65, 0x6e, 0x74, 0x69, 0x61, 0x6c, 0x5f, 0x31,
    0x33, 0x5f, 0x31, 0x2f, 0x6c, 0x73, 0x74, 0x6d, 0x5f, 0x31, 0x31, 0x5f,
    0x31, 0x2f, 0x73, 0x74, 0x72, 0x69, 0x64, 0x65, 0x64, 0x5f, 0x73, 0x6c,
    0x69, 0x63, 0x65, 0x00, 0x00, 0x00, 0x00, 0x00, 0x92, 0xe8, 0xff, 0xff,
    0x00, 0x00, 0x00, 0x01, 0x14, 0x00, 0x00, 0x00, 0x14, 0x00, 0x00, 0x00,
    0x2f, 0x00, 0x00, 0x00, 0x00, 0x00, 0x00, 0x02, 0x2c, 0x00, 0x00, 0x00,
    0x7c, 0xe8, 0xff, 0xff, 0x1f, 0x00, 0x00, 0x00, 0x73, 0x65, 0x71, 0x75,
    0x65, 0x6e, 0x74, 0x69, 0x61, 0x6c, 0x5f, 0x31, 0x33, 0x5f, 0x31, 0x2f,
    0x6c, 0x73, 0x74, 0x6d, 0x5f, 0x31, 0x31, 0x5f, 0x31, 0x2f, 0x53, 0x68,
    0x61, 0x70, 0x65, 0x00, 0x01, 0x00, 0x00, 0x00, 0x03, 0x00, 0x00, 0x00,
    0x86, 0xe8, 0xff, 0xff, 0x00, 0x00, 0x00, 0x01, 0x18, 0x00, 0x00, 0x00,
    0x24, 0x00, 0x00, 0x00, 0x40, 0x00, 0x00, 0x00, 0x2e, 0x00, 0x00, 0x00,
    0x00, 0x00, 0x00, 0x09, 0x74, 0x00, 0x00, 0x00, 0x03, 0x00, 0x00, 0x00,
    0xff, 0xff, 0xff, 0xff, 0x40, 0x00, 0x00, 0x00, 0x20, 0x00, 0x00, 0x00,
    0x74, 0xe8, 0xff, 0xff, 0x08, 0x00, 0x00, 0x00, 0x10, 0x00, 0x00, 0x00,
    0x01, 0x00, 0x00, 0x00, 0xf7, 0xff, 0xff, 0xff, 0xff, 0xff, 0xff, 0xff,
    0x01, 0x00, 0x00, 0x00, 0xe1, 0x26, 0xa5, 0x3c, 0x38, 0x00, 0x00, 0x00,
    0x73, 0x65, 0x71, 0x75, 0x65, 0x6e, 0x74, 0x69, 0x61, 0x6c, 0x5f, 0x31,
    0x33, 0x5f, 0x31, 0x2f, 0x62, 0x61, 0x74, 0x63, 0x68, 0x5f, 0x6e, 0x6f,
    0x72, 0x6d, 0x61, 0x6c, 0x69, 0x7a, 0x61, 0x74, 0x69, 0x6f, 0x6e, 0x5f,
    0x32, 0x35, 0x5f, 0x31, 0x2f, 0x62, 0x61, 0x74, 0x63, 0x68, 0x6e, 0x6f,
    0x72, 0x6d, 0x2f, 0x61, 0x64, 0x64, 0x5f, 0x31, 0x00, 0x00, 0x00, 0x00,
    0x03, 0x00, 0x00, 0x00, 0x01, 0x00, 0x00, 0x00, 0x40, 0x00, 0x00, 0x00,
    0x20, 0x00, 0x00, 0x00, 0x26, 0xe9, 0xff, 0xff, 0x00, 0x00, 0x00, 0x01,
    0x18, 0x00, 0x00, 0x00, 0x24, 0x00, 0x00, 0x00, 0x40, 0x00, 0x00, 0x00,
    0x2d, 0x00, 0x00, 0x00, 0x00, 0x00, 0x00, 0x09, 0x74, 0x00, 0x00, 0x00,
    0x03, 0x00, 0x00, 0x00, 0xff, 0xff, 0xff, 0xff, 0x40, 0x00, 0x00, 0x00,
    0x20, 0x00, 0x00, 0x00, 0x14, 0xe9, 0xff, 0xff, 0x08, 0x00, 0x00, 0x00,
    0x10, 0x00, 0x00, 0x00, 0x01, 0x00, 0x00, 0x00, 0x06, 0x00, 0x00, 0x00,
    0x00, 0x00, 0x00, 0x00, 0x01, 0x00, 0x00, 0x00, 0x8a, 0x7f, 0xe3, 0x3c,
    0x38, 0x00, 0x00, 0x00, 0x73, 0x65, 0x71, 0x75, 0x65, 0x6e, 0x74, 0x69,
    0x61, 0x6c, 0x5f, 0x31, 0x33, 0x5f, 0x31, 0x2f, 0x62, 0x61, 0x74, 0x63,
    0x68, 0x5f, 0x6e, 0x6f, 0x72, 0x6d, 0x61, 0x6c, 0x69, 0x7a, 0x61, 0x74,
    0x69, 0x6f, 0x6e, 0x5f, 0x32, 0x35, 0x5f, 0x31, 0x2f, 0x62, 0x61, 0x74,
    0x63, 0x68, 0x6e, 0x6f, 0x72, 0x6d, 0x2f, 0x6d, 0x75, 0x6c, 0x5f, 0x31,
    0x00, 0x00, 0x00, 0x00, 0x03, 0x00, 0x00, 0x00, 0x01, 0x00, 0x00, 0x00,
    0x40, 0x00, 0x00, 0x00, 0x20, 0x00, 0x00, 0x00, 0xc6, 0xe9, 0xff, 0xff,
    0x00, 0x00, 0x00, 0x01, 0x18, 0x00, 0x00, 0x00, 0x24, 0x00, 0x00, 0x00,
    0x44, 0x00, 0x00, 0x00, 0x2c, 0x00, 0x00, 0x00, 0x00, 0x00, 0x00, 0x09,
    0x64, 0x00, 0x00, 0x00, 0x03, 0x00, 0x00, 0x00, 0xff, 0xff, 0xff, 0xff,
    0x40, 0x00, 0x00, 0x00, 0x20, 0x00, 0x00, 0x00, 0xb4, 0xe9, 0xff, 0xff,
    0x08, 0x00, 0x00, 0x00, 0x14, 0x00, 0x00, 0x00, 0x01, 0x00, 0x00, 0x00,
    0x07, 0x00, 0x00, 0x00, 0x00, 0x00, 0x00, 0x00, 0x00, 0x00, 0x00, 0x00,
    0x01, 0x00, 0x00, 0x00, 0x7c, 0xc6, 0x9b, 0x3b, 0x25, 0x00, 0x00, 0x00,
    0x73, 0x65, 0x71, 0x75, 0x65, 0x6e, 0x74, 0x69, 0x61, 0x6c, 0x5f, 0x31,
    0x33, 0x5f, 0x31, 0x2f, 0x6c, 0x73, 0x74, 0x6d, 0x5f, 0x31, 0x30, 0x5f,
    0x31, 0x2f, 0x74, 0x72, 0x61, 0x6e, 0x73, 0x70, 0x6f, 0x73, 0x65, 0x5f,
    0x31, 0x00, 0x00, 0x00, 0x03, 0x00, 0x00, 0x00, 0x01, 0x00, 0x00, 0x00,
    0x40, 0x00, 0x00, 0x00, 0x20, 0x00, 0x00, 0x00, 0x56, 0xea, 0xff, 0xff,
    0x00, 0x00, 0x00, 0x01, 0x18, 0x00, 0x00, 0x00, 0x24, 0x00, 0x00, 0x00,
    0x44, 0x00, 0x00, 0x00, 0x2b, 0x00, 0x00, 0x00, 0x00, 0x00, 0x00, 0x09,
    0x4c, 0x00, 0x00, 0x00, 0x03, 0x00, 0x00, 0x00, 0x40, 0x00, 0x00, 0x00,
    0xff, 0xff, 0xff, 0xff, 0x20, 0x00, 0x00, 0x00, 0x44, 0xea, 0xff, 0xff,
    0x08, 0x00, 0x00, 0x00, 0x14, 0x00, 0x00, 0x00, 0x01, 0x00, 0x00, 0x00,
    0x07, 0x00, 0x00, 0x00, 0x00, 0x00, 0x00, 0x00, 0x00, 0x00, 0x00, 0x00,
    0x01, 0x00, 0x00, 0x00, 0x7c, 0xc6, 0x9b, 0x3b, 0x0c, 0x00, 0x00, 0x00,
    0x74, 0x66, 0x6c, 0x2e, 0x71, 0x75, 0x61, 0x6e, 0x74, 0x69, 0x7a, 0x65,
    0x00, 0x00, 0x00, 0x00, 0x03, 0x00, 0x00, 0x00, 0x40, 0x00, 0x00, 0x00,
    0x01, 0x00, 0x00, 0x00, 0x20, 0x00, 0x00, 0x00, 0x7e, 0xf8, 0xff, 0xff,
    0x00, 0x00, 0x00, 0x01, 0x14, 0x00, 0x00, 0x00, 0x20, 0x00, 0x00, 0x00,
    0x20, 0x00, 0x00, 0x00, 0x2a, 0x00, 0x00, 0x00, 0x5c, 0x00, 0x00, 0x00,
    0x03, 0x00, 0x00, 0x00, 0x40, 0x00, 0x00, 0x00, 0xff, 0xff, 0xff, 0xff,
    0x20, 0x00, 0x00, 0x00, 0x20, 0xeb, 0xff, 0xff, 0x3c, 0x00, 0x00, 0x00,
    0x73, 0x65, 0x71, 0x75, 0x65, 0x6e, 0x74, 0x69, 0x61, 0x6c, 0x5f, 0x31,
    0x33, 0x5f, 0x31, 0x2f, 0x6c, 0x73, 0x74, 0x6d, 0x5f, 0x31, 0x30, 0x5f,
    0x31, 0x2f, 0x54, 0x65, 0x6e, 0x73, 0x6f, 0x72, 0x41, 0x72, 0x72, 0x61,
    0x79, 0x56, 0x32, 0x53, 0x74, 0x61, 0x63, 0x6b, 0x2f, 0x54, 0x65, 0x6e,
    0x73, 0x6f, 0x72, 0x4c, 0x69, 0x73, 0x74, 0x53, 0x74, 0x61, 0x63, 0x6b,
    0x00, 0x00, 0x00, 0x00, 0x03, 0x00, 0x00, 0x00, 0x40, 0x00, 0x00, 0x00,
    0x01, 0x00, 0x00, 0x00, 0x20, 0x00, 0x00, 0x00, 0x02, 0xf9, 0xff, 0xff,
    0x00, 0x00, 0x00, 0x01, 0x14, 0x00, 0x00, 0x00, 0x20, 0x00, 0x00, 0x00,
    0x20, 0x00, 0x00, 0x00, 0x29, 0x00, 0x00, 0x00, 0xe4, 0x00, 0x00, 0x00,
    0x03, 0x00, 0x00, 0x00, 0x40, 0x00, 0x00, 0x00, 0xff, 0xff, 0xff, 0xff,
    0x01, 0x00, 0x00, 0x00, 0xa4, 0xeb, 0xff, 0xff, 0xc5, 0x00, 0x00, 0x00,
    0x73, 0x65, 0x71, 0x75, 0x65, 0x6e, 0x74, 0x69, 0x61, 0x6c, 0x5f, 0x31,
    0x33, 0x5f, 0x31, 0x2f, 0x6c, 0x73, 0x74, 0x6d, 0x5f, 0x31, 0x30, 0x5f,
    0x31, 0x2f, 0x77, 0x68, 0x69, 0x6c, 0x65, 0x3b, 0x73, 0x65, 0x71, 0x75,
    0x65, 0x6e, 0x74, 0x69, 0x61, 0x6c, 0x5f, 0x31, 0x33, 0x5f, 0x31, 0x2f,
    0x6c, 0x73, 0x74, 0x6d, 0x5f, 0x31, 0x30, 0x5f, 0x31, 0x2f, 0x77, 0x68,
    0x69, 0x6c, 0x65, 0x31, 0x3b, 0x73, 0x65, 0x71, 0x75, 0x65, 0x6e, 0x74,
    0x69, 0x61, 0x6c, 0x5f, 0x31, 0x33, 0x5f, 0x31, 0x2f, 0x6c, 0x73, 0x74,
    0x6d, 0x5f, 0x31, 0x30, 0x5f, 0x31, 0x2f, 0x77, 0x68, 0x69, 0x6c, 0x65,
    0x32, 0x3b, 0x73, 0x65, 0x71, 0x75, 0x65, 0x6e, 0x74, 0x69, 0x61, 0x6c,
    0x5f, 0x31, 0x33, 0x5f, 0x31, 0x2f, 0x6c, 0x73, 0x74, 0x6d, 0x5f, 0x31,
    0x30, 0x5f, 0x31, 0x2f, 0x77, 0x68, 0x69, 0x6c, 0x65, 0x33, 0x3b, 0x73,
    0x65, 0x71, 0x75, 0x65, 0x6e, 0x74, 0x69, 0x61, 0x6c, 0x5f, 0x31, 0x33,
    0x5f, 0x31, 0x2f, 0x6c, 0x73, 0x74, 0x6d, 0x5f, 0x31, 0x30, 0x5f, 0x31,
    0x2f, 0x77, 0x68, 0x69, 0x6c, 0x65, 0x34, 0x3b, 0x73, 0x65, 0x71, 0x75,
    0x65, 0x6e, 0x74, 0x69, 0x61, 0x6c, 0x5f, 0x31, 0x33, 0x5f, 0x31, 0x2f,
    0x6c, 0x73, 0x74, 0x6d, 0x5f, 0x31, 0x30, 0x5f, 0x31, 0x2f, 0x77, 0x68,
    0x69, 0x6c, 0x65, 0x35, 0x35, 0x00, 0x00, 0x00, 0x03, 0x00, 0x00, 0x00,
    0x40, 0x00, 0x00, 0x00, 0x01, 0x00, 0x00, 0x00, 0x01, 0x00, 0x00, 0x00,
    0x0e, 0xfa, 0xff, 0xff, 0x00, 0x00, 0x00, 0x01, 0x14, 0x00, 0x00, 0x00,
    0x1c, 0x00, 0x00, 0x00, 0x1c, 0x00, 0x00, 0x00, 0x28, 0x00, 0x00, 0x00,
    0xe0, 0x00, 0x00, 0x00, 0x02, 0x00, 0x00, 0x00, 0xff, 0xff, 0xff, 0xff,
    0x20, 0x00, 0x00, 0x00, 0xac, 0xec, 0xff, 0xff, 0xc5, 0x00, 0x00, 0x00,
    0x73, 0x65, 0x71, 0x75, 0x65, 0x6e, 0x74, 0x69, 0x61, 0x6c, 0x5f, 0x31,
    0x33, 0x5f, 0x31, 0x2f, 0x6c, 0x73, 0x74, 0x6d, 0x5f, 0x31, 0x30, 0x5f,
    0x31, 0x2f, 0x77, 0x68, 0x69, 0x6c, 0x65, 0x3b, 0x73, 0x65, 0x71, 0x75,
    0x65, 0x6e, 0x74, 0x69, 0x61, 0x6c, 0x5f, 0x31, 0x33, 0x5f, 0x31, 0x2f,
    0x6c, 0x73, 0x74, 0x6d, 0x5f, 0x31, 0x30, 0x5f, 0x31, 0x2f, 0x77, 0x68,
    0x69, 0x6c, 0x65, 0x31, 0x3b, 0x73, 0x65, 0x71, 0x75, 0x65, 0x6e, 0x74,
    0x69, 0x61, 0x6c, 0x5f, 0x31, 0x33, 0x5f, 0x31, 0x2f, 0x6c, 0x73, 0x74,
    0x6d, 0x5f, 0x31, 0x30, 0x5f, 0x31, 0x2f, 0x77, 0x68, 0x69, 0x6c, 0x65,
    0x32, 0x3b, 0x73, 0x65, 0x71, 0x75, 0x65, 0x6e, 0x74, 0x69, 0x61, 0x6c,
    0x5f, 0x31, 0x33, 0x5f, 0x31, 0x2f, 0x6c, 0x73, 0x74, 0x6d, 0x5f, 0x31,
    0x30, 0x5f, 0x31, 0x2f, 0x77, 0x68, 0x69, 0x6c, 0x65, 0x33, 0x3b, 0x73,
    0x65, 0x71, 0x75, 0x65, 0x6e, 0x74, 0x69, 0x61, 0x6c, 0x5f, 0x31, 0x33,
    0x5f, 0x31, 0x2f, 0x6c, 0x73, 0x74, 0x6d, 0x5f, 0x31, 0x30, 0x5f, 0x31,
    0x2f, 0x77, 0x68, 0x69, 0x6c, 0x65, 0x34, 0x3b, 0x73, 0x65, 0x71, 0x75,
    0x65, 0x6e, 0x74, 0x69, 0x61, 0x6c, 0x5f, 0x31, 0x33, 0x5f, 0x31, 0x2f,
    0x6c, 0x73, 0x74, 0x6d, 0x5f, 0x31, 0x30, 0x5f, 0x31, 0x2f, 0x77, 0x68,
    0x69, 0x6c, 0x65, 0x35, 0x34, 0x00, 0x00, 0x00, 0x02, 0x00, 0x00, 0x00,
    0x01, 0x00, 0x00, 0x00, 0x20, 0x00, 0x00, 0x00, 0x12, 0xfb, 0xff, 0xff,
    0x00, 0x00, 0x00, 0x01, 0x14, 0x00, 0x00, 0x00, 0x1c, 0x00, 0x00, 0x00,
    0x1c, 0x00, 0x00, 0x00, 0x27, 0x00, 0x00, 0x00, 0xe0, 0x00, 0x00, 0x00,
    0x02, 0x00, 0x00, 0x00, 0xff, 0xff, 0xff, 0xff, 0x20, 0x00, 0x00, 0x00,
    0xb0, 0xed, 0xff, 0xff, 0xc5, 0x00, 0x00, 0x00, 0x73, 0x65, 0x71, 0x75,
    0x65, 0x6e, 0x74, 0x69, 0x61, 0x6c, 0x5f, 0x31, 0x33, 0x5f, 0x31, 0x2f,
    0x6c, 0x73, 0x74, 0x6d, 0x5f, 0x31, 0x30, 0x5f, 0x31, 0x2f, 0x77, 0x68,
    0x69, 0x6c, 0x65, 0x3b, 0x73, 0x65, 0x71, 0x75, 0x65, 0x6e, 0x74, 0x69,
    0x61, 0x6c, 0x5f, 0x31, 0x33, 0x5f, 0x31, 0x2f, 0x6c, 0x73, 0x74, 0x6d,
    0x5f, 0x31, 0x30, 0x5f, 0x31, 0x2f, 0x77, 0x68, 0x69, 0x6c, 0x65, 0x31,
    0x3b, 0x73, 0x65, 0x71, 0x75, 0x65, 0x6e, 0x74, 0x69, 0x61, 0x6c, 0x5f,
    0x31, 0x33, 0x5f, 0x31, 0x2f, 0x6c, 0x73, 0x74, 0x6d, 0x5f, 0x31, 0x30,
    0x5f, 0x31, 0x2f, 0x77, 0x68, 0x69, 0x6c, 0x65, 0x32, 0x3b, 0x73, 0x65,
    0x71, 0x75, 0x65, 0x6e, 0x74, 0x69, 0x61, 0x6c, 0x5f, 0x31, 0x33, 0x5f,
    0x31, 0x2f, 0x6c, 0x73, 0x74, 0x6d, 0x5f, 0x31, 0x30, 0x5f, 0x31, 0x2f,
    0x77, 0x68, 0x69, 0x6c, 0x65, 0x33, 0x3b, 0x73, 0x65, 0x71, 0x75, 0x65,
    0x6e, 0x74, 0x69, 0x61, 0x6c, 0x5f, 0x31, 0x33, 0x5f, 0x31, 0x2f, 0x6c,
    0x73, 0x74, 0x6d, 0x5f, 0x31, 0x30, 0x5f, 0x31, 0x2f, 0x77, 0x68, 0x69,
    0x6c, 0x65, 0x34, 0x3b, 0x73, 0x65, 0x71, 0x75, 0x65, 0x6e, 0x74, 0x69,
    0x61, 0x6c, 0x5f, 0x31, 0x33, 0x5f, 0x31, 0x2f, 0x6c, 0x73, 0x74, 0x6d,
    0x5f, 0x31, 0x30, 0x5f, 0x31, 0x2f, 0x77, 0x68, 0x69, 0x6c, 0x65, 0x35,
    0x33, 0x00, 0x00, 0x00, 0x02, 0x00, 0x00, 0x00, 0x01, 0x00, 0x00, 0x00,
    0x20, 0x00, 0x00, 0x00, 0x98, 0xf8, 0xff, 0xff, 0x1c, 0x00, 0x00, 0x00,
    0x00, 0x00, 0x00, 0x01, 0x34, 0x00, 0x00, 0x00, 0x34, 0x00, 0x00, 0x00,
    0x26, 0x00, 0x00, 0x00, 0x00, 0x00, 0x00, 0x0e, 0xf4, 0x00, 0x00, 0x00,
    0x01, 0x00, 0x00, 0x00, 0x04, 0x00, 0x00, 0x00, 0x7e, 0xf8, 0xff, 0xff,
    0x00, 0x00, 0x00, 0x01, 0x04, 0x00, 0x00, 0x00, 0x02, 0x00, 0x00, 0x00,
    0x00, 0x00, 0x00, 0x00, 0x20, 0x00, 0x00, 0x00, 0xcc, 0xee, 0xff, 0xff,
    0xc5, 0x00, 0x00, 0x00, 0x73, 0x65, 0x71, 0x75, 0x65, 0x6e, 0x74, 0x69,
    0x61, 0x6c, 0x5f, 0x31, 0x33, 0x5f, 0x31, 0x2f, 0x6c, 0x73, 0x74, 0x6d,
    0x5f, 0x31, 0x30, 0x5f, 0x31, 0x2f, 0x77, 0x68, 0x69, 0x6c, 0x65, 0x3b,
    0x73, 0x65, 0x71, 0x75, 0x65, 0x6e, 0x74, 0x69, 0x61, 0x6c, 0x5f, 0x31,
    0x33, 0x5f, 0x31, 0x2f, 0x6c, 0x73, 0x74, 0x6d, 0x5f, 0x31, 0x30, 0x5f,
    0x31, 0x2f, 0x77, 0x68, 0x69, 0x6c, 0x65, 0x31, 0x3b, 0x73, 0x65, 0x71,
    0x75, 0x65, 0x6e, 0x74, 0x69, 0x61, 0x6c, 0x5f, 0x31, 0x33, 0x5f, 0x31,
    0x2f, 0x6c, 0x73, 0x74, 0x6d, 0x5f, 0x31, 0x30, 0x5f, 0x31, 0x2f, 0x77,
    0x68, 0x69, 0x6c, 0x65, 0x32, 0x3b, 0x73, 0x65, 0x71, 0x75, 0x65, 0x6e,
    0x74, 0x69, 0x61, 0x6c, 0x5f, 0x31, 0x33, 0x5f, 0x31, 0x2f, 0x6c, 0x73,
    0x74, 0x6d, 0x5f, 0x31, 0x30, 0x5f, 0x31, 0x2f, 0x77, 0x68, 0x69, 0x6c,
    0x65, 0x33, 0x3b, 0x73, 0x65, 0x71, 0x75, 0x65, 0x6e, 0x74, 0x69, 0x61,
    0x6c, 0x5f, 0x31, 0x33, 0x5f, 0x31, 0x2f, 0x6c, 0x73, 0x74, 0x6d, 0x5f,
    0x31, 0x30, 0x5f, 0x31, 0x2f, 0x77, 0x68, 0x69, 0x6c, 0x65, 0x34, 0x3b,
    0x73, 0x65, 0x71, 0x75, 0x65, 0x6e, 0x74, 0x69, 0x61, 0x6c, 0x5f, 0x31,
    0x33, 0x5f, 0x31, 0x2f, 0x6c, 0x73, 0x74, 0x6d, 0x5f, 0x31, 0x30, 0x5f,
    0x31, 0x2f, 0x77, 0x68, 0x69, 0x6c, 0x65, 0x35, 0x32, 0x00, 0x00, 0x00,
    0x00, 0x00, 0x00, 0x00, 0xd2, 0xef, 0xff, 0xff, 0x00, 0x00, 0x00, 0x01,
    0x14, 0x00, 0x00, 0x00, 0x14, 0x00, 0x00, 0x00, 0x25, 0x00, 0x00, 0x00,
    0x00, 0x00, 0x00, 0x02, 0xd4, 0x00, 0x00, 0x00, 0xbc, 0xef, 0xff, 0xff,
    0xc5, 0x00, 0x00, 0x00, 0x73, 0x65, 0x71, 0x75, 0x65, 0x6e, 0x74, 0x69,
    0x61, 0x6c, 0x5f, 0x31, 0x33, 0x5f, 0x31, 0x2f, 0x6c, 0x73, 0x74, 0x6d,
    0x5f, 0x31, 0x30, 0x5f, 0x31, 0x2f, 0x77, 0x68, 0x69, 0x6c, 0x65, 0x3b,
    0x73, 0x65, 0x71, 0x75, 0x65, 0x6e, 0x74, 0x69, 0x61, 0x6c, 0x5f, 0x31,
    0x33, 0x5f, 0x31, 0x2f, 0x6c, 0x73, 0x74, 0x6d, 0x5f, 0x31, 0x30, 0x5f,
    0x31, 0x2f, 0x77, 0x68, 0x69, 0x6c, 0x65, 0x31, 0x3b, 0x73, 0x65, 0x71,
    0x75, 0x65, 0x6e, 0x74, 0x69, 0x61, 0x6c, 0x5f, 0x31, 0x33, 0x5f, 0x31,
    0x2f, 0x6c, 0x73, 0x74, 0x6d, 0x5f, 0x31, 0x30, 0x5f, 0x31, 0x2f, 0x77,
    0x68, 0x69, 0x6c, 0x65, 0x32, 0x3b, 0x73, 0x65, 0x71, 0x75, 0x65, 0x6e,
    0x74, 0x69, 0x61, 0x6c, 0x5f, 0x31, 0x33, 0x5f, 0x31, 0x2f, 0x6c, 0x73,
    0x74, 0x6d, 0x5f, 0x31, 0x30, 0x5f, 0x31, 0x2f, 0x77, 0x68, 0x69, 0x6c,
    0x65, 0x33, 0x3b, 0x73, 0x65, 0x71, 0x75, 0x65, 0x6e, 0x74, 0x69, 0x61,
    0x6c, 0x5f, 0x31, 0x33, 0x5f, 0x31, 0x2f, 0x6c, 0x73, 0x74, 0x6d, 0x5f,
    0x31, 0x30, 0x5f, 0x31, 0x2f, 0x77, 0x68, 0x69, 0x6c, 0x65, 0x34, 0x3b,
    0x73, 0x65, 0x71, 0x75, 0x65, 0x6e, 0x74, 0x69, 0x61, 0x6c, 0x5f, 0x31,
    0x33, 0x5f, 0x31, 0x2f, 0x6c, 0x73, 0x74, 0x6d, 0x5f, 0x31, 0x30, 0x5f,
    0x31, 0x2f, 0x77, 0x68, 0x69, 0x6c, 0x65, 0x35, 0x31, 0x00, 0x00, 0x00,
    0x00, 0x00, 0x00, 0x00, 0xc2, 0xf0, 0xff, 0xff, 0x00, 0x00, 0x00, 0x01,
    0x14, 0x00, 0x00, 0x00, 0x14, 0x00, 0x00, 0x00, 0x24, 0x00, 0x00, 0x00,
    0x00, 0x00, 0x00, 0x02, 0xd4, 0x00, 0x00, 0x00, 0xac, 0xf0, 0xff, 0xff,
    0xc4, 0x00, 0x00, 0x00, 0x73, 0x65, 0x71, 0x75, 0x65, 0x6e, 0x74, 0x69,
    0x61, 0x6c, 0x5f, 0x31, 0x33, 0x5f, 0x31, 0x2f, 0x6c, 0x73, 0x74, 0x6d,
    0x5f, 0x31, 0x30, 0x5f, 0x31, 0x2f, 0x77, 0x68, 0x69, 0x6c, 0x65, 0x3b,
    0x73, 0x65, 0x71, 0x75, 0x65, 0x6e, 0x74, 0x69, 0x61, 0x6c, 0x5f, 0x31,
    0x33, 0x5f, 0x31, 0x2f, 0x6c, 0x73, 0x74, 0x6d, 0x5f, 0x31, 0x30, 0x5f,
    0x31, 0x2f, 0x77, 0x68, 0x69, 0x6c, 0x65, 0x31, 0x3b, 0x73, 0x65, 0x71,
    0x75, 0x65, 0x6e, 0x74, 0x69, 0x61, 0x6c, 0x5f, 0x31, 0x33, 0x5f, 0x31,
    0x2f, 0x6c, 0x73, 0x74, 0x6d, 0x5f, 0x31, 0x30, 0x5f, 0x31, 0x2f, 0x77,
    0x68, 0x69, 0x6c, 0x65, 0x32, 0x3b, 0x73, 0x65, 0x71, 0x75, 0x65, 0x6e,
    0x74, 0x69, 0x61, 0x6c, 0x5f, 0x31, 0x33, 0x5f, 0x31, 0x2f, 0x6c, 0x73,
    0x74, 0x6d, 0x5f, 0x31, 0x30, 0x5f, 0x31, 0x2f, 0x77, 0x68, 0x69, 0x6c,
    0x65, 0x33, 0x3b, 0x73, 0x65, 0x71, 0x75, 0x65, 0x6e, 0x74, 0x69, 0x61,
    0x6c, 0x5f, 0x31, 0x33, 0x5f, 0x31, 0x2f, 0x6c, 0x73, 0x74, 0x6d, 0x5f,
    0x31, 0x30, 0x5f, 0x31, 0x2f, 0x77, 0x68, 0x69, 0x6c, 0x65, 0x34, 0x3b,
    0x73, 0x65, 0x71, 0x75, 0x65, 0x6e, 0x74, 0x69, 0x61, 0x6c, 0x5f, 0x31,
    0x33, 0x5f, 0x31, 0x2f, 0x6c, 0x73, 0x74, 0x6d, 0x5f, 0x31, 0x30, 0x5f,
    0x31, 0x2f, 0x77, 0x68, 0x69, 0x6c, 0x65, 0x35, 0x00, 0x00, 0x00, 0x00,
    0x00, 0x00, 0x00, 0x00, 0x0a, 0xff, 0xff, 0xff, 0x00, 0x00, 0x00, 0x01,
    0x14, 0x00, 0x00, 0x00, 0x20, 0x00, 0x00, 0x00, 0x20, 0x00, 0x00, 0x00,
    0x23, 0x00, 0x00, 0x00, 0x44, 0x00, 0x00, 0x00, 0x03, 0x00, 0x00, 0x00,
    0x40, 0x00, 0x00, 0x00, 0xff, 0xff, 0xff, 0xff, 0x01, 0x00, 0x00, 0x00,
    0xac, 0xf1, 0xff, 0xff, 0x24, 0x00, 0x00, 0x00, 0x73, 0x65, 0x71, 0x75,
    0x65, 0x6e, 0x74, 0x69, 0x61, 0x6c, 0x5f, 0x31, 0x33, 0x5f, 0x31, 0x2f,
    0x6c, 0x73, 0x74, 0x6d, 0x5f, 0x31, 0x30, 0x5f, 0x31, 0x2f, 0x74, 0x72,
    0x61, 0x6e, 0x73, 0x70, 0x6f, 0x73, 0x65, 0x31, 0x00, 0x00, 0x00, 0x00,
    0x03, 0x00, 0x00, 0x00, 0x40, 0x00, 0x00, 0x00, 0x01, 0x00, 0x00, 0x00,
    0x01, 0x00, 0x00, 0x00, 0xc6, 0xf1, 0xff, 0xff, 0x00, 0x00, 0x00, 0x01,
    0x18, 0x00, 0x00, 0x00, 0x24, 0x00, 0x00, 0x00, 0x40, 0x00, 0x00, 0x00,
    0x22, 0x00, 0x00, 0x00, 0x00, 0x00, 0x00, 0x09, 0x5c, 0x00, 0x00, 0x00,
    0x03, 0x00, 0x00, 0x00, 0x40, 0x00, 0x00, 0x00, 0xff, 0xff, 0xff, 0xff,
    0x01, 0x00, 0x00, 0x00, 0xb4, 0xf1, 0xff, 0xff, 0x08, 0x00, 0x00, 0x00,
    0x10, 0x00, 0x00, 0x00, 0x01, 0x00, 0x00, 0x00, 0xe3, 0xff, 0xff, 0xff,
    0xff, 0xff, 0xff, 0xff, 0x01, 0x00, 0x00, 0x00, 0xbc, 0x75, 0xd2, 0x3b,
    0x23, 0x00, 0x00, 0x00, 0x73, 0x65, 0x71, 0x75, 0x65, 0x6e, 0x74, 0x69,
    0x61, 0x6c, 0x5f, 0x31, 0x33, 0x5f, 0x31, 0x2f, 0x6c, 0x73, 0x74, 0x6d,
    0x5f, 0x31, 0x30, 0x5f, 0x31, 0x2f, 0x74, 0x72, 0x61, 0x6e, 0x73, 0x70,
    0x6f, 0x73, 0x65, 0x00, 0x03, 0x00, 0x00, 0x00, 0x40, 0x00, 0x00, 0x00,
    0x01, 0x00, 0x00, 0x00, 0x01, 0x00, 0x00, 0x00, 0x00, 0x00, 0x16, 0x00,
    0x1c, 0x00, 0x18, 0x00, 0x00, 0x00, 0x14, 0x00, 0x10, 0x00, 0x0c, 0x00,
    0x00, 0x00, 0x00, 0x00, 0x08, 0x00, 0x07, 0x00, 0x16, 0x00, 0x00, 0x00,
    0x00, 0x00, 0x00, 0x01, 0x14, 0x00, 0x00, 0x00, 0x1c, 0x00, 0x00, 0x00,
    0x1c, 0x00, 0x00, 0x00, 0x21, 0x00, 0x00, 0x00, 0x28, 0x00, 0x00, 0x00,
    0x02, 0x00, 0x00, 0x00, 0xff, 0xff, 0xff, 0xff, 0x20, 0x00, 0x00, 0x00,
    0xb4, 0xf2, 0xff, 0xff, 0x0e, 0x00, 0x00, 0x00, 0x74, 0x66, 0x6c, 0x2e,
    0x64, 0x65, 0x71, 0x75, 0x61, 0x6e, 0x74, 0x69, 0x7a, 0x65, 0x00, 0x00,
    0x02, 0x00, 0x00, 0x00, 0x01, 0x00, 0x00, 0x00, 0x20, 0x00, 0x00, 0x00,
    0xb2, 0xf2, 0xff, 0xff, 0x00, 0x00, 0x00, 0x01, 0x18, 0x00, 0x00, 0x00,
    0x20, 0x00, 0x00, 0x00, 0x3c, 0x00, 0x00, 0x00, 0x20, 0x00, 0x00, 0x00,
    0x00, 0x00, 0x00, 0x09, 0x54, 0x00, 0x00, 0x00, 0x02, 0x00, 0x00, 0x00,
    0xff, 0xff, 0xff, 0xff, 0x20, 0x00, 0x00, 0x00, 0x9c, 0xf2, 0xff, 0xff,
    0x08, 0x00, 0x00, 0x00, 0x10, 0x00, 0x00, 0x00, 0x01, 0x00, 0x00, 0x00,
    0x00, 0x00, 0x00, 0x00, 0x00, 0x00, 0x00, 0x00, 0x01, 0x00, 0x00, 0x00,
    0x7b, 0xbe, 0x06, 0x32, 0x1f, 0x00, 0x00, 0x00, 0x73, 0x65, 0x71, 0x75,
    0x65, 0x6e, 0x74, 0x69, 0x61, 0x6c, 0x5f, 0x31, 0x33, 0x5f, 0x31, 0x2f,
    0x6c, 0x73, 0x74, 0x6d, 0x5f, 0x31, 0x30, 0x5f, 0x31, 0x2f, 0x7a, 0x65,
    0x72, 0x6f, 0x73, 0x00, 0x02, 0x00, 0x00, 0x00, 0x01, 0x00, 0x00, 0x00,
    0x20, 0x00, 0x00, 0x00, 0x86, 0xf3, 0xff, 0xff, 0x00, 0x00, 0x00, 0x01,
    0x14, 0x00, 0x00, 0x00, 0x14, 0x00, 0x00, 0x00, 0x1f, 0x00, 0x00, 0x00,
    0x00, 0x00, 0x00, 0x02, 0x34, 0x00, 0x00, 0x00, 0x70, 0xf3, 0xff, 0xff,
    0x26, 0x00, 0x00, 0x00, 0x73, 0x65, 0x71, 0x75, 0x65, 0x6e, 0x74, 0x69,
    0x61, 0x6c, 0x5f, 0x31, 0x33, 0x5f, 0x31, 0x2f, 0x6c, 0x73, 0x74, 0x6d,
    0x5f, 0x31, 0x30, 0x5f, 0x31, 0x2f, 0x7a, 0x65, 0x72, 0x6f, 0x73, 0x2f,
    0x70, 0x61, 0x63, 0x6b, 0x65, 0x64, 0x00, 0x00, 0x01, 0x00, 0x00, 0x00,
    0x02, 0x00, 0x00, 0x00, 0xda, 0xf3, 0xff, 0xff, 0x00, 0x00, 0x00, 0x01,
    0x14, 0x00, 0x00, 0x00, 0x14, 0x00, 0x00, 0x00, 0x1e, 0x00, 0x00, 0x00,
    0x00, 0x00, 0x00, 0x02, 0x34, 0x00, 0x00, 0x00, 0xc4, 0xf3, 0xff, 0xff,
    0x27, 0x00, 0x00, 0x00, 0x73, 0x65, 0x71, 0x75, 0x65, 0x6e, 0x74, 0x69,
    0x61, 0x6c, 0x5f, 0x31, 0x33, 0x5f, 0x31, 0x2f, 0x6c, 0x73, 0x74, 0x6d,
    0x5f, 0x31, 0x30, 0x5f, 0x31, 0x2f, 0x73, 0x74, 0x72, 0x69, 0x64, 0x65,
    0x64, 0x5f, 0x73, 0x6c, 0x69, 0x63, 0x65, 0x00, 0x00, 0x00, 0x00, 0x00,
    0x2a, 0xf4, 0xff, 0xff, 0x00, 0x00, 0x00, 0x01, 0x14, 0x00, 0x00, 0x00,
    0x14, 0x00, 0x00, 0x00, 0x1d, 0x00, 0x00, 0x00, 0x00, 0x00, 0x00, 0x02,
    0x2c, 0x00, 0x00, 0x00, 0x14, 0xf4, 0xff, 0xff, 0x1f, 0x00, 0x00, 0x00,
    0x73, 0x65, 0x71, 0x75, 0x65, 0x6e, 0x74, 0x69, 0x61, 0x6c, 0x5f, 0x31,
    0x33, 0x5f, 0x31, 0x2f, 0x6c, 0x73, 0x74, 0x6d, 0x5f, 0x31, 0x30, 0x5f,
    0x31, 0x2f, 0x53, 0x68, 0x61, 0x70, 0x65, 0x00, 0x01, 0x00, 0x00, 0x00,
    0x03, 0x00, 0x00, 0x00, 0x1e, 0xf4, 0xff, 0xff, 0x00, 0x00, 0x00, 0x01,
    0x18, 0x00, 0x00, 0x00, 0x24, 0x00, 0x00, 0x00, 0x40, 0x00, 0x00, 0x00,
    0x1c, 0x00, 0x00, 0x00, 0x00, 0x00, 0x00, 0x09, 0x60, 0x00, 0x00, 0x00,
    0x03, 0x00, 0x00, 0x00, 0xff, 0xff, 0xff, 0xff, 0x40, 0x00, 0x00, 0x00,
    0x01, 0x00, 0x00, 0x00, 0x0c, 0xf4, 0xff, 0xff, 0x08, 0x00, 0x00, 0x00,
    0x10, 0x00, 0x00, 0x00, 0x01, 0x00, 0x00, 0x00, 0xe3, 0xff, 0xff, 0xff,
    0xff, 0xff, 0xff, 0xff, 0x01, 0x00, 0x00, 0x00, 0xbc, 0x75, 0xd2, 0x3b,
    0x24, 0x00, 0x00, 0x00, 0x73, 0x65, 0x71, 0x75, 0x65, 0x6e, 0x74, 0x69,
    0x61, 0x6c, 0x5f, 0x31, 0x33, 0x5f, 0x31, 0x2f, 0x72, 0x65, 0x73, 0x68,
    0x61, 0x70, 0x65, 0x5f, 0x31, 0x31, 0x5f, 0x31, 0x2f, 0x52, 0x65, 0x73,
    0x68, 0x61, 0x70, 0x65, 0x00, 0x00, 0x00, 0x00, 0x03, 0x00, 0x00, 0x00,
    0x01, 0x00, 0x00, 0x00, 0x40, 0x00, 0x00, 0x00, 0x01, 0x00, 0x00, 0x00,
    0x02, 0xf5, 0xff, 0xff, 0x00, 0x00, 0x00, 0x01, 0x14, 0x00, 0x00, 0x00,
    0x14, 0x00, 0x00, 0x00, 0x1b, 0x00, 0x00, 0x00, 0x00, 0x00, 0x00, 0x02,
    0x38, 0x00, 0x00, 0x00, 0xec, 0xf4, 0xff, 0xff, 0x2a, 0x00, 0x00, 0x00,
    0x73, 0x65, 0x71, 0x75, 0x65, 0x6e, 0x74, 0x69, 0x61, 0x6c, 0x5f, 0x31,
    0x33, 0x5f, 0x31, 0x2f, 0x72, 0x65, 0x73, 0x68, 0x61, 0x70, 0x65, 0x5f,
    0x31, 0x31, 0x5f, 0x31, 0x2f, 0x52, 0x65, 0x73, 0x68, 0x61, 0x70, 0x65,
    0x2f, 0x73, 0x68, 0x61, 0x70, 0x65, 0x00, 0x00, 0x01, 0x00, 0x00, 0x00,
    0x03, 0x00, 0x00, 0x00, 0x5a, 0xf5, 0xff, 0xff, 0x00, 0x00, 0x00, 0x01,
    0x14, 0x00, 0x00, 0x00, 0x14, 0x00, 0x00, 0x00, 0x1a, 0x00, 0x00, 0x00,
    0x00, 0x00, 0x00, 0x02, 0x38, 0x00, 0x00, 0x00, 0x44, 0xf5, 0xff, 0xff,
    0x2a, 0x00, 0x00, 0x00, 0x73, 0x65, 0x71, 0x75, 0x65, 0x6e, 0x74, 0x69,
    0x61, 0x6c, 0x5f, 0x31, 0x33, 0x5f, 0x31, 0x2f, 0x72, 0x65, 0x73, 0x68,
    0x61, 0x70, 0x65, 0x5f, 0x31, 0x31, 0x5f, 0x31, 0x2f, 0x73, 0x74, 0x72,
    0x69, 0x64, 0x65, 0x64, 0x5f, 0x73, 0x6c, 0x69, 0x63, 0x65, 0x00, 0x00,
    0x00, 0x00, 0x00, 0x00, 0x88, 0xff, 0xff, 0xff, 0x1c, 0x00, 0x00, 0x00,
    0x00, 0x00, 0x00, 0x01, 0x34, 0x00, 0x00, 0x00, 0x34, 0x00, 0x00, 0x00,
    0x19, 0x00, 0x00, 0x00, 0x00, 0x00, 0x00, 0x0e, 0x58, 0x00, 0x00, 0x00,
    0x01, 0x00, 0x00, 0x00, 0x04, 0x00, 0x00, 0x00, 0x6e, 0xff, 0xff, 0xff,
    0x00, 0x00, 0x00, 0x01, 0x04, 0x00, 0x00, 0x00, 0x02, 0x00, 0x00, 0x00,
    0x00, 0x00, 0x00, 0x00, 0x10, 0x00, 0x00, 0x00, 0xbc, 0xf5, 0xff, 0xff,
    0x29, 0x00, 0x00, 0x00, 0x73, 0x65, 0x71, 0x75, 0x65, 0x6e, 0x74, 0x69,
    0x61, 0x6c, 0x5f, 0x31, 0x33, 0x5f, 0x31, 0x2f, 0x6c, 0x73, 0x74, 0x6d,
    0x5f, 0x31, 0x31, 0x5f, 0x31, 0x2f, 0x54, 0x65, 0x6e, 0x73, 0x6f, 0x72,
    0x41, 0x72, 0x72, 0x61, 0x79, 0x56, 0x32, 0x5f, 0x31, 0x00, 0x00, 0x00,
    0x00, 0x00, 0x00, 0x00, 0x18, 0x00, 0x20, 0x00, 0x1c, 0x00, 0x1b, 0x00,
    0x14, 0x00, 0x10, 0x00, 0x0c, 0x00, 0x00, 0x00, 0x00, 0x00, 0x00, 0x00,
    0x0b, 0x00, 0x04, 0x00, 0x18, 0x00, 0x00, 0x00, 0x1c, 0x00, 0x00, 0x00,
    0x00, 0x00, 0x00, 0x01, 0x40, 0x00, 0x00, 0x00, 0x40, 0x00, 0x00, 0x00,
    0x18, 0x00, 0x00, 0x00, 0x00, 0x00, 0x00, 0x0e, 0x64, 0x00, 0x00, 0x00,
    0x01, 0x00, 0x00, 0x00, 0x10, 0x00, 0x00, 0x00, 0x00, 0x00, 0x0a, 0x00,
    0x0c, 0x00, 0x08, 0x00, 0x00, 0x00, 0x07, 0x00, 0x0a, 0x00, 0x00, 0x00,
    0x00, 0x00, 0x00, 0x01, 0x04, 0x00, 0x00, 0x00, 0x02, 0x00, 0x00, 0x00,
    0x00, 0x00, 0x00, 0x00, 0x20, 0x00, 0x00, 0x00, 0x58, 0xf6, 0xff, 0xff,
    0x29, 0x00, 0x00, 0x00, 0x73, 0x65, 0x71, 0x75, 0x65, 0x6e, 0x74, 0x69,
    0x61, 0x6c, 0x5f, 0x31, 0x33, 0x5f, 0x31, 0x2f, 0x6c, 0x73, 0x74, 0x6d,
    0x5f, 0x31, 0x30, 0x5f, 0x31, 0x2f, 0x54, 0x65, 0x6e, 0x73, 0x6f, 0x72,
    0x41, 0x72, 0x72, 0x61, 0x79, 0x56, 0x32, 0x5f, 0x31, 0x00, 0x00, 0x00,
    0x00, 0x00, 0x00, 0x00, 0xc2, 0xf6, 0xff, 0xff, 0x00, 0x00, 0x00, 0x01,
    0x14, 0x00, 0x00, 0x00, 0x14, 0x00, 0x00, 0x00, 0x17, 0x00, 0x00, 0x00,
    0x00, 0x00, 0x00, 0x02, 0x30, 0x00, 0x00, 0x00, 0xac, 0xf6, 0xff, 0xff,
    0x22, 0x00, 0x00, 0x00, 0x73, 0x65, 0x71, 0x75, 0x65, 0x6e, 0x74, 0x69,
    0x61, 0x6c, 0x5f, 0x31, 0x33, 0x5f, 0x31, 0x2f, 0x72, 0x65, 0x73, 0x68,
    0x61, 0x70, 0x65, 0x5f, 0x31, 0x31, 0x5f, 0x31, 0x2f, 0x53, 0x68, 0x61,
    0x70, 0x65, 0x00, 0x00, 0x01, 0x00, 0x00, 0x00, 0x02, 0x00, 0x00, 0x00,
    0x12, 0xf7, 0xff, 0xff, 0x00, 0x00, 0x00, 0x01, 0x14, 0x00, 0x00, 0x00,
    0x30, 0x00, 0x00, 0x00, 0x15, 0x00, 0x00, 0x00, 0x00, 0x00, 0x00, 0x09,
    0x3c, 0x00, 0x00, 0x00, 0x94, 0xf6, 0xff, 0xff, 0x08, 0x00, 0x00, 0x00,
    0x10, 0x00, 0x00, 0x00, 0x01, 0x00, 0x00, 0x00, 0x00, 0x00, 0x00, 0x00,
    0x00, 0x00, 0x00, 0x00, 0x01, 0x00, 0x00, 0x00, 0x7b, 0xbe, 0x06, 0x32,
    0x12, 0x00, 0x00, 0x00, 0x74, 0x66, 0x6c, 0x2e, 0x70, 0x73, 0x65, 0x75,
    0x64, 0x6f, 0x5f, 0x71, 0x63, 0x6f, 0x6e, 0x73, 0x74, 0x37, 0x00, 0x00,
    0x00, 0x00, 0x00, 0x00, 0x6a, 0xf7, 0xff, 0xff, 0x00, 0x00, 0x00, 0x01,
    0x14, 0x00, 0x00, 0x00, 0x30, 0x00, 0x00, 0x00, 0x15, 0x00, 0x00, 0x00,
    0x00, 0x00, 0x00, 0x09, 0x3c, 0x00, 0x00, 0x00, 0xec, 0xf6, 0xff, 0xff,
    0x08, 0x00, 0x00, 0x00, 0x10, 0x00, 0x00, 0x00, 0x01, 0x00, 0x00, 0x00,
    0x00, 0x00, 0x00, 0x00, 0x00, 0x00, 0x00, 0x00, 0x01, 0x00, 0x00, 0x00,
    0x7b, 0xbe, 0x06, 0x32, 0x12, 0x00, 0x00, 0x00, 0x74, 0x66, 0x6c, 0x2e,
    0x70, 0x73, 0x65, 0x75, 0x64, 0x6f, 0x5f, 0x71, 0x63, 0x6f, 0x6e, 0x73,
    0x74, 0x36, 0x00, 0x00, 0x00, 0x00, 0x00, 0x00, 0xc2, 0xf7, 0xff, 0xff,
    0x00, 0x00, 0x00, 0x01, 0x14, 0x00, 0x00, 0x00, 0x34, 0x00, 0x00, 0x00,
    0x14, 0x00, 0x00, 0x00, 0x00, 0x00, 0x00, 0x09, 0x40, 0x00, 0x00, 0x00,
    0x44, 0xf7, 0xff, 0xff, 0x08, 0x00, 0x00, 0x00, 0x14, 0x00, 0x00, 0x00,
    0x01, 0x00, 0x00, 0x00, 0x80, 0xff, 0xff, 0xff, 0xff, 0xff, 0xff, 0xff,
    0x00, 0x00, 0x00, 0x00, 0x01, 0x00, 0x00, 0x00, 0x62, 0x9b, 0xb4, 0x3d,
    0x12, 0x00, 0x00, 0x00, 0x74, 0x66, 0x6c, 0x2e, 0x70, 0x73, 0x65, 0x75,
    0x64, 0x6f, 0x5f, 0x71, 0x63, 0x6f, 0x6e, 0x73, 0x74, 0x35, 0x00, 0x00,
    0x01, 0x00, 0x00, 0x00, 0x20, 0x00, 0x00, 0x00, 0x22, 0xf8, 0xff, 0xff,
    0x00, 0x00, 0x00, 0x01, 0x14, 0x00, 0x00, 0x00, 0x34, 0x00, 0x00, 0x00,
    0x13, 0x00, 0x00, 0x00, 0x00, 0x00, 0x00, 0x09, 0x40, 0x00, 0x00, 0x00,
    0xa4, 0xf7, 0xff, 0xff, 0x08, 0x00, 0x00, 0x00, 0x14, 0x00, 0x00, 0x00,
    0x01, 0x00, 0x00, 0x00, 0xf0, 0xff, 0xff, 0xff, 0xff, 0xff, 0xff, 0xff,
    0x00, 0x00, 0x00, 0x00, 0x01, 0x00, 0x00, 0x00, 0x0a, 0xcd, 0x3f, 0x3c,
    0x12, 0x00, 0x00, 0x00, 0x74, 0x66, 0x6c, 0x2e, 0x70, 0x73, 0x65, 0x75,
    0x64, 0x6f, 0x5f, 0x71, 0x63, 0x6f, 0x6e, 0x73, 0x74, 0x34, 0x00, 0x00,
    0x01, 0x00, 0x00, 0x00, 0x20, 0x00, 0x00, 0x00, 0x82, 0xf8, 0xff, 0xff,
    0x00, 0x00, 0x00, 0x01, 0x14, 0x00, 0x00, 0x00, 0xa8, 0x01, 0x00, 0x00,
    0x12, 0x00, 0x00, 0x00, 0x00, 0x00, 0x00, 0x09, 0xb4, 0x01, 0x00, 0x00,
    0x04, 0xf8, 0xff, 0xff, 0x08, 0x00, 0x00, 0x00, 0x0c, 0x01, 0x00, 0x00,
    0x20, 0x00, 0x00, 0x00, 0x00, 0x00, 0x00, 0x00, 0x00, 0x00, 0x00, 0x00,
    0x00, 0x00, 0x00, 0x00, 0x00, 0x00, 0x00, 0x00, 0x00, 0x00, 0x00, 0x00,
    0x00, 0x00, 0x00, 0x00, 0x00, 0x00, 0x00, 0x00, 0x00, 0x00, 0x00, 0x00,
    0x00, 0x00, 0x00, 0x00, 0x00, 0x00, 0x00, 0x00, 0x00, 0x00, 0x00, 0x00,
    0x00, 0x00, 0x00, 0x00, 0x00, 0x00, 0x00, 0x00, 0x00, 0x00, 0x00, 0x00,
    0x00, 0x00, 0x00, 0x00, 0x00, 0x00, 0x00, 0x00, 0x00, 0x00, 0x00, 0x00,
    0x00, 0x00, 0x00, 0x00, 0x00, 0x00, 0x00, 0x00, 0x00, 0x00, 0x00, 0x00,
    0x00, 0x00, 0x00, 0x00, 0x00, 0x00, 0x00, 0x00, 0x00, 0x00, 0x00, 0x00,
    0x00, 0x00, 0x00, 0x00, 0x00, 0x00, 0x00, 0x00, 0x00, 0x00, 0x00, 0x00,
    0x00, 0x00, 0x00, 0x00, 0x00, 0x00, 0x00, 0x00, 0x00, 0x00, 0x00, 0x00,
    0x00, 0x00, 0x00, 0x00, 0x00, 0x00, 0x00, 0x00, 0x00, 0x00, 0x00, 0x00,
    0x00, 0x00, 0x00, 0x00, 0x00, 0x00, 0x00, 0x00, 0x00, 0x00, 0x00, 0x00,
    0x00, 0x00, 0x00, 0x00, 0x00, 0x00, 0x00, 0x00, 0x00, 0x00, 0x00, 0x00,
    0x00, 0x00, 0x00, 0x00, 0x00, 0x00, 0x00, 0x00, 0x00, 0x00, 0x00, 0x00,
    0x00, 0x00, 0x00, 0x00, 0x00, 0x00, 0x00, 0x00, 0x00, 0x00, 0x00, 0x00,
    0x00, 0x00, 0x00, 0x00, 0x00, 0x00, 0x00, 0x00, 0x00, 0x00, 0x00, 0x00,
    0x00, 0x00, 0x00, 0x00, 0x00, 0x00, 0x00, 0x00, 0x00, 0x00, 0x00, 0x00,
    0x00, 0x00, 0x00, 0x00, 0x00, 0x00, 0x00, 0x00, 0x00, 0x00, 0x00, 0x00,
    0x00, 0x00, 0x00, 0x00, 0x00, 0x00, 0x00, 0x00, 0x00, 0x00, 0x00, 0x00,
    0x00, 0x00, 0x00, 0x00, 0x00, 0x00, 0x00, 0x00, 0x00, 0x00, 0x00, 0x00,
    0x00, 0x00, 0x00, 0x00, 0x00, 0x00, 0x00, 0x00, 0x00, 0x00, 0x00, 0x00,
    0x00, 0x00, 0x00, 0x00, 0x00, 0x00, 0x00, 0x00, 0x00, 0x00, 0x00, 0x00,
    0x20, 0x00, 0x00, 0x00, 0xcb, 0xed, 0x6c, 0x3b, 0xdf, 0xd4, 0x20, 0x3b,
    0xf5, 0xaa, 0x87, 0x3b, 0x71, 0xd6, 0x87, 0x3b, 0x9f, 0xb1, 0x35, 0x3b,
    0x93, 0xce, 0x6a, 0x3b, 0xe5, 0x19, 0x52, 0x3b, 0x3e, 0x76, 0x6f, 0x3b,
    0x8c, 0x18, 0x41, 0x3b, 0x29, 0xc4, 0x55, 0x3b, 0x6a, 0xc6, 0x39, 0x3b,
    0xf7, 0x0d, 0x31, 0x3b, 0x35, 0x16, 0x42, 0x3b, 0xfd, 0x0a, 0x8c, 0x3b,
    0xb6, 0xdd, 0x7a, 0x3b, 0xab, 0xf3, 0x6a, 0x3b, 0xb9, 0xd0, 0x2f, 0x3b,
    0x93, 0x4e, 0x44, 0x3b, 0x87, 0x79, 0x2e, 0x3b, 0xbb, 0xfd, 0x39, 0x3b,
    0x24, 0x27, 0x56, 0x3b, 0x02, 0x52, 0x7d, 0x3b, 0xde, 0x1c, 0x77, 0x3b,
    0xc4, 0x43, 0x4b, 0x3b, 0x98, 0xbd, 0x40, 0x3b, 0x03, 0x2c, 0x34, 0x3b,
    0xae, 0xc1, 0x5e, 0x3b, 0xff, 0xde, 0x51, 0x3b, 0x4a, 0xeb, 0x2a, 0x3b,
    0x2f, 0xb2, 0x86, 0x3b, 0x4a, 0x25, 0x47, 0x3b, 0x96, 0x0f, 0x39, 0x3b,
    0x12, 0x00, 0x00, 0x00, 0x74, 0x66, 0x6c, 0x2e, 0x70, 0x73, 0x65, 0x75,
    0x64, 0x6f, 0x5f, 0x71, 0x63, 0x6f, 0x6e, 0x73, 0x74, 0x33, 0x00, 0x00,
    0x02, 0x00, 0x00, 0x00, 0x20, 0x00, 0x00, 0x00, 0x10, 0x00, 0x00, 0x00,
    0x5a, 0xfa, 0xff, 0xff, 0x00, 0x00, 0x00, 0x01, 0x14, 0x00, 0x00, 0x00,
    0xa4, 0x01, 0x00, 0x00, 0x11, 0x00, 0x00, 0x00, 0x00, 0x00, 0x00, 0x02,
    0xb0, 0x01, 0x00, 0x00, 0xdc, 0xf9, 0xff, 0xff, 0x08, 0x00, 0x00, 0x00,
    0x08, 0x01, 0x00, 0x00, 0x20, 0x00, 0x00, 0x00, 0x00, 0x00, 0x00, 0x00,
    0x00, 0x00, 0x00, 0x00, 0x00, 0x00, 0x00, 0x00, 0x00, 0x00, 0x00, 0x00,
    0x00, 0x00, 0x00, 0x00, 0x00, 0x00, 0x00, 0x00, 0x00, 0x00, 0x00, 0x00,
    0x00, 0x00, 0x00, 0x00, 0x00, 0x00, 0x00, 0x00, 0x00, 0x00, 0x00, 0x00,
    0x00, 0x00, 0x00, 0x00, 0x00, 0x00, 0x00, 0x00, 0x00, 0x00, 0x00, 0x00,
    0x00, 0x00, 0x00, 0x00, 0x00, 0x00, 0x00, 0x00, 0x00, 0x00, 0x00, 0x00,
    0x00, 0x00, 0x00, 0x00, 0x00, 0x00, 0x00, 0x00, 0x00, 0x00, 0x00, 0x00,
    0x00, 0x00, 0x00, 0x00, 0x00, 0x00, 0x00, 0x00, 0x00, 0x00, 0x00, 0x00,
    0x00, 0x00, 0x00, 0x00, 0x00, 0x00, 0x00, 0x00, 0x00, 0x00, 0x00, 0x00,
    0x00, 0x00, 0x00, 0x00, 0x00, 0x00, 0x00, 0x00, 0x00, 0x00, 0x00, 0x00,
    0x00, 0x00, 0x00, 0x00, 0x00, 0x00, 0x00, 0x00, 0x00, 0x00, 0x00, 0x00,
    0x00, 0x00, 0x00, 0x00, 0x00, 0x00, 0x00, 0x00, 0x00, 0x00, 0x00, 0x00,
    0x00, 0x00, 0x00, 0x00, 0x00, 0x00, 0x00, 0x00, 0x00, 0x00, 0x00, 0x00,
    0x00, 0x00, 0x00, 0x00, 0x00, 0x00, 0x00, 0x00, 0x00, 0x00, 0x00, 0x00,
    0x00, 0x00, 0x00, 0x00, 0x00, 0x00, 0x00, 0x00, 0x00, 0x00, 0x00, 0x00,
    0x00, 0x00, 0x00, 0x00, 0x00, 0x00, 0x00, 0x00, 0x00, 0x00, 0x00, 0x00,
    0x00, 0x00, 0x00, 0x00, 0x00, 0x00, 0x00, 0x00, 0x00, 0x00, 0x00, 0x00,
    0x00, 0x00, 0x00, 0x00, 0x00, 0x00, 0x00, 0x00, 0x00, 0x00, 0x00, 0x00,
    0x00, 0x00, 0x00, 0x00, 0x00, 0x00, 0x00, 0x00, 0x00, 0x00, 0x00, 0x00,
    0x00, 0x00, 0x00, 0x00, 0x00, 0x00, 0x00, 0x00, 0x00, 0x00, 0x00, 0x00,
    0x00, 0x00, 0x00, 0x00, 0x00, 0x00, 0x00, 0x00, 0x00, 0x00, 0x00, 0x00,
    0x00, 0x00, 0x00, 0x00, 0x00, 0x00, 0x00, 0x00, 0x00, 0x00, 0x00, 0x00,
    0x20, 0x00, 0x00, 0x00, 0x5c, 0x76, 0xea, 0x37, 0x3e, 0x28, 0x9f, 0x37,
    0x65, 0x41, 0x06, 0x38, 0x6d, 0x6c, 0x06, 0x38, 0x65, 0xcd, 0xb3, 0x37,
    0xcc, 0x5c, 0xe8, 0x37, 0xf6, 0xe9, 0xcf, 0x37, 0x0f, 0xf8, 0xec, 0x37,
    0xef, 0x15, 0xbf, 0x37, 0x75, 0x8a, 0xd3, 0x37, 0x50, 0xd7, 0xb7, 0x37,
    0x1a, 0x36, 0xaf, 0x37, 0xf4, 0x10, 0xc0, 0x37, 0xc4, 0x95, 0x0a, 0x38,
    0x23, 0x41, 0xf8, 0x37, 0x81, 0x81, 0xe8, 0x37, 0x2a, 0xfc, 0xad, 0x37,
    0x67, 0x43, 0xc2, 0x37, 0x8a, 0xa8, 0xac, 0x37, 0x0d, 0x0e, 0xb8, 0x37,
    0x69, 0xec, 0xd3, 0x37, 0xe4, 0xae, 0xfa, 0x37, 0x4b, 0x8a, 0xf4, 0x37,
    0x0d, 0x26, 0xc9, 0x37, 0xed, 0xbb, 0xbe, 0x37, 0xd7, 0x4b, 0xb2, 0x37,
    0x05, 0x70, 0xdc, 0x37, 0xad, 0xaf, 0xcf, 0x37, 0xc7, 0x23, 0xa9, 0x37,
    0x36, 0x4b, 0x05, 0x38, 0x8d, 0x12, 0xc5, 0x37, 0x63, 0x22, 0xb7, 0x37,
    0x12, 0x00, 0x00, 0x00, 0x74, 0x66, 0x6c, 0x2e, 0x70, 0x73, 0x65, 0x75,
    0x64, 0x6f, 0x5f, 0x71, 0x63, 0x6f, 0x6e, 0x73, 0x74, 0x32, 0x00, 0x00,
    0x01, 0x00, 0x00, 0x00, 0x20, 0x00, 0x00, 0x00, 0x2a, 0xfc, 0xff, 0xff,
    0x00, 0x00, 0x00, 0x01, 0x14, 0x00, 0x00, 0x00, 0x58, 0x00, 0x00, 0x00,
    0x10, 0x00, 0x00, 0x00, 0x00, 0x00, 0x00, 0x09, 0x64, 0x00, 0x00, 0x00,
    0xac, 0xfb, 0xff, 0xff, 0x08, 0x00, 0x00, 0x00, 0x2c, 0x00, 0x00, 0x00,
    0x04, 0x00, 0x00, 0x00, 0x00, 0x00, 0x00, 0x00, 0x00, 0x00, 0x00, 0x00,
    0x00, 0x00, 0x00, 0x00, 0x00, 0x00, 0x00, 0x00, 0x00, 0x00, 0x00, 0x00,
    0x00, 0x00, 0x00, 0x00, 0x00, 0x00, 0x00, 0x00, 0x00, 0x00, 0x00, 0x00,
    0x00, 0x00, 0x00, 0x00, 0x04, 0x00, 0x00, 0x00, 0x83, 0x23, 0x9e, 0x3b,
    0xbe, 0xa0, 0x81, 0x3b, 0x55, 0x82, 0x90, 0x3b, 0x6e, 0xc9, 0x82, 0x3b,
    0x12, 0x00, 0x00, 0x00, 0x74, 0x66, 0x6c, 0x2e, 0x70, 0x73, 0x65, 0x75,
    0x64, 0x6f, 0x5f, 0x71, 0x63, 0x6f, 0x6e, 0x73, 0x74, 0x31, 0x00, 0x00,
    0x02, 0x00, 0x00, 0x00, 0x04, 0x00, 0x00, 0x00, 0x20, 0x00, 0x00, 0x00,
    0xb2, 0xfc, 0xff, 0xff, 0x00, 0x00, 0x00, 0x01, 0x14, 0x00, 0x00, 0x00,
    0x58, 0x00, 0x00, 0x00, 0x0f, 0x00, 0x00, 0x00, 0x00, 0x00, 0x00, 0x02,
    0x64, 0x00, 0x00, 0x00, 0x34, 0xfc, 0xff, 0xff, 0x08, 0x00, 0x00, 0x00,
    0x2c, 0x00, 0x00, 0x00, 0x04, 0x00, 0x00, 0x00, 0x00, 0x00, 0x00, 0x00,
    0x00, 0x00, 0x00, 0x00, 0x00, 0x00, 0x00, 0x00, 0x00, 0x00, 0x00, 0x00,
    0x00, 0x00, 0x00, 0x00, 0x00, 0x00, 0x00, 0x00, 0x00, 0x00, 0x00, 0x00,
    0x00, 0x00, 0x00, 0x00, 0x00, 0x00, 0x00, 0x00, 0x04, 0x00, 0x00, 0x00,
    0x96, 0xc7, 0x69, 0x38, 0xab, 0xa1, 0x3f, 0x38, 0x76, 0xa1, 0x55, 0x38,
    0x44, 0x58, 0x41, 0x38, 0x11, 0x00, 0x00, 0x00, 0x74, 0x66, 0x6c, 0x2e,
    0x70, 0x73, 0x65, 0x75, 0x64, 0x6f, 0x5f, 0x71, 0x63, 0x6f, 0x6e, 0x73,
    0x74, 0x00, 0x00, 0x00, 0x01, 0x00, 0x00, 0x00, 0x04, 0x00, 0x00, 0x00,
    0x36, 0xfd, 0xff, 0xff, 0x00, 0x00, 0x00, 0x01, 0x14, 0x00, 0x00, 0x00,
    0x14, 0x00, 0x00, 0x00, 0x0e, 0x00, 0x00, 0x00, 0x00, 0x00, 0x00, 0x02,
    0x20, 0x00, 0x00, 0x00, 0x20, 0xfd, 0xff, 0xff, 0x10, 0x00, 0x00, 0x00,
    0x61, 0x72, 0x69, 0x74, 0x68, 0x2e, 0x63, 0x6f, 0x6e, 0x73, 0x74, 0x61,
    0x6e, 0x74, 0x31, 0x32, 0x00, 0x00, 0x00, 0x00, 0x01, 0x00, 0x00, 0x00,
    0x03, 0x00, 0x00, 0x00, 0x76, 0xfd, 0xff, 0xff, 0x00, 0x00, 0x00, 0x01,
    0x14, 0x00, 0x00, 0x00, 0x14, 0x00, 0x00, 0x00, 0x0d, 0x00, 0x00, 0x00,
    0x00, 0x00, 0x00, 0x02, 0x20, 0x00, 0x00, 0x00, 0x60, 0xfd, 0xff, 0xff,
    0x10, 0x00, 0x00, 0x00, 0x61, 0x72, 0x69, 0x74, 0x68, 0x2e, 0x63, 0x6f,
    0x6e, 0x73, 0x74, 0x61, 0x6e, 0x74, 0x31, 0x31, 0x00, 0x00, 0x00, 0x00,
    0x01, 0x00, 0x00, 0x00, 0x03, 0x00, 0x00, 0x00, 0xb6, 0xfd, 0xff, 0xff,
    0x00, 0x00, 0x00, 0x01, 0x14, 0x00, 0x00, 0x00, 0x14, 0x00, 0x00, 0x00,
    0x0c, 0x00, 0x00, 0x00, 0x00, 0x00, 0x00, 0x02, 0x20, 0x00, 0x00, 0x00,
    0xa0, 0xfd, 0xff, 0xff, 0x10, 0x00, 0x00, 0x00, 0x61, 0x72, 0x69, 0x74,
    0x68, 0x2e, 0x63, 0x6f, 0x6e, 0x73, 0x74, 0x61, 0x6e, 0x74, 0x31, 0x30,
    0x00, 0x00, 0x00, 0x00, 0x01, 0x00, 0x00, 0x00, 0x03, 0x00, 0x00, 0x00,
    0xf6, 0xfd, 0xff, 0xff, 0x00, 0x00, 0x00, 0x01, 0x14, 0x00, 0x00, 0x00,
    0x14, 0x00, 0x00, 0x00, 0x0b, 0x00, 0x00, 0x00, 0x00, 0x00, 0x00, 0x02,
    0x1c, 0x00, 0x00, 0x00, 0xe0, 0xfd, 0xff, 0xff, 0x0f, 0x00, 0x00, 0x00,
    0x61, 0x72, 0x69, 0x74, 0x68, 0x2e, 0x63, 0x6f, 0x6e, 0x73, 0x74, 0x61,
    0x6e, 0x74, 0x39, 0x00, 0x00, 0x00, 0x00, 0x00, 0x2e, 0xfe, 0xff, 0xff,
    0x00, 0x00, 0x00, 0x01, 0x14, 0x00, 0x00, 0x00, 0x14, 0x00, 0x00, 0x00,
    0x06, 0x00, 0x00, 0x00, 0x00, 0x00, 0x00, 0x02, 0x1c, 0x00, 0x00, 0x00,
    0x18, 0xfe, 0xff, 0xff, 0x0f, 0x00, 0x00, 0x00, 0x61, 0x72, 0x69, 0x74,
    0x68, 0x2e, 0x63, 0x6f, 0x6e, 0x73, 0x74, 0x61, 0x6e, 0x74, 0x38, 0x00,
    0x00, 0x00, 0x00, 0x00, 0x66, 0xfe, 0xff, 0xff, 0x00, 0x00, 0x00, 0x01,
    0x14, 0x00, 0x00, 0x00, 0x14, 0x00, 0x00, 0x00, 0x09, 0x00, 0x00, 0x00,
    0x00, 0x00, 0x00, 0x02, 0x1c, 0x00, 0x00, 0x00, 0x50, 0xfe, 0xff, 0xff,
    0x0f, 0x00, 0x00, 0x00, 0x61, 0x72, 0x69, 0x74, 0x68, 0x2e, 0x63, 0x6f,
    0x6e, 0x73, 0x74, 0x61, 0x6e, 0x74, 0x37, 0x00, 0x01, 0x00, 0x00, 0x00,
    0x03, 0x00, 0x00, 0x00, 0xa2, 0xfe, 0xff, 0xff, 0x00, 0x00, 0x00, 0x01,
    0x14, 0x00, 0x00, 0x00, 0x14, 0x00, 0x00, 0x00, 0x08, 0x00, 0x00, 0x00,
    0x00, 0x00, 0x00, 0x02, 0x1c, 0x00, 0x00, 0x00, 0x8c, 0xfe, 0xff, 0xff,
    0x0f, 0x00, 0x00, 0x00, 0x61, 0x72, 0x69, 0x74, 0x68, 0x2e, 0x63, 0x6f,
    0x6e, 0x73, 0x74, 0x61, 0x6e, 0x74, 0x36, 0x00, 0x00, 0x00, 0x00, 0x00,
    0xda, 0xfe, 0xff, 0xff, 0x00, 0x00, 0x00, 0x01, 0x14, 0x00, 0x00, 0x00,
    0x14, 0x00, 0x00, 0x00, 0x05, 0x00, 0x00, 0x00, 0x00, 0x00, 0x00, 0x02,
    0x1c, 0x00, 0x00, 0x00, 0xc4, 0xfe, 0xff, 0xff, 0x0f, 0x00, 0x00, 0x00,
    0x61, 0x72, 0x69, 0x74, 0x68, 0x2e, 0x63, 0x6f, 0x6e, 0x73, 0x74, 0x61,
    0x6e, 0x74, 0x35, 0x00, 0x01, 0x00, 0x00, 0x00, 0x01, 0x00, 0x00, 0x00,
    0x16, 0xff, 0xff, 0xff, 0x00, 0x00, 0x00, 0x01, 0x14, 0x00, 0x00, 0x00,
    0x14, 0x00, 0x00, 0x00, 0x06, 0x00, 0x00, 0x00, 0x00, 0x00, 0x00, 0x02,
    0x1c, 0x00, 0x00, 0x00, 0x00, 0xff, 0xff, 0xff, 0x0f, 0x00, 0x00, 0x00,
    0x61, 0x72, 0x69, 0x74, 0x68, 0x2e, 0x63, 0x6f, 0x6e, 0x73, 0x74, 0x61,
    0x6e, 0x74, 0x34, 0x00, 0x01, 0x00, 0x00, 0x00, 0x01, 0x00, 0x00, 0x00,
    0x52, 0xff, 0xff, 0xff, 0x00, 0x00, 0x00, 0x01, 0x14, 0x00, 0x00, 0x00,
    0x14, 0x00, 0x00, 0x00, 0x05, 0x00, 0x00, 0x00, 0x00, 0x00, 0x00, 0x02,
    0x1c, 0x00, 0x00, 0x00, 0x3c, 0xff, 0xff, 0xff, 0x0f, 0x00, 0x00, 0x00,
    0x61, 0x72, 0x69, 0x74, 0x68, 0x2e, 0x63, 0x6f, 0x6e, 0x73, 0x74, 0x61,
    0x6e, 0x74, 0x33, 0x00, 0x00, 0x00, 0x00, 0x00, 0x8a, 0xff, 0xff, 0xff,
    0x00, 0x00, 0x00, 0x01, 0x14, 0x00, 0x00, 0x00, 0x14, 0x00, 0x00, 0x00,
    0x04, 0x00, 0x00, 0x00, 0x00, 0x00, 0x00, 0x02, 0x1c, 0x00, 0x00, 0x00,
    0x74, 0xff, 0xff, 0xff, 0x0f, 0x00, 0x00, 0x00, 0x61, 0x72, 0x69, 0x74,
    0x68, 0x2e, 0x63, 0x6f, 0x6e, 0x73, 0x74, 0x61, 0x6e, 0x74, 0x32, 0x00,
    0x01, 0x00, 0x00, 0x00, 0x02, 0x00, 0x00, 0x00, 0xc6, 0xff, 0xff, 0xff,
    0x00, 0x00, 0x00, 0x01, 0x14, 0x00, 0x00, 0x00, 0x14, 0x00, 0x00, 0x00,
    0x03, 0x00, 0x00, 0x00, 0x00, 0x00, 0x00, 0x02, 0x1c, 0x00, 0x00, 0x00,
    0xb0, 0xff, 0xff, 0xff, 0x0f, 0x00, 0x00, 0x00, 0x61, 0x72, 0x69, 0x74,
    0x68, 0x2e, 0x63, 0x6f, 0x6e, 0x73, 0x74, 0x61, 0x6e, 0x74, 0x31, 0x00,
    0x00, 0x00, 0x00, 0x00, 0x00, 0x00, 0x16, 0x00, 0x1c, 0x00, 0x18, 0x00,
    0x17, 0x00, 0x10, 0x00, 0x0c, 0x00, 0x08, 0x00, 0x00, 0x00, 0x00, 0x00,
    0x00, 0x00, 0x07, 0x00, 0x16, 0x00, 0x00, 0x00, 0x00, 0x00, 0x00, 0x01,
    0x18, 0x00, 0x00, 0x00, 0x18, 0x00, 0x00, 0x00, 0x02, 0x00, 0x00, 0x00,
    0x00, 0x00, 0x00, 0x02, 0x20, 0x00, 0x00, 0x00, 0x04, 0x00, 0x04, 0x00,
    0x04, 0x00, 0x00, 0x00, 0x0e, 0x00, 0x00, 0x00, 0x61, 0x72, 0x69, 0x74,
    0x68, 0x2e, 0x63, 0x6f, 0x6e, 0x73, 0x74, 0x61, 0x6e, 0x74, 0x00, 0x00,
    0x01, 0x00, 0x00, 0x00, 0x02, 0x00, 0x00, 0x00, 0x00, 0x00, 0x16, 0x00,
    0x20, 0x00, 0x1c, 0x00, 0x1b, 0x00, 0x14, 0x00, 0x10, 0x00, 0x0c, 0x00,
    0x00, 0x00, 0x00, 0x00, 0x08, 0x00, 0x07, 0x00, 0x16, 0x00, 0x00, 0x00,
    0x00, 0x00, 0x00, 0x01, 0x18, 0x00, 0x00, 0x00, 0x2c, 0x00, 0x00, 0x00,
    0x4c, 0x00, 0x00, 0x00, 0x01, 0x00, 0x00, 0x00, 0x00, 0x00, 0x00, 0x09,
    0x68, 0x00, 0x00, 0x00, 0x02, 0x00, 0x00, 0x00, 0xff, 0xff, 0xff, 0xff,
    0x40, 0x00, 0x00, 0x00, 0x0c, 0x00, 0x0c, 0x00, 0x00, 0x00, 0x00, 0x00,
    0x08, 0x00, 0x04, 0x00, 0x0c, 0x00, 0x00, 0x00, 0x08, 0x00, 0x00, 0x00,
    0x14, 0x00, 0x00, 0x00, 0x01, 0x00, 0x00, 0x00, 0xe3, 0xff, 0xff, 0xff,
    0xff, 0xff, 0xff, 0xff, 0x00, 0x00, 0x00, 0x00, 0x01, 0x00, 0x00, 0x00,
    0xbc, 0x75, 0xd2, 0x3b, 0x22, 0x00, 0x00, 0x00, 0x73, 0x65, 0x72, 0x76,
    0x69, 0x6e, 0x67, 0x5f, 0x64, 0x65, 0x66, 0x61, 0x75, 0x6c, 0x74, 0x5f,
    0x6b, 0x65, 0x72, 0x61, 0x73, 0x5f, 0x74, 0x65, 0x6e, 0x73, 0x6f, 0x72,
    0x5f, 0x31, 0x33, 0x38, 0x3a, 0x30, 0x00, 0x00, 0x02, 0x00, 0x00, 0x00,
    0x01, 0x00, 0x00, 0x00, 0x40, 0x00, 0x00, 0x00, 0x16, 0x00, 0x00, 0x00,
    0x10, 0x02, 0x00, 0x00, 0xd4, 0x01, 0x00, 0x00, 0xb4, 0x01, 0x00, 0x00,
    0x98, 0x01, 0x00, 0x00, 0x88, 0x01, 0x00, 0x00, 0x74, 0x01, 0x00, 0x00,
    0x60, 0x01, 0x00, 0x00, 0x4c, 0x01, 0x00, 0x00, 0x3c, 0x01, 0x00, 0x00,
    0x10, 0x01, 0x00, 0x00, 0x00, 0x01, 0x00, 0x00, 0xec, 0x00, 0x00, 0x00,
    0xe0, 0x00, 0x00, 0x00, 0xc4, 0x00, 0x00, 0x00, 0xa4, 0x00, 0x00, 0x00,
    0x94, 0x00, 0x00, 0x00, 0x84, 0x00, 0x00, 0x00, 0x70, 0x00, 0x00, 0x00,
    0x5c, 0x00, 0x00, 0x00, 0x48, 0x00, 0x00, 0x00, 0x34, 0x00, 0x00, 0x00,
    0x04, 0x00, 0x00, 0x00, 0x8c, 0xfe, 0xff, 0xff, 0x20, 0x00, 0x00, 0x00,
    0x08, 0x00, 0x00, 0x00, 0x00, 0x00, 0x00, 0x20, 0x15, 0x00, 0x00, 0x00,
    0x46, 0x6c, 0x65, 0x78, 0x54, 0x65, 0x6e, 0x73, 0x6f, 0x72, 0x4c, 0x69,
    0x73, 0x74, 0x53, 0x65, 0x74, 0x49, 0x74, 0x65, 0x6d, 0x00, 0x00, 0x00,
    0xd4, 0xfe, 0xff, 0xff, 0x1c, 0x00, 0x00, 0x00, 0x02, 0x00, 0x00, 0x00,
    0x00, 0x00, 0x00, 0x1c, 0xe4, 0xfe, 0xff, 0xff, 0x0e, 0x00, 0x00, 0x00,
    0x02, 0x00, 0x00, 0x00, 0x00, 0x00, 0x00, 0x0e, 0xf4, 0xfe, 0xff, 0xff,
    0x31, 0x00, 0x00, 0x00, 0x02, 0x00, 0x00, 0x00, 0x00, 0x00, 0x00, 0x31,
    0x04, 0xff, 0xff, 0xff, 0x24, 0x00, 0x00, 0x00, 0x02, 0x00, 0x00, 0x00,
    0x00, 0x00, 0x00, 0x24, 0xc0, 0xfe, 0xff, 0xff, 0x56, 0x00, 0x00, 0x00,
    0x00, 0x00, 0x00, 0x56, 0xcc, 0xfe, 0xff, 0xff, 0x3a, 0x00, 0x00, 0x00,
    0x00, 0x00, 0x00, 0x3a, 0x2c, 0xff, 0xff, 0xff, 0x19, 0x00, 0x00, 0x00,
    0x02, 0x00, 0x00, 0x00, 0x00, 0x00, 0x00, 0x19, 0x0c, 0x00, 0x0e, 0x00,
    0x0d, 0x00, 0x00, 0x00, 0x08, 0x00, 0x04, 0x00, 0x0c, 0x00, 0x00, 0x00,
    0x09, 0x00, 0x00, 0x00, 0x04, 0x00, 0x00, 0x00, 0x00, 0x09, 0x0a, 0x00,
    0x08, 0x00, 0x00, 0x00, 0x00, 0x00, 0x04, 0x00, 0x0a, 0x00, 0x00, 0x00,
    0x02, 0x00, 0x00, 0x00, 0x68, 0xff, 0xff, 0xff, 0x12, 0x00, 0x00, 0x00,
    0x02, 0x00, 0x00, 0x00, 0x00, 0x00, 0x00, 0x12, 0x24, 0xff, 0xff, 0xff,
    0x72, 0x00, 0x00, 0x00, 0x00, 0x00, 0x00, 0x72, 0x68, 0xff, 0xff, 0xff,
    0x20, 0x00, 0x00, 0x00, 0x08, 0x00, 0x00, 0x00, 0x00, 0x00, 0x00, 0x20,
    0x13, 0x00, 0x00, 0x00, 0x46, 0x6c, 0x65, 0x78, 0x54, 0x65, 0x6e, 0x73,
    0x6f, 0x72, 0x4c, 0x69, 0x73, 0x74, 0x53, 0x74, 0x61, 0x63, 0x6b, 0x00,
    0x58, 0xff, 0xff, 0xff, 0x77, 0x00, 0x00, 0x00, 0x00, 0x00, 0x00, 0x77,
    0xb8, 0xff, 0xff, 0xff, 0x27, 0x00, 0x00, 0x00, 0x02, 0x00, 0x00, 0x00,
    0x00, 0x00, 0x00, 0x27, 0xc8, 0xff, 0xff, 0xff, 0x06, 0x00, 0x00, 0x00,
    0x02, 0x00, 0x00, 0x00, 0x00, 0x00, 0x00, 0x06, 0xd8, 0xff, 0xff, 0xff,
    0x5e, 0x00, 0x00, 0x00, 0x03, 0x00, 0x00, 0x00, 0x00, 0x00, 0x00, 0x5e,
    0x94, 0xff, 0xff, 0xff, 0x16, 0x00, 0x00, 0x00, 0x00, 0x00, 0x00, 0x16,
    0xa0, 0xff, 0xff, 0xff, 0x53, 0x00, 0x00, 0x00, 0x00, 0x00, 0x00, 0x53,
    0x0c, 0x00, 0x10, 0x00, 0x0f, 0x00, 0x00, 0x00, 0x08, 0x00, 0x04, 0x00,
    0x0c, 0x00, 0x00, 0x00, 0x2d, 0x00, 0x00, 0x00, 0x02, 0x00, 0x00, 0x00,
    0x00, 0x00, 0x00, 0x2d, 0x0c, 0x00, 0x10, 0x00, 0x0f, 0x00, 0x08, 0x00,
    0x00, 0x00, 0x04, 0x00, 0x0c, 0x00, 0x00, 0x00, 0x20, 0x00, 0x00, 0x00,
    0x08, 0x00, 0x00, 0x00, 0x00, 0x00, 0x00, 0x20, 0x15, 0x00, 0x00, 0x00,
    0x46, 0x6c, 0x65, 0x78, 0x54, 0x65, 0x6e, 0x73, 0x6f, 0x72, 0x4c, 0x69,
    0x73, 0x74, 0x52, 0x65, 0x73, 0x65, 0x72, 0x76, 0x65, 0x00, 0x00, 0x00,
    0x0c, 0x00, 0x0c, 0x00, 0x0b, 0x00, 0x00, 0x00, 0x00, 0x00, 0x04, 0x00,
    0x0c, 0x00, 0x00, 0x00, 0x4d, 0x00, 0x00, 0x00, 0x00, 0x00, 0x00, 0x4d,
};

const int g_model_data_len = 42912;

#endif // MODEL_DATA_RNN_H
